# Blender 5.0.1
# www.blender.org
mtllib PR1.mtl
o 12212_Bird_v1_l2.001
v -0.295944 0.992443 -0.187372
v -0.269684 0.940811 -0.159904
v -0.286751 0.968059 -0.172933
v -0.264128 0.955220 -0.179370
v -0.270750 0.983129 -0.187199
v -0.250254 0.968517 -0.193084
v -0.266474 0.927978 -0.138731
v -0.202602 0.983311 -0.193801
v -0.214756 1.002029 -0.186288
v -0.184742 1.004841 -0.174634
v -0.177057 0.984575 -0.183845
v -0.155971 0.981593 -0.169323
v -0.228342 0.977850 -0.197376
v -0.139117 0.964020 -0.133283
v -0.143216 0.974266 -0.151646
v -0.903555 0.263240 0.045525
v 0.133302 0.676867 -0.149165
v 0.138476 0.678009 -0.146127
v 0.134211 0.664842 -0.138186
v 0.129438 0.663235 -0.141173
v 0.142121 0.679186 -0.143288
v 0.137628 0.666651 -0.135446
v 0.132052 0.657817 -0.123366
v 0.128678 0.655726 -0.125886
v 0.123948 0.653869 -0.128747
v 0.112106 0.652195 -0.098966
v 0.117885 0.649836 -0.113954
v 0.122756 0.651562 -0.111243
v 0.117475 0.653542 -0.096386
v 0.126444 0.653752 -0.109113
v 0.121587 0.655337 -0.094709
v 0.111789 0.648759 -0.117181
v 0.117971 0.652688 -0.131905
v 0.105456 0.651358 -0.102322
v 0.097798 0.651086 -0.106118
v 0.104597 0.648584 -0.120627
v 0.110899 0.652343 -0.135092
v 0.123244 0.662105 -0.144313
v 0.115879 0.661666 -0.147426
v 0.118604 0.675349 -0.155401
v 0.126652 0.675932 -0.152238
v 0.130422 0.728398 -0.090353
v 0.136301 0.732812 -0.105120
v 0.129837 0.735821 -0.106621
v 0.123698 0.731512 -0.091394
v 0.141256 0.731345 -0.119801
v 0.135291 0.734040 -0.121622
v 0.126896 0.735903 -0.124258
v 0.121019 0.738177 -0.109088
v 0.114685 0.733762 -0.093686
v 0.110042 0.739017 -0.112712
v 0.103567 0.734799 -0.097348
v 0.116473 0.736536 -0.127848
v 0.104226 0.735431 -0.132354
v 0.097406 0.737961 -0.117625
v 0.090833 0.733820 -0.102552
v 0.085560 0.724272 -0.089766
v 0.098002 0.725124 -0.084394
v 0.082738 0.710470 -0.081514
v 0.094496 0.711146 -0.076098
v 0.104941 0.710389 -0.072445
v 0.109000 0.724159 -0.080707
v 0.117992 0.722035 -0.078478
v 0.124651 0.719327 -0.077720
v 0.113531 0.708762 -0.070362
v 0.119963 0.706685 -0.069703
v 0.134015 0.710936 -0.145985
v 0.140751 0.710532 -0.143056
v 0.140714 0.694122 -0.147340
v 0.134781 0.693661 -0.150355
v 0.145458 0.709671 -0.140497
v 0.144771 0.694352 -0.144616
v 0.115271 0.709895 -0.152902
v 0.125468 0.710831 -0.149300
v 0.127242 0.693121 -0.153609
v 0.118217 0.692367 -0.156937
v 0.110438 0.725140 -0.144471
v 0.121686 0.726263 -0.140382
v 0.131340 0.725921 -0.136903
v 0.138976 0.724705 -0.134149
v 0.144334 0.722787 -0.131849
v -0.260513 0.622045 -0.249838
v -0.256312 0.594073 -0.260753
v -0.229257 0.609911 -0.253070
v -0.236029 0.634569 -0.243721
v -0.254627 0.568988 -0.279241
v -0.221387 0.592605 -0.266337
v -0.192975 0.610612 -0.251136
v -0.202895 0.625330 -0.240243
v -0.212098 0.645801 -0.233289
v -0.179126 0.637616 -0.226380
v -0.190239 0.655106 -0.221195
v -0.167806 0.624996 -0.235809
v -0.147075 0.635288 -0.222317
v -0.159306 0.646684 -0.213733
v -0.171537 0.662455 -0.209352
v -0.199357 0.674483 -0.220753
v -0.219772 0.668030 -0.231336
v -0.181729 0.679930 -0.209778
v -0.188038 0.696395 -0.215630
v -0.204722 0.692501 -0.225753
v -0.223879 0.688441 -0.235192
v -0.242346 0.660923 -0.239921
v -0.245248 0.684525 -0.242783
v -0.270890 0.681186 -0.246791
v -0.265723 0.651406 -0.244579
v 0.274541 0.553860 -0.107913
v 0.271819 0.554874 -0.108621
v 0.275191 0.549389 -0.112416
v 0.278021 0.547947 -0.111962
v 0.268935 0.557887 -0.108640
v 0.270658 0.554993 -0.111330
v 0.272025 0.554287 -0.114007
v 0.276785 0.548019 -0.114899
v 0.279637 0.546484 -0.114476
v 0.277698 0.557486 -0.115336
v 0.279464 0.549618 -0.115511
v 0.276731 0.551081 -0.115958
v 0.274878 0.558479 -0.116052
v 0.272372 0.557014 -0.115393
v 0.271972 0.561454 -0.115660
v 0.279206 0.559963 -0.113636
v 0.280669 0.552515 -0.113666
v 0.279424 0.564041 -0.111489
v 0.280367 0.559810 -0.110833
v 0.280193 0.557151 -0.109211
v 0.280723 0.549453 -0.112606
v 0.279129 0.550823 -0.110124
v 0.276050 0.556304 -0.106118
v 0.278556 0.557769 -0.106776
v 0.276290 0.560388 -0.104287
v -0.129224 0.633495 -0.248639
v -0.136729 0.631230 -0.234612
v -0.157894 0.620267 -0.248653
v -0.150487 0.622610 -0.262971
v -0.183540 0.605624 -0.265126
v -0.175905 0.608566 -0.280084
v -0.229887 0.577813 -0.314067
v -0.203265 0.592824 -0.297995
v -0.211758 0.588147 -0.281731
v -0.239096 0.571367 -0.296932
v -0.225906 0.587782 -0.331467
v -0.198958 0.602663 -0.313854
v -0.228246 0.602503 -0.350297
v -0.197925 0.618683 -0.325042
v -0.171020 0.632738 -0.304435
v -0.171598 0.617753 -0.294053
v -0.146386 0.631106 -0.276331
v -0.146546 0.644805 -0.286945
v -0.126011 0.653988 -0.273200
v -0.125384 0.641323 -0.262124
v -0.183957 0.717334 -0.242153
v -0.175899 0.719849 -0.257470
v -0.192354 0.716905 -0.266419
v -0.200142 0.714609 -0.251238
v -0.165315 0.715876 -0.270476
v -0.182302 0.712174 -0.279791
v -0.201079 0.709200 -0.290549
v -0.210057 0.714734 -0.275947
v -0.217476 0.712416 -0.260139
v -0.252175 0.709665 -0.275156
v -0.235297 0.710863 -0.268396
v -0.228660 0.713571 -0.285868
v -0.246644 0.713080 -0.293548
v -0.221287 0.707576 -0.302427
v -0.244587 0.708348 -0.316758
v -0.259899 0.700013 -0.259339
v -0.241839 0.701138 -0.253133
v -0.222596 0.703509 -0.245651
v -0.204644 0.706154 -0.236700
v -0.188448 0.709205 -0.227291
v -0.141742 0.688354 -0.281447
v -0.132005 0.670618 -0.279630
v -0.151673 0.662809 -0.292372
v -0.160389 0.682081 -0.292919
v -0.174769 0.652966 -0.308460
v -0.181705 0.674802 -0.307065
v -0.226280 0.661180 -0.340958
v -0.204302 0.667488 -0.323233
v -0.199644 0.641853 -0.327419
v -0.223792 0.633061 -0.347587
v -0.212355 0.690781 -0.314883
v -0.191050 0.694761 -0.300923
v -0.233193 0.686809 -0.331062
v -0.171123 0.699556 -0.288691
v -0.153419 0.704407 -0.278450
v -0.051525 0.672126 -0.157570
v -0.050466 0.659256 -0.166028
v -0.030355 0.659833 -0.156838
v -0.032565 0.671624 -0.149175
v -0.047714 0.650012 -0.177255
v -0.026724 0.651515 -0.167322
v -0.002080 0.652939 -0.155301
v -0.007121 0.660414 -0.145531
v -0.011055 0.671458 -0.138760
v 0.031715 0.672198 -0.116186
v 0.011029 0.671635 -0.127381
v 0.016775 0.661002 -0.133481
v 0.038794 0.661456 -0.122006
v 0.023313 0.654034 -0.142759
v 0.046471 0.654405 -0.131207
v 0.006922 0.684078 -0.125100
v -0.013427 0.684166 -0.135753
v 0.026251 0.684874 -0.114247
v 0.023607 0.697446 -0.116999
v 0.005167 0.696190 -0.127481
v -0.013620 0.696443 -0.137549
v -0.033190 0.685021 -0.145402
v -0.032005 0.697810 -0.146492
v -0.048828 0.699921 -0.153697
v -0.051055 0.686429 -0.153166
v -0.038746 0.648807 -0.202846
v -0.043540 0.646760 -0.190118
v -0.057912 0.644827 -0.196814
v -0.052934 0.646591 -0.209851
v -0.062140 0.648681 -0.183532
v -0.071588 0.647580 -0.187085
v -0.066915 0.643207 -0.200757
v -0.061677 0.644832 -0.214160
v -0.070876 0.642365 -0.218607
v -0.067025 0.643394 -0.216771
v -0.072524 0.641906 -0.203004
v -0.076787 0.640789 -0.204553
v -0.078107 0.646637 -0.189103
v -0.083162 0.645805 -0.190447
v -0.062068 0.650610 -0.228351
v -0.056796 0.651773 -0.225306
v -0.066038 0.649815 -0.230635
v -0.063194 0.662555 -0.238935
v -0.058746 0.662802 -0.235994
v -0.052954 0.663265 -0.232450
v -0.048031 0.653309 -0.220651
v -0.033919 0.655347 -0.213496
v -0.044005 0.664289 -0.227442
v -0.030001 0.665787 -0.220050
v -0.066092 0.724427 -0.181528
v -0.053825 0.720560 -0.177044
v -0.048631 0.722468 -0.190666
v -0.060540 0.726315 -0.195792
v -0.039986 0.717084 -0.171367
v -0.034975 0.719178 -0.184396
v -0.030801 0.715991 -0.197449
v -0.044207 0.718753 -0.204218
v -0.055574 0.722199 -0.210011
v -0.088533 0.731079 -0.189389
v -0.077535 0.728078 -0.185453
v -0.071331 0.730073 -0.200526
v -0.081798 0.733253 -0.205247
v -0.065552 0.725644 -0.215169
v -0.075108 0.728532 -0.220309
v -0.082926 0.720475 -0.172419
v -0.071386 0.717138 -0.169339
v -0.094098 0.723017 -0.175456
v -0.097333 0.709902 -0.166334
v -0.086660 0.708033 -0.164016
v -0.075423 0.705442 -0.161736
v -0.058946 0.713665 -0.165565
v -0.044889 0.710334 -0.160473
v -0.063069 0.702567 -0.158497
v -0.050733 0.695681 -0.229734
v -0.040722 0.694309 -0.223966
v -0.041561 0.678797 -0.228257
v -0.050922 0.678882 -0.233622
v -0.027109 0.693785 -0.216636
v -0.027774 0.679343 -0.220770
v -0.057571 0.679308 -0.237813
v -0.058500 0.697231 -0.234488
v -0.063146 0.679829 -0.241547
v -0.065344 0.698682 -0.238959
v -0.069407 0.715999 -0.231612
v -0.061174 0.713642 -0.226713
v -0.052291 0.711033 -0.221583
v -0.041651 0.708565 -0.215665
v -0.028147 0.706662 -0.208493
v -0.145719 0.670251 -0.192383
v -0.157044 0.667281 -0.199966
v -0.144531 0.652118 -0.204349
v -0.133532 0.654957 -0.197552
v -0.132094 0.641250 -0.213068
v -0.121322 0.643914 -0.206860
v -0.128016 0.672967 -0.181609
v -0.136456 0.671888 -0.186424
v -0.125093 0.656004 -0.192642
v -0.117749 0.656340 -0.188930
v -0.113534 0.644472 -0.202860
v -0.107232 0.644203 -0.199991
v -0.145682 0.689592 -0.185290
v -0.155868 0.687312 -0.192212
v -0.136223 0.691303 -0.179412
v -0.140579 0.708592 -0.183498
v -0.150982 0.706298 -0.190213
v -0.161917 0.703411 -0.197767
v -0.167518 0.684147 -0.200391
v -0.174034 0.700148 -0.206297
v -0.103677 0.641756 -0.233520
v -0.096464 0.641872 -0.230201
v -0.103763 0.640004 -0.215930
v -0.111128 0.639728 -0.219516
v -0.090835 0.641109 -0.227926
v -0.097960 0.639374 -0.213609
v -0.114145 0.639413 -0.239194
v -0.121650 0.637213 -0.225355
v -0.110337 0.646943 -0.252782
v -0.110975 0.659219 -0.263992
v -0.100236 0.661651 -0.258076
v -0.099772 0.649274 -0.247006
v -0.092385 0.649490 -0.243547
v -0.092329 0.662202 -0.254290
v -0.085929 0.661986 -0.251508
v -0.086582 0.648860 -0.241225
v -0.133927 0.730916 -0.211342
v -0.125685 0.733669 -0.228480
v -0.136901 0.730816 -0.235071
v -0.145317 0.728028 -0.218261
v -0.115784 0.729268 -0.243538
v -0.126599 0.726723 -0.249493
v -0.138065 0.723461 -0.255695
v -0.148671 0.727266 -0.241901
v -0.157044 0.724489 -0.225723
v -0.161569 0.723449 -0.249353
v -0.169823 0.720762 -0.233672
v -0.150811 0.719706 -0.262596
v -0.174357 0.712687 -0.218369
v -0.161871 0.716189 -0.209968
v -0.150416 0.719444 -0.202181
v -0.139395 0.722125 -0.195227
v -0.096746 0.699058 -0.257658
v -0.089776 0.679775 -0.257009
v -0.097119 0.679374 -0.260532
v -0.105326 0.697980 -0.261944
v -0.105895 0.678222 -0.264738
v -0.115100 0.695941 -0.266772
v -0.117079 0.675504 -0.270752
v -0.126902 0.692835 -0.273027
v -0.138688 0.708543 -0.270360
v -0.126268 0.712037 -0.263866
v -0.115550 0.714724 -0.258391
v -0.105777 0.716665 -0.253279
v -0.077036 0.673546 -0.165860
v -0.086061 0.674209 -0.167641
v -0.082681 0.658338 -0.176817
v -0.075066 0.658542 -0.175054
v -0.094044 0.674669 -0.169069
v -0.089178 0.658043 -0.178188
v -0.064816 0.658844 -0.171776
v -0.065940 0.672830 -0.162828
v -0.065416 0.688210 -0.158053
v -0.077260 0.690029 -0.161022
v -0.087520 0.691724 -0.162870
v -0.097065 0.692924 -0.164678
v -0.080194 0.640970 -0.223108
v -0.075258 0.641548 -0.220793
v -0.081581 0.639917 -0.206546
v -0.086734 0.639359 -0.208748
v -0.088727 0.645159 -0.192362
v -0.094682 0.644562 -0.194684
v -0.085314 0.640839 -0.225586
v -0.092266 0.639206 -0.211128
v -0.100897 0.644298 -0.197208
v -0.080985 0.648606 -0.238563
v -0.079790 0.661942 -0.248456
v -0.073889 0.662008 -0.245259
v -0.075573 0.648733 -0.235874
v -0.070615 0.649088 -0.233213
v -0.068324 0.662198 -0.242020
v -0.111148 0.733370 -0.199177
v -0.099737 0.732843 -0.193964
v -0.092569 0.735142 -0.210519
v -0.103470 0.735810 -0.216107
v -0.084837 0.730415 -0.225795
v -0.094914 0.731127 -0.231579
v -0.122570 0.732669 -0.204920
v -0.114501 0.735321 -0.222199
v -0.105262 0.730749 -0.237527
v -0.128135 0.723955 -0.189096
v -0.116789 0.724674 -0.183770
v -0.129840 0.710153 -0.177883
v -0.118982 0.710965 -0.173160
v -0.105378 0.724408 -0.179314
v -0.108081 0.710917 -0.169369
v -0.069188 0.680154 -0.245348
v -0.072589 0.699663 -0.243593
v -0.075675 0.680226 -0.249343
v -0.080291 0.699933 -0.248365
v -0.082530 0.680058 -0.253209
v -0.088415 0.699760 -0.253079
v -0.096263 0.717774 -0.247819
v -0.086989 0.718057 -0.242327
v -0.078030 0.717435 -0.236935
v -0.110932 0.674335 -0.173945
v -0.119566 0.673728 -0.177433
v -0.110503 0.656753 -0.185508
v -0.103236 0.657236 -0.182591
v -0.102406 0.674728 -0.171164
v -0.096023 0.657645 -0.180123
v -0.106827 0.693434 -0.167147
v -0.116687 0.693214 -0.170396
v -0.126493 0.692524 -0.174442
v 0.008895 0.653897 -0.179512
v 0.035525 0.655865 -0.166774
v 0.029896 0.652577 -0.154474
v 0.003494 0.651012 -0.167284
v 0.059811 0.656828 -0.155547
v 0.053813 0.653268 -0.143023
v -0.022019 0.648987 -0.179724
v -0.017019 0.651432 -0.192209
v -0.012506 0.657970 -0.202753
v 0.013169 0.660676 -0.190291
v -0.009207 0.668022 -0.209548
v 0.015590 0.670641 -0.197432
v 0.039636 0.662966 -0.177654
v 0.041233 0.673115 -0.185260
v 0.064879 0.674883 -0.174602
v 0.063760 0.664316 -0.166716
v -0.006925 0.713155 -0.155374
v 0.010875 0.713440 -0.145967
v 0.016623 0.716689 -0.158387
v -0.001621 0.716051 -0.167704
v 0.028675 0.715566 -0.136243
v 0.034771 0.719179 -0.148854
v 0.042015 0.718023 -0.160677
v 0.023087 0.715303 -0.170077
v 0.003952 0.714157 -0.179781
v -0.024096 0.714486 -0.164012
v -0.019096 0.716964 -0.176592
v -0.014368 0.714376 -0.189120
v -0.028706 0.707895 -0.153380
v -0.011199 0.706408 -0.144690
v 0.006763 0.706339 -0.135088
v 0.024650 0.707933 -0.125018
v 0.056772 0.700197 -0.175604
v 0.062138 0.687467 -0.177455
v 0.039576 0.685247 -0.187635
v 0.035490 0.697630 -0.185480
v 0.015300 0.682865 -0.199140
v 0.012928 0.695606 -0.196227
v -0.008528 0.694169 -0.206983
v -0.007924 0.680833 -0.210631
v -0.010759 0.706118 -0.199478
v 0.008993 0.706683 -0.189552
v 0.029744 0.708264 -0.179380
v 0.049692 0.710971 -0.169879
v 0.063443 0.674315 -0.097896
v 0.048929 0.673167 -0.106332
v 0.056443 0.661516 -0.112676
v 0.070457 0.661431 -0.105089
v 0.064466 0.653957 -0.122370
v 0.078329 0.652938 -0.115634
v 0.086341 0.676339 -0.084716
v 0.075689 0.675444 -0.090631
v 0.081911 0.661330 -0.098883
v 0.091489 0.661291 -0.093819
v 0.089045 0.651813 -0.110416
v 0.083222 0.693571 -0.080255
v 0.071376 0.691782 -0.086901
v 0.069775 0.707834 -0.088665
v 0.055803 0.704117 -0.097139
v 0.058121 0.689377 -0.094923
v 0.043249 0.686799 -0.104169
v 0.040388 0.700359 -0.106792
v 0.092221 0.654903 -0.142036
v 0.102721 0.653349 -0.138235
v 0.096267 0.649495 -0.124226
v 0.085909 0.651080 -0.128651
v 0.078305 0.656262 -0.147597
v 0.072112 0.652498 -0.134615
v 0.082363 0.664323 -0.159097
v 0.083449 0.675594 -0.167163
v 0.098027 0.675604 -0.161977
v 0.096507 0.663465 -0.153893
v 0.107332 0.662367 -0.150252
v 0.109384 0.675393 -0.158348
v 0.083380 0.734226 -0.123885
v 0.076829 0.730188 -0.109410
v 0.090699 0.732025 -0.137972
v 0.075871 0.727347 -0.144557
v 0.068193 0.729119 -0.131358
v 0.061685 0.725125 -0.117609
v 0.052019 0.723680 -0.139792
v 0.045630 0.719842 -0.126729
v 0.059642 0.722378 -0.152194
v 0.041475 0.711663 -0.114952
v 0.057204 0.716425 -0.105483
v 0.072022 0.720965 -0.096935
v 0.107978 0.691551 -0.160286
v 0.103762 0.708072 -0.157021
v 0.095688 0.690533 -0.164445
v 0.090485 0.705653 -0.161875
v 0.080589 0.689187 -0.169881
v 0.075006 0.702905 -0.167900
v 0.067590 0.714674 -0.161832
v 0.083547 0.718748 -0.154926
v 0.097812 0.722535 -0.149284
v 0.100047 0.661493 -0.089519
v 0.096071 0.676655 -0.079953
v 0.107564 0.662059 -0.086044
v 0.104618 0.676695 -0.076449
v 0.113693 0.662790 -0.083677
v 0.111647 0.676581 -0.074161
v 0.118314 0.663724 -0.082297
v 0.117016 0.676543 -0.073222
v 0.111489 0.692755 -0.069324
v 0.103560 0.693681 -0.071437
v 0.117508 0.691658 -0.068644
v 0.094101 0.694128 -0.075091
v 0.135199 0.662151 -0.119968
v 0.130068 0.658190 -0.106948
v 0.128745 0.655976 -0.107711
v 0.134113 0.660021 -0.121443
v 0.125840 0.659201 -0.093906
v 0.124212 0.657211 -0.093957
v 0.139538 0.668466 -0.133128
v 0.140276 0.670134 -0.131177
v 0.144063 0.680265 -0.140695
v 0.144736 0.681142 -0.138382
v 0.140493 0.671467 -0.129554
v 0.135666 0.663958 -0.118921
v 0.144671 0.681802 -0.136568
v 0.140504 0.672468 -0.128363
v 0.135829 0.665380 -0.118219
v 0.130752 0.660174 -0.106581
v 0.131230 0.661728 -0.106362
v 0.126729 0.660940 -0.094258
v 0.146832 0.694390 -0.142065
v 0.147526 0.694238 -0.139896
v 0.147877 0.708589 -0.138226
v 0.148614 0.707381 -0.136421
v 0.145615 0.725566 -0.117985
v 0.147967 0.718564 -0.128757
v 0.147110 0.720683 -0.130142
v 0.144445 0.728424 -0.118587
v 0.147804 0.716556 -0.127757
v 0.145115 0.720903 -0.117372
v 0.147380 0.714913 -0.127054
v 0.147342 0.694000 -0.138074
v 0.135963 0.722294 -0.091188
v 0.141289 0.726459 -0.104667
v 0.139793 0.729666 -0.104618
v 0.134250 0.725292 -0.090366
v 0.128631 0.716643 -0.078222
v 0.130593 0.714119 -0.079622
v 0.124008 0.704759 -0.070473
v 0.126134 0.703013 -0.072133
v 0.127098 0.701509 -0.074027
v 0.131352 0.712021 -0.081191
v 0.127445 0.700456 -0.075765
v 0.136375 0.719734 -0.092283
v 0.141484 0.723722 -0.105082
v 0.121337 0.690719 -0.069285
v 0.123441 0.690035 -0.070896
v 0.120487 0.676724 -0.073583
v 0.122548 0.677096 -0.074829
v 0.123271 0.666157 -0.082833
v 0.121449 0.664867 -0.082220
v 0.124335 0.667288 -0.083818
v 0.125007 0.668304 -0.084737
v 0.124262 0.677756 -0.077775
v 0.125035 0.689024 -0.074418
v 0.129409 0.663410 -0.094570
v 0.127945 0.663136 -0.094770
v 0.131762 0.662550 -0.106184
v 0.133107 0.662832 -0.105770
v 0.136241 0.666143 -0.117639
v 0.137586 0.666360 -0.117035
v 0.145832 0.682423 -0.133181
v 0.141969 0.673223 -0.126727
v 0.144973 0.672655 -0.125548
v 0.140547 0.666009 -0.115887
v 0.148760 0.681677 -0.131851
v 0.154227 0.680266 -0.129693
v 0.150397 0.671494 -0.123516
v 0.145970 0.664945 -0.114138
v 0.136187 0.662474 -0.104836
v 0.141805 0.661517 -0.103262
v 0.138487 0.661886 -0.092451
v 0.132630 0.662954 -0.093881
v 0.149124 0.703921 -0.132008
v 0.148199 0.693168 -0.134764
v 0.147038 0.693638 -0.135660
v 0.146395 0.718455 -0.116630
v 0.151924 0.711434 -0.124552
v 0.152356 0.702721 -0.130729
v 0.149931 0.716836 -0.115496
v 0.156579 0.714219 -0.113436
v 0.158313 0.709020 -0.122316
v 0.158364 0.700649 -0.128482
v 0.151268 0.692226 -0.133397
v 0.156897 0.690493 -0.131138
v 0.138044 0.715210 -0.093737
v 0.133444 0.708267 -0.083649
v 0.127976 0.699730 -0.076756
v 0.129603 0.698910 -0.077039
v 0.133410 0.697639 -0.076419
v 0.137295 0.706780 -0.082999
v 0.140351 0.695345 -0.075095
v 0.144377 0.704256 -0.081542
v 0.148901 0.710923 -0.091196
v 0.141797 0.713637 -0.092904
v 0.146276 0.717230 -0.104359
v 0.153261 0.714523 -0.102436
v 0.127236 0.688230 -0.075644
v 0.124912 0.677830 -0.078490
v 0.126507 0.677616 -0.078670
v 0.127274 0.668911 -0.085268
v 0.130637 0.668291 -0.084636
v 0.136754 0.667019 -0.083382
v 0.136507 0.675252 -0.076946
v 0.130010 0.676864 -0.078189
v 0.131000 0.687209 -0.075150
v 0.137778 0.685236 -0.073926
v 0.158889 0.669487 -0.120400
v 0.154517 0.663275 -0.111329
v 0.162980 0.677926 -0.126375
v 0.173967 0.674438 -0.122289
v 0.169692 0.666543 -0.116761
v 0.165494 0.660626 -0.108117
v 0.181894 0.662277 -0.113049
v 0.177652 0.656708 -0.104814
v 0.186374 0.669567 -0.118256
v 0.199172 0.663036 -0.114797
v 0.194464 0.656442 -0.109878
v 0.190396 0.651201 -0.102165
v 0.174355 0.653498 -0.095238
v 0.161762 0.657324 -0.097938
v 0.187413 0.648124 -0.093071
v 0.186003 0.647767 -0.083886
v 0.172446 0.653391 -0.085543
v 0.159377 0.657406 -0.087861
v 0.150569 0.659893 -0.100754
v 0.147707 0.660164 -0.090294
v 0.168410 0.705088 -0.118806
v 0.167941 0.697221 -0.124904
v 0.167273 0.709961 -0.110145
v 0.180863 0.703885 -0.106210
v 0.181360 0.699556 -0.114685
v 0.180132 0.692337 -0.120665
v 0.207723 0.677267 -0.112851
v 0.193711 0.685708 -0.116393
v 0.195719 0.692187 -0.110562
v 0.210555 0.682821 -0.107233
v 0.195981 0.695966 -0.102489
v 0.211500 0.685871 -0.099412
v 0.190455 0.677762 -0.119133
v 0.177581 0.683472 -0.123405
v 0.203740 0.670331 -0.115560
v 0.166052 0.687623 -0.127580
v 0.155722 0.700137 -0.079154
v 0.160169 0.706593 -0.088563
v 0.151609 0.691758 -0.073052
v 0.165763 0.686484 -0.070746
v 0.170157 0.694372 -0.076488
v 0.174551 0.700460 -0.085495
v 0.186241 0.686725 -0.074153
v 0.190580 0.692412 -0.082664
v 0.181662 0.679349 -0.068764
v 0.198039 0.670248 -0.067671
v 0.202747 0.676875 -0.072684
v 0.207011 0.682254 -0.080667
v 0.194073 0.695794 -0.092605
v 0.178358 0.703974 -0.095919
v 0.210091 0.685482 -0.090131
v 0.164313 0.710114 -0.099408
v 0.159891 0.668842 -0.072916
v 0.146843 0.672668 -0.074981
v 0.146472 0.664951 -0.081451
v 0.158782 0.661649 -0.079204
v 0.172611 0.657051 -0.077193
v 0.174522 0.663412 -0.071086
v 0.186948 0.650785 -0.075969
v 0.189586 0.656201 -0.070082
v 0.193471 0.662985 -0.067002
v 0.177680 0.671207 -0.067975
v 0.162268 0.677443 -0.069844
v 0.148538 0.682094 -0.071942
v 0.236842 0.610131 -0.102577
v 0.240128 0.613390 -0.107905
v 0.250212 0.597224 -0.109778
v 0.247467 0.594664 -0.105477
v 0.244435 0.616987 -0.111319
v 0.253922 0.600016 -0.112517
v 0.262107 0.583483 -0.113988
v 0.259178 0.581116 -0.111948
v 0.257258 0.578893 -0.108694
v 0.266604 0.567398 -0.113928
v 0.265519 0.564999 -0.111794
v 0.268232 0.569844 -0.115200
v 0.264326 0.564706 -0.108615
v 0.256119 0.577576 -0.104706
v 0.264142 0.564981 -0.105453
v 0.256477 0.576895 -0.100604
v 0.246198 0.592572 -0.100275
v 0.235160 0.607658 -0.096236
v 0.246556 0.591500 -0.095038
v 0.235377 0.606392 -0.089903
v 0.254697 0.623242 -0.109902
v 0.258950 0.625093 -0.106091
v 0.266874 0.606083 -0.108098
v 0.262980 0.604758 -0.111305
v 0.261630 0.625575 -0.100636
v 0.269369 0.606303 -0.103579
v 0.274777 0.588029 -0.106919
v 0.272749 0.587646 -0.110331
v 0.269613 0.586413 -0.112977
v 0.276682 0.572031 -0.112330
v 0.274436 0.570273 -0.114418
v 0.278093 0.573191 -0.109709
v 0.271247 0.570155 -0.115304
v 0.265763 0.585156 -0.114151
v 0.258521 0.602631 -0.112885
v 0.249610 0.620337 -0.111856
v 0.260068 0.621685 -0.087591
v 0.256683 0.618340 -0.082081
v 0.265540 0.600315 -0.088508
v 0.268263 0.603033 -0.092965
v 0.252258 0.614782 -0.078547
v 0.261733 0.597471 -0.085681
v 0.268952 0.581270 -0.093171
v 0.272087 0.583196 -0.095364
v 0.274213 0.585010 -0.098863
v 0.276281 0.568779 -0.101604
v 0.278114 0.569335 -0.104480
v 0.273905 0.568242 -0.099780
v 0.278678 0.571497 -0.107225
v 0.275244 0.586854 -0.102882
v 0.269630 0.605178 -0.098255
v 0.261847 0.624243 -0.094113
v 0.261879 0.577430 -0.094707
v 0.252751 0.592939 -0.087138
v 0.248954 0.591699 -0.090527
v 0.258614 0.576785 -0.097257
v 0.242190 0.608698 -0.080328
v 0.237959 0.606820 -0.084361
v 0.266203 0.564212 -0.103391
v 0.269197 0.564061 -0.101856
v 0.271638 0.566023 -0.100228
v 0.265502 0.579156 -0.093160
v 0.257231 0.594876 -0.085306
v 0.247202 0.611425 -0.078224
v 0.206588 0.648739 -0.107880
v 0.202672 0.643920 -0.100656
v 0.211449 0.654492 -0.112454
v 0.223161 0.644120 -0.111165
v 0.218290 0.639012 -0.106897
v 0.214406 0.634719 -0.100233
v 0.229448 0.627332 -0.106905
v 0.225814 0.623513 -0.100818
v 0.234156 0.631629 -0.110818
v 0.223818 0.620777 -0.093616
v 0.212074 0.631845 -0.092232
v 0.223753 0.619546 -0.086319
v 0.211706 0.630806 -0.084128
v 0.199906 0.640954 -0.092053
v 0.199115 0.640277 -0.083401
v 0.224599 0.671353 -0.105264
v 0.221138 0.666732 -0.110560
v 0.226227 0.673741 -0.097883
v 0.239652 0.659466 -0.097622
v 0.237514 0.657842 -0.104423
v 0.233500 0.654267 -0.109358
v 0.244831 0.639747 -0.109182
v 0.249084 0.642372 -0.104786
v 0.251612 0.643337 -0.098636
v 0.239548 0.635930 -0.111451
v 0.228455 0.649370 -0.111788
v 0.216504 0.660887 -0.113105
v 0.218385 0.664843 -0.072708
v 0.222497 0.669801 -0.080201
v 0.213547 0.658933 -0.067976
v 0.227926 0.645738 -0.069882
v 0.232797 0.650878 -0.074245
v 0.236778 0.655323 -0.081280
v 0.245700 0.635374 -0.077370
v 0.249432 0.639311 -0.083734
v 0.240916 0.630932 -0.073401
v 0.251525 0.642165 -0.091212
v 0.239284 0.658394 -0.089424
v 0.225338 0.672978 -0.089049
v 0.217663 0.635834 -0.072028
v 0.204031 0.646989 -0.070297
v 0.200667 0.642486 -0.075869
v 0.213843 0.632398 -0.077233
v 0.226281 0.620446 -0.079979
v 0.230415 0.623044 -0.075275
v 0.235622 0.626684 -0.072856
v 0.222632 0.640521 -0.069354
v 0.208567 0.652715 -0.067476
v -0.655684 0.743838 -0.727847
v -0.657485 0.741602 -0.733273
v -0.641715 0.740527 -0.735759
v -0.639588 0.742251 -0.730510
v -0.658787 0.740566 -0.737755
v -0.643537 0.739964 -0.740079
v -0.629209 0.743574 -0.746132
v -0.627072 0.744172 -0.742013
v -0.624782 0.745639 -0.736852
v -0.606937 0.764277 -0.755812
v -0.613165 0.753373 -0.745715
v -0.615487 0.751544 -0.750789
v -0.609129 0.761861 -0.760982
v -0.617873 0.750634 -0.754804
v -0.611603 0.760319 -0.764793
v -0.611027 0.756260 -0.739748
v -0.622623 0.748466 -0.731012
v -0.604810 0.767613 -0.749584
v -0.603138 0.771820 -0.742421
v -0.609387 0.760332 -0.733160
v -0.620766 0.752585 -0.724725
v -0.637450 0.745170 -0.724638
v -0.635323 0.749410 -0.718204
v -0.651006 0.751761 -0.714960
v -0.653459 0.747227 -0.721707
v -0.673866 0.794799 -0.784319
v -0.685690 0.787539 -0.775398
v -0.686306 0.793472 -0.771343
v -0.674233 0.801076 -0.780462
v -0.692253 0.777760 -0.765337
v -0.692859 0.783081 -0.761069
v -0.692261 0.789295 -0.754801
v -0.685642 0.800345 -0.765059
v -0.673537 0.808280 -0.774170
v -0.683644 0.807428 -0.756587
v -0.671560 0.815422 -0.765571
v -0.690154 0.795949 -0.746583
v -0.686247 0.802167 -0.736505
v -0.679824 0.813853 -0.745909
v -0.667837 0.821761 -0.754711
v -0.656147 0.819004 -0.772375
v -0.658047 0.811974 -0.780935
v -0.652793 0.825136 -0.761481
v -0.636817 0.822912 -0.764892
v -0.639845 0.817041 -0.775379
v -0.641854 0.810440 -0.783685
v -0.658982 0.804882 -0.787083
v -0.659049 0.798642 -0.790715
v -0.642941 0.803994 -0.789611
v -0.643507 0.798166 -0.793207
v -0.682937 0.762858 -0.736203
v -0.684067 0.758535 -0.742031
v -0.672116 0.748230 -0.735747
v -0.670629 0.751401 -0.730105
v -0.684231 0.755509 -0.746565
v -0.672908 0.746235 -0.740243
v -0.677445 0.773303 -0.720648
v -0.680712 0.767827 -0.728989
v -0.668480 0.755484 -0.723514
v -0.665549 0.760439 -0.716093
v -0.688551 0.782103 -0.737077
v -0.690733 0.776110 -0.744750
v -0.684926 0.787974 -0.727754
v -0.691527 0.770792 -0.750921
v -0.691235 0.766504 -0.755255
v -0.297483 0.658311 -0.415992
v -0.295959 0.636584 -0.423591
v -0.311741 0.644050 -0.440903
v -0.313481 0.665054 -0.433871
v -0.301702 0.616393 -0.428649
v -0.317201 0.624207 -0.445207
v -0.332776 0.634620 -0.461185
v -0.327576 0.653990 -0.457573
v -0.329186 0.674506 -0.450921
v -0.343909 0.666086 -0.473605
v -0.345173 0.685964 -0.467068
v -0.348849 0.647286 -0.476809
v -0.366082 0.661937 -0.492066
v -0.360925 0.679782 -0.489086
v -0.361484 0.698611 -0.482170
v -0.367413 0.715368 -0.472900
v -0.352218 0.703846 -0.458362
v -0.378429 0.727208 -0.462576
v -0.364579 0.716602 -0.449098
v -0.350632 0.706496 -0.434177
v -0.337067 0.693086 -0.442610
v -0.321774 0.684483 -0.425161
v -0.336760 0.698567 -0.417448
v -0.322018 0.695685 -0.396228
v -0.305623 0.678837 -0.406904
v -0.603986 0.600732 -0.814960
v -0.603747 0.602845 -0.813068
v -0.602902 0.597037 -0.810734
v -0.602903 0.594683 -0.812392
v -0.604798 0.606046 -0.812070
v -0.604571 0.602857 -0.810208
v -0.605678 0.600713 -0.808515
v -0.603629 0.594651 -0.809336
v -0.603510 0.592192 -0.810924
v -0.611232 0.597679 -0.810724
v -0.606319 0.595570 -0.808807
v -0.610993 0.599824 -0.808927
v -0.608498 0.601249 -0.807906
v -0.611653 0.603172 -0.808089
v -0.613011 0.598282 -0.813372
v -0.608185 0.594157 -0.812891
v -0.615136 0.600461 -0.815794
v -0.612284 0.598250 -0.816240
v -0.609562 0.597790 -0.817138
v -0.605495 0.593270 -0.813514
v -0.604671 0.595677 -0.814905
v -0.605765 0.601303 -0.817514
v -0.608184 0.599990 -0.818495
v -0.608086 0.603408 -0.819855
v -0.428382 0.675731 -0.511956
v -0.446016 0.693103 -0.525323
v -0.433172 0.700637 -0.532139
v -0.415116 0.683741 -0.518925
v -0.460928 0.707132 -0.536881
v -0.448236 0.714342 -0.543491
v -0.436530 0.723946 -0.544834
v -0.421792 0.711014 -0.534061
v -0.404072 0.695342 -0.521166
v -0.395964 0.665586 -0.504454
v -0.409827 0.657063 -0.497661
v -0.385060 0.678450 -0.506999
v -0.377137 0.647878 -0.489616
v -0.391869 0.638754 -0.483242
v -0.424481 0.653729 -0.487915
v -0.441897 0.672215 -0.501850
v -0.407932 0.635611 -0.474383
v -0.423105 0.639469 -0.464167
v -0.437875 0.656633 -0.476865
v -0.453708 0.674125 -0.489979
v -0.458565 0.689305 -0.514997
v -0.472750 0.703227 -0.526380
v -0.468792 0.690285 -0.502494
v -0.481849 0.703571 -0.513462
v -0.447809 0.757373 -0.478830
v -0.461986 0.749687 -0.471538
v -0.454579 0.741982 -0.465203
v -0.440271 0.749953 -0.472292
v -0.474353 0.739717 -0.469898
v -0.466741 0.731408 -0.463244
v -0.458433 0.723176 -0.455081
v -0.446586 0.734848 -0.457297
v -0.431736 0.743094 -0.464185
v -0.437813 0.727552 -0.448389
v -0.422344 0.736087 -0.454754
v -0.449497 0.714588 -0.446090
v -0.440279 0.705510 -0.436739
v -0.428301 0.719439 -0.438811
v -0.412019 0.728273 -0.444544
v -0.394328 0.731238 -0.452724
v -0.405987 0.739454 -0.464065
v -0.391791 0.736556 -0.474902
v -0.404242 0.745026 -0.485944
v -0.416735 0.746792 -0.474123
v -0.426334 0.754044 -0.482834
v -0.415423 0.753272 -0.495477
v -0.424717 0.761684 -0.503260
v -0.434619 0.761793 -0.489894
v -0.465437 0.694727 -0.466902
v -0.476694 0.706966 -0.477067
v -0.474896 0.696750 -0.489264
v -0.461644 0.682373 -0.477826
v -0.486736 0.717776 -0.485715
v -0.486565 0.708902 -0.499142
v -0.442403 0.668415 -0.445617
v -0.453757 0.681702 -0.456056
v -0.447980 0.666821 -0.465841
v -0.434924 0.651368 -0.454246
v -0.454610 0.698465 -0.449005
v -0.464522 0.709047 -0.458790
v -0.444589 0.687454 -0.439474
v -0.474076 0.719121 -0.467798
v -0.482687 0.728547 -0.475231
v -0.500829 0.789878 -0.601960
v -0.499628 0.775889 -0.604881
v -0.509716 0.779332 -0.617021
v -0.510981 0.792759 -0.614401
v -0.502386 0.762577 -0.604605
v -0.512344 0.766306 -0.616542
v -0.524221 0.770835 -0.631164
v -0.521506 0.783492 -0.631771
v -0.522707 0.796610 -0.629151
v -0.534338 0.788083 -0.647535
v -0.535376 0.800977 -0.645099
v -0.537193 0.775590 -0.646872
v -0.550502 0.780305 -0.662065
v -0.547506 0.792699 -0.662974
v -0.548576 0.805328 -0.660735
v -0.553302 0.816438 -0.655951
v -0.540048 0.812227 -0.640056
v -0.561066 0.823770 -0.649192
v -0.547779 0.819855 -0.633194
v -0.535023 0.816024 -0.617168
v -0.527324 0.808097 -0.624132
v -0.515686 0.804616 -0.609254
v -0.523330 0.812747 -0.602219
v -0.513199 0.810797 -0.589352
v -0.505544 0.802184 -0.596553
v -0.519061 0.745148 -0.594008
v -0.509384 0.752079 -0.600609
v -0.502193 0.748914 -0.593133
v -0.512043 0.741816 -0.586483
v -0.494967 0.759717 -0.596917
v -0.489447 0.757631 -0.592136
v -0.497150 0.746244 -0.588553
v -0.493376 0.743926 -0.585862
v -0.503963 0.736415 -0.579143
v -0.485195 0.755800 -0.588960
v -0.481214 0.753979 -0.586309
v -0.490014 0.741750 -0.583545
v -0.515233 0.733794 -0.570104
v -0.518421 0.736430 -0.573320
v -0.512554 0.731311 -0.567364
v -0.522976 0.734678 -0.556259
v -0.525687 0.737125 -0.559858
v -0.528767 0.739527 -0.563896
v -0.522976 0.739301 -0.578148
v -0.529875 0.742625 -0.585887
v -0.533116 0.742153 -0.569443
v -0.539928 0.745206 -0.577593
v -0.534457 0.810675 -0.572681
v -0.544426 0.803617 -0.565912
v -0.537255 0.803248 -0.554932
v -0.526896 0.810486 -0.561956
v -0.551521 0.793034 -0.561734
v -0.544752 0.792193 -0.550917
v -0.539849 0.791967 -0.541581
v -0.531755 0.803567 -0.545514
v -0.520756 0.811231 -0.552708
v -0.526798 0.803708 -0.536580
v -0.515060 0.811884 -0.544127
v -0.535586 0.791608 -0.532925
v -0.530878 0.790502 -0.523998
v -0.521200 0.803144 -0.527360
v -0.508584 0.811634 -0.535222
v -0.502500 0.815005 -0.554051
v -0.508901 0.814072 -0.561989
v -0.495514 0.814993 -0.545805
v -0.484312 0.812018 -0.557514
v -0.491482 0.812020 -0.564601
v -0.498164 0.811155 -0.571669
v -0.515474 0.813235 -0.570634
v -0.523447 0.813304 -0.580977
v -0.505041 0.810509 -0.579508
v -0.541592 0.762278 -0.547482
v -0.545985 0.763899 -0.555174
v -0.540999 0.751104 -0.561490
v -0.536704 0.748884 -0.554957
v -0.552689 0.765945 -0.564728
v -0.547757 0.753653 -0.570343
v -0.533580 0.746842 -0.549737
v -0.538370 0.760770 -0.540915
v -0.530608 0.744608 -0.544690
v -0.534965 0.758880 -0.534373
v -0.535296 0.774977 -0.526918
v -0.539234 0.776468 -0.534867
v -0.542868 0.777441 -0.542676
v -0.547457 0.778378 -0.551344
v -0.554084 0.779828 -0.561633
v -0.437226 0.763183 -0.542833
v -0.430839 0.755686 -0.537167
v -0.437209 0.744234 -0.547569
v -0.443966 0.750717 -0.553690
v -0.422000 0.746729 -0.529996
v -0.427536 0.735482 -0.539798
v -0.446790 0.732771 -0.553215
v -0.453839 0.738321 -0.559657
v -0.447583 0.774578 -0.553078
v -0.442453 0.769339 -0.547903
v -0.449084 0.755410 -0.558842
v -0.453618 0.759157 -0.563684
v -0.458915 0.741827 -0.564795
v -0.462993 0.744313 -0.569438
v -0.445843 0.787892 -0.539284
v -0.440139 0.781286 -0.533840
v -0.449593 0.796622 -0.524108
v -0.443260 0.788920 -0.518514
v -0.437741 0.780016 -0.513757
v -0.434782 0.773607 -0.528978
v -0.428688 0.765177 -0.523634
v -0.420804 0.756118 -0.517132
v -0.431842 0.770771 -0.509011
v -0.478432 0.720758 -0.552491
v -0.483313 0.723368 -0.557727
v -0.470805 0.730861 -0.564028
v -0.466001 0.728138 -0.558832
v -0.487000 0.724901 -0.562170
v -0.474656 0.732716 -0.568572
v -0.471339 0.715861 -0.545718
v -0.458843 0.722965 -0.552153
v -0.482771 0.712006 -0.535094
v -0.491404 0.712381 -0.521637
v -0.498160 0.717928 -0.527869
v -0.489712 0.717095 -0.541696
v -0.494636 0.719922 -0.546962
v -0.503236 0.721401 -0.532912
v -0.507510 0.723813 -0.537475
v -0.498465 0.721652 -0.551443
v -0.460419 0.775914 -0.487140
v -0.466698 0.785271 -0.491212
v -0.481353 0.776708 -0.483270
v -0.474825 0.767695 -0.479396
v -0.473736 0.793859 -0.496713
v -0.488542 0.784972 -0.488565
v -0.501453 0.772690 -0.486876
v -0.494436 0.765295 -0.481705
v -0.487843 0.756974 -0.477910
v -0.454271 0.766305 -0.483366
v -0.468525 0.758441 -0.475923
v -0.481359 0.748309 -0.474446
v -0.441255 0.770787 -0.495043
v -0.447165 0.780383 -0.499244
v -0.453031 0.789828 -0.503603
v -0.459809 0.798212 -0.509280
v -0.513251 0.744193 -0.505906
v -0.512431 0.731972 -0.521439
v -0.507626 0.728444 -0.516732
v -0.507557 0.739300 -0.501035
v -0.502095 0.723904 -0.512057
v -0.501625 0.733489 -0.496799
v -0.495360 0.717708 -0.506472
v -0.494869 0.726492 -0.492018
v -0.490158 0.737172 -0.480507
v -0.496860 0.745116 -0.484538
v -0.503171 0.752138 -0.488463
v -0.509559 0.758438 -0.493484
v -0.486413 0.787820 -0.587121
v -0.480631 0.787436 -0.582387
v -0.480939 0.771166 -0.587575
v -0.486016 0.772277 -0.591423
v -0.474666 0.786672 -0.577679
v -0.476015 0.769896 -0.583993
v -0.491970 0.773692 -0.596753
v -0.492954 0.788403 -0.593266
v -0.497452 0.801432 -0.587292
v -0.490618 0.801618 -0.580352
v -0.484153 0.801957 -0.574418
v -0.477460 0.801696 -0.568478
v -0.486456 0.739386 -0.580552
v -0.497879 0.731473 -0.573866
v -0.476822 0.751853 -0.582810
v -0.472212 0.749449 -0.578668
v -0.482530 0.737000 -0.576931
v -0.494343 0.729038 -0.570369
v -0.490775 0.726803 -0.566485
v -0.478669 0.734762 -0.572838
v -0.467505 0.746934 -0.574141
v -0.502283 0.723804 -0.555884
v -0.511707 0.726469 -0.542377
v -0.515828 0.729237 -0.547240
v -0.505971 0.726241 -0.560121
v -0.509409 0.728827 -0.563989
v -0.519657 0.732034 -0.551988
v -0.513889 0.800867 -0.517038
v -0.500514 0.809711 -0.525095
v -0.524522 0.788026 -0.514062
v -0.517081 0.784227 -0.503948
v -0.505570 0.797122 -0.506483
v -0.491512 0.806142 -0.514585
v -0.496861 0.791780 -0.496689
v -0.482292 0.800843 -0.504882
v -0.509196 0.779036 -0.494525
v -0.468322 0.804914 -0.517229
v -0.477617 0.809937 -0.526498
v -0.457629 0.802841 -0.531590
v -0.466686 0.807460 -0.540152
v -0.486934 0.813309 -0.536336
v -0.475808 0.810547 -0.549030
v -0.526769 0.741907 -0.538957
v -0.530431 0.756224 -0.527039
v -0.522376 0.738901 -0.532907
v -0.525040 0.752809 -0.519437
v -0.517485 0.735516 -0.526987
v -0.519183 0.748750 -0.512162
v -0.516467 0.764020 -0.500550
v -0.523387 0.768667 -0.508996
v -0.529851 0.772346 -0.518094
v -0.460815 0.782403 -0.565611
v -0.453884 0.778863 -0.559110
v -0.458965 0.762542 -0.568970
v -0.464713 0.765455 -0.574418
v -0.467984 0.785053 -0.571891
v -0.470494 0.767907 -0.579496
v -0.469553 0.800137 -0.561400
v -0.461233 0.797369 -0.553680
v -0.453142 0.793294 -0.546095
v -0.379167 0.694639 -0.503743
v -0.378316 0.711469 -0.496353
v -0.397180 0.709542 -0.517433
v -0.394682 0.724098 -0.509240
v -0.409691 0.736069 -0.520555
v -0.413773 0.723477 -0.529552
v -0.410002 0.746631 -0.508662
v -0.397010 0.736759 -0.498209
v -0.382585 0.726342 -0.486146
v -0.360610 0.632434 -0.475055
v -0.376404 0.622896 -0.469776
v -0.345285 0.619323 -0.460536
v -0.362588 0.609117 -0.456545
v -0.335192 0.588195 -0.429065
v -0.349422 0.597398 -0.443133
v -0.330481 0.608623 -0.445821
v -0.315318 0.600387 -0.430467
v -0.371886 0.590789 -0.437691
v -0.382068 0.605038 -0.450125
v -0.359403 0.578959 -0.424422
v -0.390057 0.571588 -0.415434
v -0.393361 0.593368 -0.431512
v -0.400484 0.609160 -0.442568
v -0.393910 0.619680 -0.462000
v -0.410536 0.624077 -0.453079
v -0.418194 0.709932 -0.429184
v -0.400881 0.718817 -0.433736
v -0.430606 0.695430 -0.427944
v -0.422147 0.685452 -0.419644
v -0.409063 0.700253 -0.419723
v -0.390546 0.709160 -0.422575
v -0.378909 0.694444 -0.400570
v -0.382390 0.700596 -0.411354
v -0.402534 0.691451 -0.410805
v -0.400181 0.684682 -0.402456
v -0.416411 0.676520 -0.412146
v -0.414785 0.669409 -0.405501
v -0.353050 0.698579 -0.399038
v -0.358777 0.703429 -0.413233
v -0.369807 0.711592 -0.427448
v -0.381976 0.721388 -0.440572
v -0.423947 0.643837 -0.428388
v -0.432210 0.655729 -0.436452
v -0.423668 0.637222 -0.444209
v -0.414906 0.623590 -0.435159
v -0.418375 0.624578 -0.415566
v -0.418916 0.633045 -0.421320
v -0.409279 0.609816 -0.426263
v -0.409411 0.598972 -0.418473
v -0.421568 0.656093 -0.416122
v -0.426751 0.665559 -0.422907
v -0.420517 0.648671 -0.410537
v -0.434895 0.676280 -0.430634
v -0.593132 0.771359 -0.675516
v -0.602927 0.773275 -0.685857
v -0.592285 0.780055 -0.692616
v -0.582491 0.778171 -0.682370
v -0.610488 0.772943 -0.695068
v -0.599749 0.779776 -0.701915
v -0.592610 0.789726 -0.707686
v -0.584854 0.789871 -0.697798
v -0.574885 0.788023 -0.687223
v -0.568564 0.763324 -0.650573
v -0.581450 0.767799 -0.663839
v -0.570928 0.774716 -0.670762
v -0.558140 0.770221 -0.657503
v -0.563247 0.784616 -0.675388
v -0.593056 0.764723 -0.655908
v -0.604836 0.768360 -0.667877
v -0.579997 0.760316 -0.642407
v -0.590484 0.762096 -0.634284
v -0.603815 0.766479 -0.648216
v -0.615844 0.770033 -0.660741
v -0.614923 0.770345 -0.678616
v -0.622853 0.769937 -0.688171
v -0.626376 0.771927 -0.672147
v -0.634913 0.771748 -0.682469
v -0.635215 0.831729 -0.695106
v -0.645954 0.824863 -0.688165
v -0.633978 0.823971 -0.672711
v -0.623239 0.830771 -0.679463
v -0.653169 0.814799 -0.682432
v -0.641312 0.814142 -0.667427
v -0.628567 0.812153 -0.652352
v -0.620940 0.821913 -0.657237
v -0.610418 0.828797 -0.664066
v -0.607338 0.819100 -0.641705
v -0.596816 0.826017 -0.648628
v -0.615019 0.809168 -0.636985
v -0.601070 0.805652 -0.621379
v -0.593432 0.815737 -0.625940
v -0.583008 0.822666 -0.632965
v -0.571673 0.825653 -0.641138
v -0.585286 0.828980 -0.656598
v -0.574549 0.827317 -0.664259
v -0.587609 0.830143 -0.678833
v -0.598617 0.831816 -0.671698
v -0.611265 0.833793 -0.686672
v -0.599790 0.832120 -0.693172
v -0.610594 0.832964 -0.707690
v -0.622752 0.834755 -0.701995
v -0.629636 0.787757 -0.651774
v -0.641394 0.789819 -0.665131
v -0.635474 0.779082 -0.667670
v -0.624378 0.777077 -0.655245
v -0.651786 0.790033 -0.677856
v -0.644792 0.779065 -0.678994
v -0.603072 0.780517 -0.622748
v -0.616760 0.784505 -0.637663
v -0.611828 0.773695 -0.641919
v -0.598367 0.769531 -0.627594
v -0.617983 0.797038 -0.635879
v -0.631281 0.800107 -0.650688
v -0.604164 0.793238 -0.620477
v -0.643560 0.802062 -0.665034
v -0.654853 0.802576 -0.678926
v -0.593917 0.814638 -0.712318
v -0.590948 0.802009 -0.711066
v -0.596557 0.799765 -0.721889
v -0.600589 0.813080 -0.724596
v -0.597492 0.786952 -0.717105
v -0.600303 0.782447 -0.726063
v -0.600116 0.795915 -0.732314
v -0.605309 0.809993 -0.736768
v -0.611180 0.801103 -0.758662
v -0.608640 0.805903 -0.748227
v -0.602504 0.791178 -0.742198
v -0.604187 0.786232 -0.751309
v -0.601943 0.777087 -0.734575
v -0.622469 0.814128 -0.763585
v -0.619148 0.818667 -0.751865
v -0.632541 0.827423 -0.752124
v -0.626878 0.830670 -0.737888
v -0.614601 0.822297 -0.738871
v -0.608504 0.824602 -0.725066
v -0.619522 0.832428 -0.722896
v -0.600693 0.825554 -0.711197
v -0.617953 0.764217 -0.710982
v -0.619452 0.758172 -0.718038
v -0.608268 0.765748 -0.726110
v -0.606845 0.771518 -0.718619
v -0.615207 0.769521 -0.703441
v -0.604295 0.776585 -0.710525
v -0.628082 0.766570 -0.696737
v -0.631414 0.761208 -0.704510
v -0.641043 0.768518 -0.691728
v -0.645318 0.763477 -0.700131
v -0.633618 0.755112 -0.711583
v -0.648542 0.757556 -0.707779
v -0.654828 0.829676 -0.726701
v -0.662217 0.826553 -0.741529
v -0.673889 0.818777 -0.733210
v -0.666207 0.822189 -0.719022
v -0.680507 0.807344 -0.724670
v -0.672967 0.811246 -0.711372
v -0.645770 0.831402 -0.711085
v -0.656780 0.824220 -0.703724
v -0.663778 0.813811 -0.697159
v -0.632602 0.834414 -0.717768
v -0.640956 0.832772 -0.733461
v -0.647661 0.829793 -0.748239
v -0.662228 0.766217 -0.707965
v -0.673148 0.778895 -0.711316
v -0.657790 0.771808 -0.699162
v -0.667473 0.783933 -0.701010
v -0.660389 0.787810 -0.689835
v -0.652159 0.776290 -0.689471
v -0.664616 0.801051 -0.692462
v -0.672937 0.797759 -0.705233
v -0.679751 0.793326 -0.717128
v -0.606120 0.781585 -0.759258
v -0.613373 0.796081 -0.767587
v -0.608171 0.777588 -0.766031
v -0.615382 0.791093 -0.774913
v -0.610244 0.774163 -0.771337
v -0.617119 0.786641 -0.780468
v -0.612327 0.771668 -0.774948
v -0.618844 0.782897 -0.783981
v -0.628484 0.797167 -0.786993
v -0.627104 0.802771 -0.781253
v -0.629678 0.792371 -0.790551
v -0.625118 0.808658 -0.773405
v -0.560283 0.796778 -0.676588
v -0.561505 0.809311 -0.674805
v -0.572269 0.800049 -0.688894
v -0.573795 0.812327 -0.687833
v -0.582606 0.801984 -0.700286
v -0.584772 0.814227 -0.700189
v -0.590692 0.824997 -0.697744
v -0.579150 0.822986 -0.684369
v -0.566438 0.820121 -0.670548
v -0.544712 0.765434 -0.642335
v -0.554919 0.758486 -0.635422
v -0.531522 0.760660 -0.626739
v -0.541535 0.753786 -0.619907
v -0.519407 0.756053 -0.612356
v -0.529224 0.749252 -0.605604
v -0.539994 0.746545 -0.597546
v -0.552403 0.751026 -0.611762
v -0.550102 0.748953 -0.589417
v -0.562641 0.753084 -0.603648
v -0.566081 0.755632 -0.627204
v -0.576394 0.757544 -0.619034
v -0.579483 0.812026 -0.609766
v -0.569254 0.818914 -0.616806
v -0.586980 0.801810 -0.605356
v -0.573443 0.798272 -0.589651
v -0.566142 0.808415 -0.593981
v -0.556227 0.815301 -0.600915
v -0.544403 0.812375 -0.585952
v -0.554221 0.805542 -0.579105
v -0.561381 0.795235 -0.574832
v -0.533535 0.815135 -0.594097
v -0.545261 0.818081 -0.609053
v -0.558093 0.821768 -0.625024
v -0.575055 0.772477 -0.591671
v -0.588798 0.776423 -0.607129
v -0.584126 0.765173 -0.612172
v -0.570340 0.761010 -0.596683
v -0.562646 0.768868 -0.577155
v -0.557844 0.757064 -0.582389
v -0.564009 0.782242 -0.574447
v -0.576255 0.785595 -0.589051
v -0.589933 0.789297 -0.604700
v -0.632669 0.744737 -0.751232
v -0.622266 0.751114 -0.759187
v -0.620130 0.750589 -0.757465
v -0.631118 0.743957 -0.749174
v -0.616191 0.759462 -0.768262
v -0.613946 0.759575 -0.767059
v -0.644796 0.740259 -0.743362
v -0.645761 0.741259 -0.745662
v -0.659373 0.740582 -0.741029
v -0.646379 0.742329 -0.747302
v -0.634014 0.745783 -0.752669
v -0.659341 0.742314 -0.745086
v -0.646704 0.743331 -0.748543
v -0.623958 0.751699 -0.760149
v -0.625379 0.752339 -0.760775
v -0.619684 0.759732 -0.768909
v -0.618133 0.759605 -0.768741
v -0.672735 0.745538 -0.743445
v -0.672020 0.745825 -0.745674
v -0.683374 0.753888 -0.749451
v -0.681899 0.753331 -0.751230
v -0.688393 0.772085 -0.768246
v -0.687874 0.762569 -0.759151
v -0.689794 0.763939 -0.757832
v -0.690638 0.774228 -0.767507
v -0.685759 0.761916 -0.759588
v -0.680305 0.753410 -0.752260
v -0.686073 0.770763 -0.768173
v -0.684196 0.769992 -0.767804
v -0.671022 0.746459 -0.747147
v -0.671330 0.787064 -0.785611
v -0.682221 0.780519 -0.777502
v -0.684161 0.783341 -0.777269
v -0.672804 0.790245 -0.785784
v -0.658616 0.794084 -0.791970
v -0.657847 0.790722 -0.791437
v -0.643844 0.793834 -0.794384
v -0.643844 0.790697 -0.793773
v -0.656947 0.788419 -0.790116
v -0.643672 0.786944 -0.790941
v -0.668369 0.783381 -0.783285
v -0.669725 0.784910 -0.784556
v -0.680149 0.778722 -0.776852
v -0.678327 0.777551 -0.775987
v -0.630677 0.788772 -0.791792
v -0.631589 0.786156 -0.791425
v -0.620526 0.780222 -0.785538
v -0.622002 0.778490 -0.785606
v -0.616515 0.769052 -0.777437
v -0.614497 0.769991 -0.776901
v -0.618348 0.768505 -0.777414
v -0.632761 0.783123 -0.789086
v -0.621419 0.758693 -0.770219
v -0.620682 0.759718 -0.769231
v -0.626865 0.751709 -0.762473
v -0.635945 0.746259 -0.755679
v -0.658918 0.742996 -0.748659
v -0.647215 0.743134 -0.750833
v -0.658939 0.743601 -0.747287
v -0.647530 0.741072 -0.753236
v -0.636455 0.744156 -0.758096
v -0.658994 0.740822 -0.751207
v -0.659234 0.736617 -0.755513
v -0.647911 0.736997 -0.757392
v -0.637053 0.740101 -0.762139
v -0.627452 0.749428 -0.764741
v -0.628245 0.745299 -0.768703
v -0.623027 0.751847 -0.776283
v -0.622104 0.756326 -0.772305
v -0.669373 0.746491 -0.750204
v -0.682385 0.767984 -0.768602
v -0.681910 0.757179 -0.763654
v -0.677378 0.749969 -0.757255
v -0.682050 0.764831 -0.771170
v -0.681727 0.759065 -0.775909
v -0.681673 0.751815 -0.768360
v -0.677130 0.745027 -0.761921
v -0.669309 0.744154 -0.752808
v -0.669267 0.739652 -0.757322
v -0.677351 0.776689 -0.775649
v -0.676744 0.775041 -0.776429
v -0.667275 0.780639 -0.783384
v -0.655809 0.785678 -0.787993
v -0.643813 0.784135 -0.790747
v -0.644064 0.780729 -0.792979
v -0.655745 0.780465 -0.790743
v -0.644543 0.774695 -0.797175
v -0.655964 0.774261 -0.795209
v -0.667115 0.771032 -0.790294
v -0.667091 0.777162 -0.785747
v -0.676485 0.771710 -0.778847
v -0.676313 0.765686 -0.783569
v -0.625137 0.775726 -0.783809
v -0.622026 0.763959 -0.779933
v -0.622863 0.759078 -0.783944
v -0.627114 0.765993 -0.790550
v -0.626288 0.771421 -0.786563
v -0.633966 0.777383 -0.791171
v -0.634608 0.771639 -0.795373
v -0.648618 0.730471 -0.764085
v -0.638096 0.733632 -0.768601
v -0.659486 0.729928 -0.762368
v -0.659489 0.721132 -0.770796
v -0.649141 0.722082 -0.772161
v -0.639032 0.725155 -0.776390
v -0.649177 0.712051 -0.780803
v -0.639599 0.715109 -0.784720
v -0.659025 0.710754 -0.779664
v -0.657543 0.699232 -0.787974
v -0.648312 0.700915 -0.788769
v -0.639363 0.703937 -0.792381
v -0.631854 0.719307 -0.790677
v -0.630820 0.729678 -0.782658
v -0.631966 0.707770 -0.798146
v -0.627486 0.711802 -0.805218
v -0.627113 0.724105 -0.797908
v -0.625917 0.735222 -0.790055
v -0.629538 0.738520 -0.775061
v -0.624428 0.744559 -0.782498
v -0.681177 0.743250 -0.775862
v -0.676785 0.737108 -0.769201
v -0.681274 0.749747 -0.783459
v -0.680323 0.737631 -0.792609
v -0.680183 0.731886 -0.784964
v -0.676126 0.726804 -0.778149
v -0.672077 0.701051 -0.796232
v -0.674622 0.714579 -0.787548
v -0.678440 0.718580 -0.794524
v -0.675559 0.703960 -0.803268
v -0.678483 0.723377 -0.802179
v -0.675483 0.707683 -0.810870
v -0.667757 0.711772 -0.782275
v -0.668827 0.722990 -0.773117
v -0.665765 0.699355 -0.790788
v -0.669269 0.732371 -0.764487
v -0.656303 0.764162 -0.802289
v -0.667139 0.760967 -0.797573
v -0.645261 0.764871 -0.804054
v -0.645753 0.752030 -0.812396
v -0.656318 0.751099 -0.810919
v -0.666720 0.747898 -0.806522
v -0.655715 0.735678 -0.819833
v -0.665488 0.732481 -0.815647
v -0.645692 0.737108 -0.820927
v -0.644547 0.720633 -0.828618
v -0.653973 0.718877 -0.827742
v -0.663215 0.715729 -0.823962
v -0.673645 0.728228 -0.809497
v -0.675203 0.743157 -0.800118
v -0.670808 0.711789 -0.818022
v -0.675969 0.755861 -0.790977
v -0.629625 0.746250 -0.804763
v -0.628331 0.757420 -0.796998
v -0.624351 0.751223 -0.790143
v -0.625840 0.740949 -0.797812
v -0.626939 0.728883 -0.805675
v -0.630562 0.732991 -0.812826
v -0.627290 0.715486 -0.812939
v -0.630479 0.718522 -0.820143
v -0.636499 0.720312 -0.825661
v -0.637037 0.735945 -0.818260
v -0.636631 0.750190 -0.809963
v -0.635652 0.762295 -0.801980
v -0.627001 0.652071 -0.808575
v -0.633184 0.649472 -0.806192
v -0.626180 0.635016 -0.807263
v -0.621169 0.637173 -0.809164
v -0.639215 0.646945 -0.806111
v -0.631116 0.632687 -0.807326
v -0.622930 0.619706 -0.807783
v -0.618981 0.621342 -0.807641
v -0.615098 0.622841 -0.809029
v -0.612888 0.609891 -0.807676
v -0.609754 0.610423 -0.808657
v -0.615936 0.609348 -0.807864
v -0.607714 0.612150 -0.810705
v -0.611931 0.624290 -0.811702
v -0.606543 0.613309 -0.813268
v -0.609903 0.625114 -0.815226
v -0.616884 0.638924 -0.812579
v -0.621838 0.654266 -0.812683
v -0.614086 0.639816 -0.817032
v -0.618356 0.655628 -0.818032
v -0.647991 0.642991 -0.813504
v -0.649760 0.642152 -0.819188
v -0.639513 0.627758 -0.818545
v -0.638157 0.628868 -0.813614
v -0.649055 0.642318 -0.825160
v -0.639004 0.627558 -0.823586
v -0.628985 0.615016 -0.820930
v -0.629310 0.615162 -0.816860
v -0.628040 0.616030 -0.812858
v -0.620201 0.605243 -0.814886
v -0.618736 0.605476 -0.811738
v -0.620678 0.605636 -0.817923
v -0.617672 0.607372 -0.809286
v -0.625859 0.617739 -0.809730
v -0.635217 0.630573 -0.809642
v -0.644292 0.644723 -0.808781
v -0.640118 0.646002 -0.834785
v -0.633837 0.648687 -0.837350
v -0.626519 0.632537 -0.833611
v -0.631628 0.630327 -0.831622
v -0.627611 0.651288 -0.837511
v -0.621486 0.634919 -0.833635
v -0.615664 0.620552 -0.828541
v -0.619331 0.618489 -0.828512
v -0.623149 0.616616 -0.826936
v -0.613129 0.607626 -0.823267
v -0.615591 0.605683 -0.821821
v -0.610872 0.609652 -0.823520
v -0.618617 0.605398 -0.820227
v -0.626674 0.615448 -0.824377
v -0.636108 0.628503 -0.828126
v -0.645476 0.643733 -0.830596
v -0.610305 0.623406 -0.823114
v -0.614662 0.638724 -0.827140
v -0.613479 0.639668 -0.822160
v -0.609415 0.624647 -0.819195
v -0.619225 0.655094 -0.829957
v -0.617651 0.655827 -0.824098
v -0.606109 0.612180 -0.815984
v -0.606587 0.610538 -0.818772
v -0.608464 0.610217 -0.821633
v -0.612475 0.622217 -0.826486
v -0.617483 0.636981 -0.831232
v -0.622653 0.653548 -0.834721
v -0.646385 0.689093 -0.795279
v -0.637967 0.692099 -0.798579
v -0.654997 0.686991 -0.794734
v -0.651096 0.674094 -0.799922
v -0.643199 0.676594 -0.800224
v -0.635487 0.679483 -0.803353
v -0.638831 0.663401 -0.803927
v -0.631846 0.666202 -0.806663
v -0.645882 0.660789 -0.803664
v -0.625902 0.668790 -0.811377
v -0.629000 0.682542 -0.808433
v -0.621997 0.670792 -0.817351
v -0.624868 0.685110 -0.814952
v -0.631014 0.695515 -0.804065
v -0.626697 0.698769 -0.810876
v -0.671344 0.688678 -0.810125
v -0.668198 0.686894 -0.803124
v -0.671051 0.691282 -0.817478
v -0.665057 0.674589 -0.822177
v -0.665545 0.672979 -0.815010
v -0.662931 0.672344 -0.808248
v -0.656220 0.657640 -0.811626
v -0.658368 0.657369 -0.817960
v -0.657729 0.658106 -0.824687
v -0.651805 0.658778 -0.806579
v -0.657876 0.672776 -0.802916
v -0.662536 0.686354 -0.797704
v -0.650680 0.701297 -0.833593
v -0.659293 0.698152 -0.830024
v -0.641970 0.703452 -0.834225
v -0.638048 0.685932 -0.837622
v -0.646064 0.683472 -0.837202
v -0.654047 0.680363 -0.833937
v -0.640406 0.665729 -0.838455
v -0.647587 0.662822 -0.835543
v -0.633258 0.668394 -0.838805
v -0.653824 0.660140 -0.830756
v -0.660848 0.677270 -0.828656
v -0.666539 0.694642 -0.824464
v -0.626307 0.701459 -0.818411
v -0.629138 0.703245 -0.825517
v -0.624185 0.686794 -0.822199
v -0.626604 0.687502 -0.829042
v -0.621260 0.671548 -0.824071
v -0.623213 0.671384 -0.830581
v -0.627335 0.670373 -0.835795
v -0.631388 0.687322 -0.834605
v -0.634529 0.704036 -0.831168
v -1.010404 0.566757 -0.428207
v -1.016619 0.565263 -0.429991
v -1.008595 0.561534 -0.445135
v -1.002466 0.562526 -0.443523
v -1.021501 0.564761 -0.431857
v -1.013650 0.561639 -0.446368
v -1.008770 0.563685 -0.463116
v -1.003672 0.563460 -0.462135
v -0.997576 0.564219 -0.460816
v -0.998626 0.582830 -0.490363
v -0.996111 0.571234 -0.477331
v -1.002261 0.570237 -0.478627
v -1.004939 0.581153 -0.491682
v -1.007414 0.570093 -0.479206
v -1.010059 0.580305 -0.492080
v -0.989125 0.573374 -0.475324
v -0.990666 0.566279 -0.458942
v -0.991336 0.585421 -0.488200
v -0.983287 0.588977 -0.485175
v -0.981543 0.576833 -0.472650
v -0.983257 0.569703 -0.456598
v -0.995481 0.564698 -0.441611
v -0.987898 0.568352 -0.439504
v -0.994870 0.573304 -0.424045
v -1.003114 0.569413 -0.426233
v -1.061327 0.630138 -0.454691
v -1.062780 0.623513 -0.438041
v -1.058624 0.629580 -0.435209
v -1.057117 0.636605 -0.452355
v -1.060254 0.613243 -0.424764
v -1.056066 0.618605 -0.421751
v -1.049068 0.624686 -0.418597
v -1.051561 0.636321 -0.432038
v -1.049978 0.643492 -0.449240
v -1.041689 0.642779 -0.428647
v -1.040029 0.650063 -0.445810
v -1.039478 0.630601 -0.415393
v -1.027242 0.635715 -0.412466
v -1.028889 0.647978 -0.425268
v -1.027153 0.655244 -0.442014
v -1.034998 0.651788 -0.463727
v -1.044891 0.645488 -0.467275
v -1.022414 0.656843 -0.459762
v -1.015345 0.652010 -0.475497
v -1.027342 0.647143 -0.479609
v -1.036932 0.641294 -0.483001
v -1.052052 0.638596 -0.470074
v -1.056425 0.632287 -0.472038
v -1.043930 0.634985 -0.485494
v -1.048455 0.629224 -0.486952
v -1.032003 0.592771 -0.411832
v -1.038501 0.589023 -0.414499
v -1.027224 0.575154 -0.419705
v -1.020856 0.577713 -0.417448
v -1.043014 0.586080 -0.417207
v -1.031867 0.573636 -0.421921
v -1.013203 0.601584 -0.406994
v -1.023455 0.597047 -0.409299
v -1.012938 0.581179 -0.415194
v -1.003814 0.585286 -0.413038
v -1.032865 0.614522 -0.409197
v -1.041999 0.609252 -0.412072
v -1.021464 0.619333 -0.406586
v -1.048726 0.604261 -0.415062
v -1.053055 0.600033 -0.418001
v -0.466633 0.616416 -0.405899
v -0.463927 0.592562 -0.408096
v -0.484329 0.592997 -0.409109
v -0.487816 0.616589 -0.406686
v -0.462359 0.570868 -0.402248
v -0.482642 0.571330 -0.403570
v -0.505972 0.572380 -0.405535
v -0.507584 0.594095 -0.410846
v -0.511375 0.617171 -0.408389
v -0.533301 0.595874 -0.413089
v -0.536712 0.618609 -0.410643
v -0.531949 0.574492 -0.407980
v -0.560584 0.578180 -0.410834
v -0.560959 0.598732 -0.415700
v -0.563199 0.620809 -0.413375
v -0.566849 0.640469 -0.404374
v -0.541555 0.639020 -0.401489
v -0.571487 0.654442 -0.389295
v -0.547299 0.653277 -0.386100
v -0.522243 0.652973 -0.383243
v -0.516347 0.638103 -0.398949
v -0.491444 0.638837 -0.397004
v -0.495972 0.654833 -0.380804
v -0.465698 0.661834 -0.379236
v -0.468459 0.640012 -0.396704
v -1.068708 0.395471 -0.525778
v -1.066701 0.397764 -0.524776
v -1.064913 0.390382 -0.523831
v -1.066617 0.387636 -0.524884
v -1.066006 0.401751 -0.523295
v -1.064716 0.397656 -0.522169
v -1.064348 0.395174 -0.520063
v -1.064436 0.387536 -0.522168
v -1.066118 0.384665 -0.523158
v -1.070433 0.393174 -0.516521
v -1.067430 0.386579 -0.520488
v -1.065705 0.389233 -0.519467
v -1.068404 0.395407 -0.515645
v -1.065627 0.396351 -0.517118
v -1.067709 0.399525 -0.514543
v -1.073773 0.394509 -0.516696
v -1.070781 0.388396 -0.520496
v -1.077059 0.397890 -0.516482
v -1.075758 0.394617 -0.519303
v -1.074793 0.393471 -0.522237
v -1.069610 0.386679 -0.523204
v -1.069892 0.389598 -0.524948
v -1.072070 0.396931 -0.526015
v -1.074750 0.395975 -0.524441
v -1.075356 0.400214 -0.525518
v -0.630316 0.568636 -0.389161
v -0.660425 0.576865 -0.393305
v -0.656389 0.584579 -0.409156
v -0.626487 0.577019 -0.405522
v -0.685577 0.583291 -0.397013
v -0.681281 0.590573 -0.412378
v -0.675769 0.602233 -0.423272
v -0.651593 0.596834 -0.420374
v -0.622808 0.590365 -0.417210
v -0.594383 0.569179 -0.401773
v -0.598006 0.560061 -0.384714
v -0.591647 0.583782 -0.413979
v -0.562495 0.562391 -0.398085
v -0.565934 0.552631 -0.380294
v -0.601986 0.557260 -0.365476
v -0.633667 0.566002 -0.370606
v -0.570543 0.549631 -0.360279
v -0.575541 0.554532 -0.340818
v -0.605715 0.561719 -0.346696
v -0.636127 0.570019 -0.352508
v -0.663146 0.574397 -0.375433
v -0.664261 0.578019 -0.357788
v -0.687960 0.584623 -0.362281
v -0.687929 0.581127 -0.379459
v -0.623731 0.655421 -0.356695
v -0.642041 0.656469 -0.361517
v -0.646390 0.648134 -0.343764
v -0.627995 0.646456 -0.338313
v -0.657898 0.659193 -0.365443
v -0.662530 0.651381 -0.348145
v -0.668258 0.639446 -0.336288
v -0.651382 0.635545 -0.331709
v -0.631869 0.632743 -0.325694
v -0.581700 0.655237 -0.346709
v -0.603600 0.655369 -0.351635
v -0.607636 0.645545 -0.332492
v -0.585628 0.644657 -0.326875
v -0.610469 0.630562 -0.319253
v -0.587778 0.628686 -0.313131
v -0.576755 0.658831 -0.368847
v -0.599089 0.658773 -0.372887
v -0.595165 0.654746 -0.392787
v -0.617390 0.654967 -0.396307
v -0.619969 0.658730 -0.377239
v -0.638766 0.659415 -0.381339
v -0.655133 0.661998 -0.384891
v -0.637553 0.656106 -0.399828
v -0.654886 0.658777 -0.403033
v -0.680446 0.608681 -0.337694
v -0.685158 0.594603 -0.347838
v -0.663119 0.588523 -0.343165
v -0.660186 0.603228 -0.332911
v -0.637045 0.581380 -0.337377
v -0.636574 0.597442 -0.326761
v -0.584534 0.587071 -0.313730
v -0.610814 0.592008 -0.320173
v -0.608780 0.574340 -0.331025
v -0.580450 0.567993 -0.324752
v -0.611493 0.611756 -0.315690
v -0.634747 0.615552 -0.322420
v -0.587164 0.608317 -0.309260
v -0.656093 0.619811 -0.328567
v -0.674531 0.624387 -0.333336
v -0.786408 0.636698 -0.442380
v -0.781813 0.621766 -0.442769
v -0.796521 0.621691 -0.445968
v -0.801084 0.635983 -0.445588
v -0.778941 0.607944 -0.438122
v -0.793562 0.608371 -0.441147
v -0.811589 0.608798 -0.445231
v -0.814288 0.621882 -0.450134
v -0.818688 0.635885 -0.449748
v -0.834332 0.622306 -0.454642
v -0.838375 0.636094 -0.454330
v -0.832068 0.609324 -0.449704
v -0.854195 0.609860 -0.454068
v -0.855906 0.622699 -0.459160
v -0.859222 0.636413 -0.458768
v -0.863547 0.648867 -0.453522
v -0.843231 0.648662 -0.449150
v -0.868262 0.657734 -0.443799
v -0.848358 0.657605 -0.439613
v -0.829539 0.657732 -0.435338
v -0.824075 0.648568 -0.444633
v -0.806655 0.649080 -0.440543
v -0.812282 0.658501 -0.431159
v -0.797649 0.660336 -0.427776
v -0.791990 0.650309 -0.437263
v -0.780559 0.591408 -0.414523
v -0.778628 0.597573 -0.427946
v -0.768324 0.596761 -0.426428
v -0.770233 0.590437 -0.412848
v -0.768431 0.607626 -0.436644
v -0.760860 0.607470 -0.436063
v -0.761035 0.595963 -0.425751
v -0.763194 0.589263 -0.411878
v -0.755547 0.595112 -0.425516
v -0.757858 0.588056 -0.411342
v -0.754894 0.607333 -0.436005
v -0.749243 0.607260 -0.436030
v -0.750590 0.594375 -0.425347
v -0.753292 0.587107 -0.410823
v -0.761415 0.586938 -0.395755
v -0.766784 0.587978 -0.396771
v -0.756675 0.585960 -0.394717
v -0.760425 0.591619 -0.379120
v -0.765718 0.592064 -0.380871
v -0.771369 0.592756 -0.382642
v -0.773855 0.588986 -0.398222
v -0.784159 0.589929 -0.400118
v -0.778626 0.593371 -0.384651
v -0.788995 0.593785 -0.386941
v -0.785322 0.670607 -0.392923
v -0.794901 0.666117 -0.396164
v -0.797006 0.659524 -0.381936
v -0.787601 0.663588 -0.377890
v -0.806204 0.662589 -0.399602
v -0.808211 0.656213 -0.385934
v -0.807920 0.645870 -0.375538
v -0.796899 0.648560 -0.371437
v -0.787993 0.651936 -0.366994
v -0.778651 0.667846 -0.373777
v -0.775906 0.675354 -0.389594
v -0.779423 0.655435 -0.362508
v -0.770007 0.658724 -0.357777
v -0.768324 0.671845 -0.369543
v -0.765308 0.679799 -0.386157
v -0.772133 0.676974 -0.406806
v -0.781516 0.672199 -0.409087
v -0.761469 0.681501 -0.404504
v -0.757502 0.676149 -0.421159
v -0.767612 0.672058 -0.422464
v -0.776713 0.667565 -0.423802
v -0.791160 0.667757 -0.411571
v -0.786292 0.663490 -0.425419
v -0.802582 0.664106 -0.414417
v -0.781655 0.619526 -0.364842
v -0.789747 0.618289 -0.368336
v -0.784241 0.603922 -0.374454
v -0.776594 0.604131 -0.371738
v -0.800334 0.617240 -0.371871
v -0.794730 0.603667 -0.377398
v -0.770400 0.604422 -0.368993
v -0.774723 0.620874 -0.361204
v -0.764185 0.604620 -0.366280
v -0.767358 0.622087 -0.357506
v -0.769447 0.641155 -0.354210
v -0.777962 0.638831 -0.358608
v -0.785729 0.636340 -0.362958
v -0.794266 0.634042 -0.367135
v -0.805049 0.632113 -0.371079
v -0.690338 0.641652 -0.429671
v -0.678549 0.637852 -0.427279
v -0.685711 0.621071 -0.429681
v -0.697653 0.623610 -0.431978
v -0.663028 0.633802 -0.424761
v -0.669280 0.617568 -0.427186
v -0.692863 0.605501 -0.425847
v -0.704805 0.607006 -0.427973
v -0.709405 0.647095 -0.433929
v -0.700154 0.644800 -0.431970
v -0.706797 0.625412 -0.434002
v -0.714845 0.626345 -0.435901
v -0.713395 0.607598 -0.429884
v -0.720521 0.607496 -0.431612
v -0.705170 0.666185 -0.426076
v -0.694661 0.662699 -0.423893
v -0.703029 0.680101 -0.412498
v -0.691478 0.675573 -0.410357
v -0.680590 0.669775 -0.408125
v -0.684303 0.657953 -0.421616
v -0.672470 0.652967 -0.419210
v -0.657883 0.648430 -0.416544
v -0.668833 0.663674 -0.405680
v -0.715068 0.587484 -0.402231
v -0.723246 0.587064 -0.404068
v -0.719016 0.594591 -0.419243
v -0.710794 0.594794 -0.417375
v -0.729494 0.586177 -0.405749
v -0.725524 0.593940 -0.420843
v -0.703158 0.586554 -0.399907
v -0.698863 0.593771 -0.415083
v -0.705338 0.584621 -0.382591
v -0.704825 0.588490 -0.365496
v -0.716735 0.590357 -0.367708
v -0.717193 0.585790 -0.384938
v -0.725436 0.585679 -0.386775
v -0.725325 0.590917 -0.369525
v -0.732452 0.590782 -0.371158
v -0.731923 0.584968 -0.388501
v -0.683005 0.671445 -0.369680
v -0.694544 0.678106 -0.371086
v -0.699328 0.669743 -0.352920
v -0.687832 0.663430 -0.351923
v -0.706973 0.683255 -0.372801
v -0.711519 0.674651 -0.354400
v -0.716955 0.660610 -0.341895
v -0.705187 0.656325 -0.340622
v -0.694038 0.650780 -0.339890
v -0.671151 0.664656 -0.368002
v -0.675902 0.656884 -0.350584
v -0.682119 0.644847 -0.338762
v -0.668560 0.667328 -0.387496
v -0.680327 0.673846 -0.389585
v -0.691704 0.680380 -0.391457
v -0.703894 0.685484 -0.393505
v -0.727084 0.622429 -0.344589
v -0.730647 0.604234 -0.355835
v -0.722479 0.603360 -0.354338
v -0.717637 0.620403 -0.343278
v -0.713217 0.601682 -0.352907
v -0.707659 0.617358 -0.342107
v -0.701405 0.598890 -0.350908
v -0.695783 0.613417 -0.340504
v -0.689054 0.629551 -0.335892
v -0.700973 0.634580 -0.337225
v -0.711569 0.638981 -0.338035
v -0.722296 0.642225 -0.339349
v -0.766840 0.640251 -0.439991
v -0.759160 0.642607 -0.439708
v -0.756236 0.624127 -0.440686
v -0.763004 0.623190 -0.440691
v -0.751220 0.644727 -0.439505
v -0.749489 0.625157 -0.440648
v -0.771085 0.622334 -0.441198
v -0.775485 0.638244 -0.440683
v -0.780774 0.652788 -0.435245
v -0.771587 0.656007 -0.434240
v -0.763147 0.659491 -0.433568
v -0.753959 0.662841 -0.432942
v -0.744896 0.593857 -0.424680
v -0.747869 0.586337 -0.409925
v -0.742638 0.607321 -0.435480
v -0.735446 0.607375 -0.434510
v -0.738681 0.593673 -0.423685
v -0.742022 0.585881 -0.408707
v -0.735872 0.585876 -0.407334
v -0.732216 0.593637 -0.422322
v -0.727984 0.607452 -0.433108
v -0.738518 0.584751 -0.390162
v -0.739914 0.590868 -0.373032
v -0.747160 0.590936 -0.375019
v -0.744961 0.584792 -0.391840
v -0.751100 0.585285 -0.393363
v -0.754134 0.591222 -0.377141
v -0.755372 0.674972 -0.365079
v -0.751868 0.683322 -0.382509
v -0.757869 0.661227 -0.353000
v -0.744353 0.662630 -0.348497
v -0.740804 0.676823 -0.360844
v -0.736888 0.685359 -0.378845
v -0.725803 0.676796 -0.357151
v -0.721496 0.685544 -0.375502
v -0.730274 0.662571 -0.344709
v -0.718081 0.687585 -0.396060
v -0.733277 0.687244 -0.398822
v -0.716468 0.681970 -0.414815
v -0.730764 0.681592 -0.417167
v -0.748084 0.685113 -0.401778
v -0.744811 0.679488 -0.419373
v -0.756657 0.604836 -0.363350
v -0.758322 0.623101 -0.353666
v -0.748262 0.604878 -0.360585
v -0.748018 0.623542 -0.350129
v -0.739411 0.604758 -0.357982
v -0.737464 0.623423 -0.346997
v -0.734313 0.643748 -0.341892
v -0.746765 0.643825 -0.345567
v -0.758762 0.642869 -0.349705
v -0.730795 0.647718 -0.437416
v -0.719905 0.647997 -0.435839
v -0.723706 0.626686 -0.437582
v -0.732698 0.626578 -0.438994
v -0.741512 0.646505 -0.438681
v -0.741527 0.626052 -0.440022
v -0.742624 0.665509 -0.431704
v -0.730096 0.667230 -0.430053
v -0.717286 0.667524 -0.428153
v -0.590428 0.602987 -0.418569
v -0.590694 0.623443 -0.416169
v -0.619713 0.607864 -0.421542
v -0.617572 0.626595 -0.419102
v -0.642160 0.630034 -0.421935
v -0.646590 0.612955 -0.424440
v -0.638913 0.645361 -0.413582
v -0.616667 0.643239 -0.410506
v -0.592316 0.641817 -0.407400
v -0.533482 0.558167 -0.394675
v -0.536953 0.547817 -0.376137
v -0.507363 0.555663 -0.391625
v -0.511030 0.545011 -0.372344
v -0.468491 0.542296 -0.366299
v -0.488188 0.543369 -0.368997
v -0.484228 0.554343 -0.389013
v -0.464140 0.553613 -0.387043
v -0.493892 0.539486 -0.346853
v -0.516344 0.541438 -0.350834
v -0.474466 0.537998 -0.343452
v -0.481264 0.542030 -0.322069
v -0.500441 0.543960 -0.325953
v -0.522622 0.546229 -0.330353
v -0.541996 0.544659 -0.355330
v -0.547742 0.549530 -0.335350
v -0.534247 0.653354 -0.338791
v -0.558597 0.654067 -0.342670
v -0.562600 0.643212 -0.322402
v -0.538326 0.642158 -0.317899
v -0.564230 0.626573 -0.308253
v -0.540010 0.625118 -0.303254
v -0.482029 0.658799 -0.328768
v -0.508681 0.654478 -0.334383
v -0.512955 0.642850 -0.312372
v -0.486391 0.647312 -0.305967
v -0.515062 0.625203 -0.297196
v -0.487283 0.628422 -0.286989
v -0.475359 0.664314 -0.353417
v -0.502391 0.659201 -0.358565
v -0.528542 0.657530 -0.361785
v -0.553262 0.657874 -0.365158
v -0.534749 0.580500 -0.303197
v -0.558958 0.583347 -0.308139
v -0.553703 0.563545 -0.319093
v -0.529114 0.560326 -0.314068
v -0.492882 0.576182 -0.294531
v -0.512492 0.578311 -0.298663
v -0.507107 0.557891 -0.309619
v -0.488082 0.555736 -0.305813
v -0.515024 0.602290 -0.293567
v -0.538605 0.603266 -0.298943
v -0.493960 0.600590 -0.288124
v -0.562781 0.605506 -0.303988
v -0.902952 0.594491 -0.436414
v -0.924038 0.593659 -0.439874
v -0.921511 0.599694 -0.454083
v -0.900544 0.600598 -0.450598
v -0.942207 0.591146 -0.443385
v -0.939701 0.597306 -0.457657
v -0.938550 0.607307 -0.468594
v -0.920219 0.609466 -0.464887
v -0.899328 0.610257 -0.461441
v -0.877831 0.600511 -0.447137
v -0.880142 0.594392 -0.432851
v -0.876951 0.610294 -0.457938
v -0.854641 0.599975 -0.443302
v -0.856930 0.593763 -0.429049
v -0.883525 0.592569 -0.417613
v -0.906141 0.592708 -0.421162
v -0.860411 0.591952 -0.413912
v -0.864726 0.595108 -0.400236
v -0.887428 0.595682 -0.403846
v -0.909750 0.595883 -0.407374
v -0.927227 0.591877 -0.424622
v -0.945460 0.589607 -0.427943
v -0.930565 0.595204 -0.410781
v -0.948940 0.593100 -0.414045
v -0.954176 0.658930 -0.427838
v -0.956606 0.652817 -0.413338
v -0.936930 0.652741 -0.410403
v -0.934522 0.658880 -0.424681
v -0.957854 0.642796 -0.402408
v -0.938341 0.643041 -0.399574
v -0.918589 0.643044 -0.396505
v -0.917395 0.652796 -0.407316
v -0.914965 0.658810 -0.421532
v -0.876058 0.659079 -0.414987
v -0.895452 0.658957 -0.418414
v -0.897860 0.652818 -0.404135
v -0.878249 0.652888 -0.400726
v -0.898740 0.643003 -0.393240
v -0.878793 0.642950 -0.389873
v -0.872577 0.660890 -0.430124
v -0.892069 0.660748 -0.433557
v -0.888166 0.657636 -0.447324
v -0.908091 0.657531 -0.450534
v -0.911679 0.660613 -0.436777
v -0.931312 0.660570 -0.439965
v -0.927875 0.657263 -0.453799
v -0.947345 0.657062 -0.457360
v -0.950944 0.660593 -0.443343
v -0.916079 0.616868 -0.392098
v -0.936351 0.616497 -0.395399
v -0.933773 0.604162 -0.400922
v -0.913208 0.604594 -0.397599
v -0.955257 0.615313 -0.398240
v -0.952354 0.602466 -0.403940
v -0.873647 0.616357 -0.385292
v -0.894971 0.616670 -0.388781
v -0.891514 0.604455 -0.394051
v -0.869344 0.603996 -0.390507
v -0.897560 0.630311 -0.388308
v -0.918017 0.630354 -0.391678
v -0.877060 0.630050 -0.384907
v -0.937943 0.630217 -0.394793
v -0.957271 0.629558 -0.397559
v -0.972713 0.630321 -0.482237
v -0.957830 0.632915 -0.477428
v -0.954797 0.617623 -0.477836
v -0.967911 0.613881 -0.482511
v -0.941050 0.634843 -0.472849
v -0.939133 0.620545 -0.473443
v -0.953238 0.603556 -0.472743
v -0.965040 0.598828 -0.477124
v -0.997206 0.623362 -0.491618
v -0.985719 0.627119 -0.487149
v -0.979193 0.609716 -0.487226
v -0.988967 0.605511 -0.491427
v -0.974814 0.593653 -0.481341
v -1.006378 0.639838 -0.486253
v -0.993275 0.643158 -0.481618
v -1.000798 0.654858 -0.471025
v -0.984246 0.656349 -0.466279
v -0.978425 0.645390 -0.476723
v -0.961872 0.646816 -0.471788
v -0.966262 0.656914 -0.461642
v -0.943953 0.647755 -0.467339
v -0.967005 0.580917 -0.450403
v -0.975749 0.574890 -0.453645
v -0.973818 0.581838 -0.469338
v -0.964933 0.587506 -0.465585
v -0.956157 0.586578 -0.446864
v -0.953868 0.592952 -0.461591
v -0.959649 0.585118 -0.431184
v -0.963866 0.589068 -0.416917
v -0.976005 0.583844 -0.419458
v -0.970833 0.579418 -0.434207
v -0.979957 0.573567 -0.436965
v -0.986061 0.578411 -0.421861
v -0.993386 0.659245 -0.434710
v -1.011327 0.658137 -0.438372
v -1.013258 0.650993 -0.422112
v -0.995556 0.652505 -0.419158
v -1.012381 0.639152 -0.409800
v -0.995471 0.641210 -0.407398
v -0.974090 0.659313 -0.431196
v -0.976379 0.652874 -0.416281
v -0.977031 0.642330 -0.405002
v -0.970501 0.660924 -0.447248
v -0.989439 0.660803 -0.451309
v -1.006924 0.659696 -0.455605
v -0.993607 0.590106 -0.410953
v -1.001358 0.605908 -0.404868
v -0.981945 0.594810 -0.408801
v -0.987679 0.609809 -0.402783
v -0.968277 0.599193 -0.406549
v -0.972417 0.613008 -0.400727
v -0.975548 0.628182 -0.400043
v -0.992480 0.626118 -0.402130
v -1.008003 0.623220 -0.404293
v -0.997949 0.601631 -0.494775
v -1.007143 0.619283 -0.495351
v -1.005673 0.598303 -0.497297
v -1.015572 0.615033 -0.498192
v -1.012258 0.595535 -0.498781
v -1.022287 0.611043 -0.499991
v -1.017237 0.593554 -0.499252
v -1.027158 0.607630 -0.500639
v -1.033423 0.624976 -0.495504
v -1.026577 0.630188 -0.493389
v -1.038110 0.620310 -0.496478
v -1.017541 0.635340 -0.490237
v -0.878033 0.623007 -0.462862
v -0.880623 0.636679 -0.462484
v -0.899900 0.622980 -0.466362
v -0.901860 0.636526 -0.465816
v -0.920520 0.622310 -0.469661
v -0.922187 0.635950 -0.469188
v -0.924689 0.648397 -0.463627
v -0.904710 0.648707 -0.460347
v -0.884177 0.648842 -0.457127
v -0.832297 0.599420 -0.439051
v -0.834369 0.593223 -0.425004
v -0.811504 0.598896 -0.434683
v -0.813555 0.592704 -0.420952
v -0.793314 0.598278 -0.430877
v -0.795267 0.592172 -0.417327
v -0.798846 0.590568 -0.402860
v -0.817133 0.591035 -0.406295
v -0.803714 0.594127 -0.389785
v -0.821882 0.594456 -0.393056
v -0.837948 0.591456 -0.410064
v -0.842577 0.594708 -0.396566
v -0.837845 0.659360 -0.407380
v -0.856545 0.659030 -0.411302
v -0.858736 0.652905 -0.397230
v -0.839917 0.653227 -0.393522
v -0.858868 0.642989 -0.386475
v -0.839810 0.643233 -0.383006
v -0.820848 0.660462 -0.403403
v -0.822779 0.654231 -0.389791
v -0.822553 0.644198 -0.379394
v -0.817150 0.662059 -0.418085
v -0.834288 0.661153 -0.422099
v -0.852988 0.660889 -0.426210
v -0.832733 0.616271 -0.378552
v -0.852561 0.616220 -0.381849
v -0.847705 0.603652 -0.387029
v -0.827346 0.603588 -0.383666
v -0.815010 0.616558 -0.375174
v -0.809362 0.603639 -0.380369
v -0.819692 0.630889 -0.374675
v -0.837134 0.630274 -0.378166
v -0.856603 0.630007 -0.381537
v -1.011231 0.570648 -0.479014
v -1.012511 0.564580 -0.463547
v -1.016252 0.580453 -0.490442
v -1.013747 0.580110 -0.491512
v -1.017229 0.562507 -0.447549
v -1.024733 0.565121 -0.433531
v -1.026685 0.566202 -0.435168
v -1.027878 0.567474 -0.436528
v -1.022358 0.566670 -0.449604
v -1.017131 0.573668 -0.477021
v -1.017900 0.581007 -0.489087
v -1.034687 0.573212 -0.424183
v -1.036032 0.573518 -0.426299
v -1.045260 0.584485 -0.419766
v -1.045976 0.583824 -0.422110
v -1.061308 0.606735 -0.429547
v -1.054911 0.595522 -0.423153
v -1.054845 0.597273 -0.420645
v -1.061709 0.609359 -0.427373
v -1.054033 0.594485 -0.425203
v -1.059866 0.604879 -0.431351
v -1.036662 0.574720 -0.429586
v -1.062196 0.621464 -0.457153
v -1.063498 0.615554 -0.441844
v -1.064126 0.618939 -0.440147
v -1.062727 0.625163 -0.456301
v -1.057988 0.627340 -0.472898
v -1.057620 0.623637 -0.472906
v -1.050386 0.624812 -0.487098
v -1.050517 0.621325 -0.486502
v -1.056330 0.620805 -0.472613
v -1.048641 0.617027 -0.484388
v -1.054942 0.618898 -0.472107
v -1.058922 0.616823 -0.457802
v -1.060570 0.618738 -0.457565
v -1.061991 0.613160 -0.442987
v -1.040551 0.616727 -0.496233
v -1.041311 0.614076 -0.495032
v -1.030076 0.605206 -0.499994
v -1.031465 0.603553 -0.498660
v -1.022649 0.591764 -0.497119
v -1.020512 0.592314 -0.498516
v -1.024428 0.591348 -0.493984
v -1.031964 0.602409 -0.496939
v -1.041105 0.612111 -0.493593
v -1.020906 0.568602 -0.463959
v -1.027327 0.564793 -0.451944
v -1.023607 0.566681 -0.464939
v -1.033085 0.566393 -0.440709
v -1.037696 0.562362 -0.443156
v -1.031883 0.560902 -0.454132
v -1.028283 0.562764 -0.466818
v -1.022457 0.571420 -0.477585
v -1.027133 0.567438 -0.479275
v -1.028944 0.574197 -0.489426
v -1.024116 0.578470 -0.487847
v -1.038050 0.574241 -0.431656
v -1.058360 0.601295 -0.434702
v -1.053350 0.592088 -0.429098
v -1.057730 0.602814 -0.433649
v -1.055791 0.589189 -0.430838
v -1.048613 0.580030 -0.429871
v -1.060953 0.598139 -0.436425
v -1.065760 0.592291 -0.439394
v -1.060609 0.583856 -0.433735
v -1.053420 0.575120 -0.432728
v -1.040621 0.571896 -0.433205
v -1.045341 0.567488 -0.435888
v -1.059475 0.610462 -0.444446
v -1.060062 0.608661 -0.445279
v -1.054248 0.617492 -0.471957
v -1.054954 0.615600 -0.472292
v -1.049054 0.613966 -0.483962
v -1.051767 0.610621 -0.484905
v -1.057623 0.612102 -0.473393
v -1.056790 0.604498 -0.486910
v -1.062603 0.605893 -0.475745
v -1.066420 0.603920 -0.462569
v -1.061364 0.610177 -0.459988
v -1.062612 0.605254 -0.446877
v -1.067592 0.599208 -0.449702
v -1.041572 0.608193 -0.491348
v -1.026467 0.590012 -0.493069
v -1.029180 0.587538 -0.493711
v -1.034116 0.582757 -0.495148
v -1.041284 0.591564 -0.496659
v -1.036260 0.596848 -0.495049
v -1.044230 0.605020 -0.492125
v -1.049265 0.599347 -0.493870
v -1.039152 0.554733 -0.457529
v -1.035573 0.556556 -0.469805
v -1.045052 0.555788 -0.447010
v -1.053710 0.547005 -0.451943
v -1.047919 0.546281 -0.461925
v -1.044405 0.548218 -0.473633
v -1.056859 0.535952 -0.466967
v -1.053388 0.537878 -0.478045
v -1.062596 0.536173 -0.457688
v -1.070344 0.523513 -0.463958
v -1.064661 0.523796 -0.472534
v -1.061375 0.525842 -0.482830
v -1.052662 0.541651 -0.489120
v -1.043505 0.552320 -0.485229
v -1.060702 0.529182 -0.493314
v -1.063099 0.533456 -0.502312
v -1.054896 0.546703 -0.498378
v -1.045652 0.558070 -0.494882
v -1.034597 0.560934 -0.481835
v -1.036560 0.567370 -0.491780
v -1.068367 0.575132 -0.438541
v -1.060862 0.567269 -0.437339
v -1.073702 0.582947 -0.444097
v -1.082925 0.570429 -0.450212
v -1.077470 0.563512 -0.444664
v -1.069890 0.556666 -0.443217
v -1.086617 0.549495 -0.451719
v -1.078885 0.543779 -0.449988
v -1.092246 0.555277 -0.457236
v -1.100049 0.537924 -0.464701
v -1.094345 0.533257 -0.459223
v -1.086601 0.528867 -0.457246
v -1.078087 0.525458 -0.458845
v -1.070383 0.539108 -0.452022
v -1.061518 0.550806 -0.445661
v -1.052643 0.560345 -0.440256
v -1.070773 0.595819 -0.479431
v -1.074449 0.593812 -0.466689
v -1.064971 0.594808 -0.490146
v -1.074650 0.581834 -0.494303
v -1.080419 0.582401 -0.484164
v -1.084052 0.580405 -0.472053
v -1.090163 0.566282 -0.489617
v -1.093732 0.564205 -0.478168
v -1.084307 0.566055 -0.499110
v -1.092664 0.548061 -0.504151
v -1.098346 0.547713 -0.495386
v -1.101752 0.545608 -0.484687
v -1.094458 0.560302 -0.466715
v -1.085072 0.576245 -0.460054
v -1.102446 0.542230 -0.473793
v -1.075545 0.589376 -0.454256
v -1.058665 0.571936 -0.502476
v -1.049182 0.583224 -0.499218
v -1.041873 0.575157 -0.497557
v -1.051085 0.564960 -0.500651
v -1.060503 0.552490 -0.504210
v -1.068235 0.558304 -0.506225
v -1.068782 0.538096 -0.508011
v -1.076526 0.542584 -0.510271
v -1.084942 0.546144 -0.509043
v -1.076542 0.563146 -0.504555
v -1.066939 0.577947 -0.500403
v -1.057261 0.590115 -0.496736
v -1.072129 0.461991 -0.502945
v -1.074591 0.460063 -0.495888
v -1.072481 0.441009 -0.502353
v -1.070475 0.442676 -0.508019
v -1.078930 0.458360 -0.490446
v -1.076147 0.439385 -0.497941
v -1.072670 0.421848 -0.505046
v -1.069785 0.422917 -0.508380
v -1.068147 0.423953 -0.512783
v -1.067273 0.407788 -0.513386
v -1.065874 0.407705 -0.516905
v -1.069529 0.407888 -0.510813
v -1.065928 0.409545 -0.520079
v -1.068082 0.425241 -0.517416
v -1.067251 0.410956 -0.522871
v -1.069503 0.426118 -0.521556
v -1.070323 0.444051 -0.514103
v -1.071858 0.463751 -0.510377
v -1.072070 0.444993 -0.519596
v -1.073919 0.465148 -0.517088
v -1.091621 0.456331 -0.487549
v -1.097901 0.456312 -0.489883
v -1.092277 0.436643 -0.497829
v -1.086983 0.437103 -0.495872
v -1.102511 0.456941 -0.494531
v -1.096236 0.436857 -0.501775
v -1.088778 0.419153 -0.508197
v -1.085459 0.418936 -0.505310
v -1.081120 0.419229 -0.503834
v -1.079053 0.404759 -0.511680
v -1.075343 0.404340 -0.510767
v -1.081883 0.405656 -0.513381
v -1.072241 0.405992 -0.510303
v -1.076673 0.420421 -0.503634
v -1.081256 0.438112 -0.495841
v -1.085004 0.457075 -0.487715
v -1.104203 0.460216 -0.508952
v -1.101741 0.462209 -0.516198
v -1.095705 0.440966 -0.519610
v -1.097733 0.439293 -0.513628
v -1.097403 0.463978 -0.521829
v -1.092039 0.442589 -0.524021
v -1.085590 0.423526 -0.525306
v -1.088367 0.421931 -0.521943
v -1.089896 0.420368 -0.517510
v -1.081190 0.406834 -0.523552
v -1.081841 0.404943 -0.520396
v -1.079508 0.408842 -0.525716
v -1.082459 0.405125 -0.516631
v -1.090167 0.419488 -0.512630
v -1.097983 0.437832 -0.507362
v -1.104572 0.458338 -0.501243
v -1.076825 0.425112 -0.526452
v -1.081322 0.444878 -0.525876
v -1.076029 0.445240 -0.523636
v -1.072714 0.425906 -0.524697
v -1.084712 0.465876 -0.524347
v -1.078551 0.465902 -0.521800
v -1.069410 0.409798 -0.525069
v -1.072393 0.408368 -0.526408
v -1.076222 0.408630 -0.526635
v -1.081479 0.424459 -0.526783
v -1.086952 0.443955 -0.526089
v -1.091329 0.465230 -0.524465
v -1.070175 0.510020 -0.478131
v -1.067029 0.512035 -0.487803
v -1.075706 0.509222 -0.470156
v -1.078877 0.493389 -0.476674
v -1.073617 0.494709 -0.483834
v -1.070537 0.496773 -0.492749
v -1.075010 0.478020 -0.489801
v -1.072190 0.480058 -0.497878
v -1.079847 0.476402 -0.483377
v -1.071843 0.482290 -0.506311
v -1.070114 0.499443 -0.502088
v -1.074067 0.484236 -0.513785
v -1.072544 0.502091 -0.510166
v -1.066531 0.515014 -0.497671
v -1.068895 0.518518 -0.506300
v -1.099252 0.515284 -0.466690
v -1.091595 0.512233 -0.464569
v -1.105011 0.518744 -0.472161
v -1.106990 0.498543 -0.479656
v -1.101448 0.496169 -0.474340
v -1.094073 0.494383 -0.471994
v -1.100922 0.476301 -0.482037
v -1.094078 0.475567 -0.479646
v -1.106172 0.477702 -0.487160
v -1.086583 0.475624 -0.480050
v -1.086122 0.493373 -0.472765
v -1.083287 0.510136 -0.465715
v -1.108759 0.503881 -0.497596
v -1.106758 0.525318 -0.491156
v -1.103515 0.527484 -0.501198
v -1.105798 0.506114 -0.506769
v -1.097983 0.528315 -0.509268
v -1.100418 0.507428 -0.514144
v -1.105109 0.484108 -0.511925
v -1.107929 0.481972 -0.503565
v -1.100174 0.485778 -0.518436
v -1.108395 0.479714 -0.494823
v -1.109301 0.501185 -0.487948
v -1.107376 0.522281 -0.480885
v -1.085342 0.506343 -0.518326
v -1.082192 0.525153 -0.514484
v -1.074556 0.522063 -0.511953
v -1.077967 0.504459 -0.515697
v -1.086139 0.486410 -0.521709
v -1.079219 0.485723 -0.519090
v -1.093439 0.486525 -0.521670
v -1.093173 0.507411 -0.517958
v -1.090402 0.527368 -0.513614
v -0.799418 0.464175 -0.001539
v -0.804668 0.460320 0.000093
v -0.803944 0.456388 -0.016918
v -0.798780 0.459773 -0.018818
v -0.809137 0.457860 0.001043
v -0.808586 0.454601 -0.015525
v -0.813414 0.454575 -0.032247
v -0.808924 0.456267 -0.034096
v -0.803695 0.459375 -0.036092
v -0.825919 0.469905 -0.061021
v -0.813154 0.462765 -0.051107
v -0.818263 0.459521 -0.048947
v -0.830877 0.465916 -0.058800
v -0.822515 0.457554 -0.046769
v -0.834782 0.463247 -0.056547
v -0.807567 0.467564 -0.053049
v -0.798141 0.463876 -0.038136
v -0.820126 0.475167 -0.062909
v -0.813812 0.481765 -0.064547
v -0.801795 0.473822 -0.054699
v -0.792662 0.470105 -0.039902
v -0.793269 0.464459 -0.020799
v -0.787693 0.470839 -0.022936
v -0.787896 0.476271 -0.006148
v -0.793820 0.469494 -0.003725
v -0.877157 0.499666 0.001603
v -0.867785 0.496644 0.016745
v -0.865603 0.504243 0.016932
v -0.875214 0.507539 0.001462
v -0.855421 0.490874 0.026814
v -0.852892 0.497770 0.027076
v -0.848291 0.506397 0.026243
v -0.861208 0.513409 0.015968
v -0.870960 0.516934 0.000364
v -0.854330 0.523392 0.013698
v -0.864027 0.527122 -0.001834
v -0.841597 0.515792 0.023982
v -0.832538 0.525170 0.020235
v -0.844728 0.533110 0.009963
v -0.854154 0.536929 -0.005328
v -0.869365 0.526540 -0.019806
v -0.876244 0.516622 -0.017725
v -0.859492 0.536249 -0.023016
v -0.859387 0.530895 -0.040095
v -0.868890 0.521555 -0.037392
v -0.875682 0.512173 -0.035232
v -0.880443 0.507367 -0.016369
v -0.882256 0.499681 -0.015740
v -0.879936 0.503617 -0.033740
v -0.881900 0.496479 -0.032605
v -0.818956 0.484262 0.023370
v -0.823882 0.478054 0.024508
v -0.811922 0.468027 0.014281
v -0.806931 0.473022 0.012936
v -0.827495 0.473288 0.024557
v -0.816153 0.464584 0.014786
v -0.805395 0.499665 0.017787
v -0.812848 0.491562 0.021127
v -0.801019 0.479279 0.010756
v -0.794455 0.486580 0.007879
v -0.827065 0.504427 0.025987
v -0.833542 0.495950 0.028247
v -0.818722 0.513267 0.022371
v -0.838186 0.488477 0.029161
v -0.841344 0.482612 0.028936
v -0.456644 0.568006 -0.277570
v -0.446215 0.545599 -0.285932
v -0.452830 0.548861 -0.274758
v -0.462456 0.570509 -0.269620
v -0.422836 0.523918 -0.297005
v -0.438354 0.530961 -0.274266
v -0.453753 0.537698 -0.259355
v -0.465627 0.554795 -0.262345
v -0.473258 0.574836 -0.260300
v -0.480538 0.560902 -0.250931
v -0.487042 0.579956 -0.250284
v -0.470281 0.544624 -0.246389
v -0.487839 0.551434 -0.234415
v -0.496762 0.567025 -0.239828
v -0.502127 0.585318 -0.239972
v -0.503207 0.603398 -0.235007
v -0.488751 0.598903 -0.244807
v -0.499385 0.618775 -0.224838
v -0.484961 0.614887 -0.234535
v -0.471469 0.611482 -0.244066
v -0.475520 0.594699 -0.254085
v -0.465119 0.591448 -0.262399
v -0.460711 0.609083 -0.252721
v -0.454410 0.608425 -0.260035
v -0.459350 0.589773 -0.269323
v -0.834043 0.280764 -0.044373
v -0.832664 0.283575 -0.044673
v -0.828284 0.278193 -0.044308
v -0.829206 0.275220 -0.044169
v -0.832881 0.287308 -0.044020
v -0.829888 0.284575 -0.043482
v -0.827751 0.283047 -0.041682
v -0.826158 0.276374 -0.042925
v -0.827037 0.273216 -0.042851
v -0.830007 0.279937 -0.035455
v -0.827362 0.274755 -0.039993
v -0.826461 0.277820 -0.040099
v -0.828803 0.282647 -0.035896
v -0.827696 0.284180 -0.038646
v -0.829116 0.286490 -0.035628
v -0.833153 0.279789 -0.034026
v -0.830616 0.275101 -0.038498
v -0.836786 0.281412 -0.032408
v -0.836006 0.278676 -0.035256
v -0.830410 0.273601 -0.041237
v -0.832460 0.275566 -0.042675
v -0.837188 0.280616 -0.042943
v -0.838219 0.279196 -0.040154
v -0.840648 0.282275 -0.040996
v -0.539449 0.561770 -0.164104
v -0.548182 0.563954 -0.178583
v -0.533204 0.560665 -0.187756
v -0.523875 0.558057 -0.173212
v -0.554808 0.571840 -0.190567
v -0.540720 0.568882 -0.199732
v -0.524094 0.564135 -0.210466
v -0.515309 0.555313 -0.198699
v -0.505124 0.552077 -0.184265
v -0.495908 0.548601 -0.210957
v -0.484551 0.544707 -0.196645
v -0.506102 0.558127 -0.222270
v -0.476115 0.541197 -0.223771
v -0.463490 0.536763 -0.209856
v -0.473594 0.546833 -0.181525
v -0.494840 0.554515 -0.169250
v -0.451687 0.538776 -0.194776
v -0.442584 0.547625 -0.180618
v -0.464740 0.555468 -0.167547
v -0.486040 0.563043 -0.155626
v -0.514090 0.560972 -0.158350
v -0.530044 0.565090 -0.149419
v -0.505269 0.569603 -0.145324
v -0.521363 0.574049 -0.136810
v -0.504691 0.638642 -0.175146
v -0.517282 0.642018 -0.168058
v -0.506880 0.640050 -0.151812
v -0.493345 0.636484 -0.158649
v -0.529050 0.645537 -0.161450
v -0.519374 0.643708 -0.145474
v -0.512248 0.636085 -0.132659
v -0.498908 0.632282 -0.138942
v -0.484028 0.628224 -0.145948
v -0.476515 0.632399 -0.192531
v -0.491156 0.635467 -0.183117
v -0.478530 0.633093 -0.166694
v -0.462489 0.629836 -0.176491
v -0.467749 0.624334 -0.154376
v -0.450104 0.620478 -0.164803
v -0.489522 0.628524 -0.209629
v -0.503361 0.631761 -0.200473
v -0.512800 0.622392 -0.215552
v -0.525446 0.625913 -0.206721
v -0.516115 0.635035 -0.192257
v -0.528023 0.638358 -0.184553
v -0.537321 0.629371 -0.198442
v -0.548600 0.632666 -0.190853
v -0.539399 0.641828 -0.177538
v -0.477831 0.595773 -0.140319
v -0.495379 0.601270 -0.131759
v -0.498909 0.583998 -0.136235
v -0.480244 0.577899 -0.145743
v -0.510422 0.605553 -0.124571
v -0.514548 0.588444 -0.128355
v -0.437780 0.583864 -0.162408
v -0.458440 0.589828 -0.150409
v -0.459627 0.570857 -0.156845
v -0.437980 0.563842 -0.169525
v -0.461060 0.608759 -0.149275
v -0.478934 0.613636 -0.140083
v -0.441821 0.603916 -0.160465
v -0.495223 0.618334 -0.132433
v -0.509452 0.622370 -0.125859
v -0.653789 0.573233 -0.143227
v -0.644887 0.561670 -0.146368
v -0.657393 0.559862 -0.139586
v -0.666024 0.570707 -0.136693
v -0.634672 0.552241 -0.144119
v -0.647600 0.550926 -0.137168
v -0.663490 0.548983 -0.128529
v -0.672903 0.557710 -0.131337
v -0.680916 0.568169 -0.128789
v -0.690529 0.554981 -0.121912
v -0.697989 0.565396 -0.119802
v -0.681669 0.546331 -0.118760
v -0.701399 0.542607 -0.108514
v -0.709651 0.551419 -0.112034
v -0.716580 0.561882 -0.110330
v -0.721241 0.572128 -0.103940
v -0.703181 0.575594 -0.113006
v -0.722616 0.580468 -0.093554
v -0.704990 0.583938 -0.102301
v -0.688698 0.587256 -0.110571
v -0.686608 0.578649 -0.121578
v -0.672041 0.581667 -0.129211
v -0.674359 0.590775 -0.117925
v -0.662568 0.594757 -0.123957
v -0.660077 0.584911 -0.135497
v -0.615397 0.545368 -0.123006
v -0.624422 0.546839 -0.135615
v -0.614986 0.547446 -0.140377
v -0.605744 0.545924 -0.127786
v -0.625420 0.553262 -0.148950
v -0.618804 0.554112 -0.152253
v -0.608261 0.547770 -0.143651
v -0.598922 0.546236 -0.130957
v -0.603250 0.548119 -0.145963
v -0.593889 0.546460 -0.133207
v -0.613727 0.555186 -0.154739
v -0.609009 0.556476 -0.157150
v -0.598858 0.548886 -0.148026
v -0.589475 0.547069 -0.135113
v -0.582314 0.550823 -0.120384
v -0.586880 0.549955 -0.118462
v -0.578460 0.560249 -0.106133
v -0.583580 0.558586 -0.104167
v -0.589177 0.557145 -0.101914
v -0.592141 0.549393 -0.116329
v -0.599093 0.548763 -0.113267
v -0.608877 0.547857 -0.108502
v -0.596346 0.555630 -0.098946
v -0.606271 0.553984 -0.094331
v -0.636888 0.616596 -0.101934
v -0.644438 0.609507 -0.098772
v -0.635142 0.608060 -0.085731
v -0.627223 0.615290 -0.088739
v -0.653659 0.603228 -0.094696
v -0.644656 0.601719 -0.081677
v -0.634406 0.596219 -0.072890
v -0.624632 0.602324 -0.077026
v -0.616507 0.609016 -0.079901
v -0.621320 0.632166 -0.108835
v -0.629586 0.624343 -0.104974
v -0.619704 0.622888 -0.091513
v -0.611221 0.630529 -0.095013
v -0.608881 0.616022 -0.082457
v -0.600603 0.623070 -0.085633
v -0.637094 0.620519 -0.120362
v -0.644016 0.613335 -0.117127
v -0.629370 0.628034 -0.124328
v -0.633571 0.618472 -0.139050
v -0.640764 0.611811 -0.135000
v -0.647056 0.605536 -0.131769
v -0.651165 0.606718 -0.113802
v -0.659984 0.600911 -0.109564
v -0.653988 0.599804 -0.128351
v -0.597434 0.583655 -0.081665
v -0.605158 0.579439 -0.078782
v -0.598783 0.566553 -0.087034
v -0.591364 0.569349 -0.090090
v -0.615170 0.575384 -0.074469
v -0.608784 0.563857 -0.082569
v -0.585127 0.572087 -0.092213
v -0.590600 0.588006 -0.083973
v -0.579247 0.575106 -0.094451
v -0.583766 0.592389 -0.086375
v -0.591170 0.609436 -0.083035
v -0.598937 0.603531 -0.080312
v -0.606173 0.597641 -0.077900
v -0.614222 0.592064 -0.075063
v -0.624191 0.586855 -0.070830
v -0.577697 0.604411 -0.188115
v -0.568522 0.603706 -0.193964
v -0.568591 0.586526 -0.191320
v -0.577213 0.586184 -0.185832
v -0.558077 0.601753 -0.200984
v -0.558103 0.585292 -0.198198
v -0.565480 0.572518 -0.183775
v -0.573615 0.571440 -0.178646
v -0.594498 0.602337 -0.177829
v -0.586179 0.603970 -0.182872
v -0.584534 0.584826 -0.181223
v -0.591422 0.582461 -0.176855
v -0.579993 0.569183 -0.174558
v -0.585807 0.566368 -0.170981
v -0.594395 0.622412 -0.173762
v -0.584786 0.623544 -0.179612
v -0.590855 0.639544 -0.164786
v -0.580052 0.640088 -0.171263
v -0.569684 0.638730 -0.177549
v -0.575220 0.622921 -0.185433
v -0.565372 0.621099 -0.191668
v -0.559229 0.636035 -0.183979
v -0.554895 0.618474 -0.198603
v -0.558636 0.560904 -0.152661
v -0.564450 0.558088 -0.149084
v -0.572933 0.560388 -0.163100
v -0.566978 0.563072 -0.166828
v -0.569332 0.554921 -0.146051
v -0.578031 0.557239 -0.159954
v -0.550729 0.562450 -0.157417
v -0.559125 0.564478 -0.171844
v -0.541605 0.566196 -0.142903
v -0.533012 0.575589 -0.130355
v -0.541623 0.574929 -0.125505
v -0.549773 0.564886 -0.138066
v -0.555847 0.562339 -0.134501
v -0.548218 0.572788 -0.121589
v -0.554032 0.570038 -0.118201
v -0.560945 0.559223 -0.131450
v -0.551076 0.652794 -0.148476
v -0.562030 0.654867 -0.141837
v -0.552419 0.652574 -0.126444
v -0.541628 0.650724 -0.132899
v -0.573668 0.654761 -0.134998
v -0.563645 0.652522 -0.119797
v -0.555284 0.643321 -0.108161
v -0.544698 0.643819 -0.114336
v -0.534427 0.642376 -0.120440
v -0.540177 0.649448 -0.154918
v -0.530772 0.647531 -0.139184
v -0.523874 0.639603 -0.126580
v -0.550288 0.645531 -0.170867
v -0.560970 0.648760 -0.164253
v -0.571881 0.650649 -0.157678
v -0.583280 0.650399 -0.150888
v -0.548502 0.607345 -0.103220
v -0.549830 0.587209 -0.108577
v -0.542942 0.589444 -0.112566
v -0.540302 0.608952 -0.107955
v -0.535523 0.590725 -0.116885
v -0.531918 0.609274 -0.112921
v -0.526402 0.590524 -0.122032
v -0.522287 0.608212 -0.118365
v -0.521209 0.625504 -0.119700
v -0.531371 0.627520 -0.113928
v -0.540818 0.628136 -0.108321
v -0.550330 0.627155 -0.102841
v -0.627105 0.586701 -0.157516
v -0.618909 0.570012 -0.160098
v -0.624018 0.567509 -0.157259
v -0.632876 0.582797 -0.154208
v -0.629311 0.565419 -0.154489
v -0.638397 0.579302 -0.151288
v -0.635906 0.563474 -0.151140
v -0.645025 0.576025 -0.147870
v -0.651475 0.588896 -0.139941
v -0.644793 0.593380 -0.143366
v -0.638848 0.598387 -0.146611
v -0.632437 0.603784 -0.150356
v -0.593922 0.550189 -0.150644
v -0.584713 0.548142 -0.137493
v -0.603672 0.558413 -0.160078
v -0.597891 0.560866 -0.163569
v -0.588683 0.552107 -0.153579
v -0.579648 0.549828 -0.140191
v -0.574495 0.552147 -0.143093
v -0.583314 0.554472 -0.156783
v -0.591838 0.563538 -0.167197
v -0.566325 0.556468 -0.128381
v -0.560259 0.567298 -0.114809
v -0.566507 0.564715 -0.111574
v -0.571890 0.554159 -0.125475
v -0.577205 0.552194 -0.122767
v -0.572657 0.562284 -0.108710
v -0.598789 0.646532 -0.120700
v -0.610841 0.639715 -0.114165
v -0.600547 0.638022 -0.100046
v -0.588571 0.644563 -0.106146
v -0.590330 0.629862 -0.090166
v -0.578800 0.635855 -0.095610
v -0.586174 0.651821 -0.127761
v -0.576032 0.649608 -0.112869
v -0.566944 0.640529 -0.101720
v -0.595548 0.647315 -0.143701
v -0.607772 0.642076 -0.136516
v -0.602298 0.636505 -0.157795
v -0.613720 0.631435 -0.150870
v -0.619358 0.635421 -0.129820
v -0.624351 0.625208 -0.144449
v -0.572425 0.578228 -0.097288
v -0.575554 0.596903 -0.089790
v -0.564951 0.581392 -0.100746
v -0.566703 0.601037 -0.093865
v -0.557314 0.584397 -0.104575
v -0.557483 0.604571 -0.098464
v -0.560710 0.624408 -0.097230
v -0.571395 0.620273 -0.091886
v -0.581819 0.615064 -0.087018
v -0.611756 0.595415 -0.166993
v -0.603165 0.599304 -0.172422
v -0.598635 0.579640 -0.172328
v -0.605860 0.576396 -0.167840
v -0.619924 0.591099 -0.161923
v -0.612726 0.573035 -0.163710
v -0.624160 0.609480 -0.155268
v -0.614712 0.614810 -0.161151
v -0.604559 0.619353 -0.167412
v -0.513377 0.572935 -0.228375
v -0.517267 0.590378 -0.229447
v -0.529721 0.578161 -0.217265
v -0.531984 0.594946 -0.219093
v -0.544882 0.582441 -0.207009
v -0.545681 0.598793 -0.209410
v -0.543204 0.615332 -0.206668
v -0.530635 0.611731 -0.215632
v -0.517230 0.607757 -0.225147
v -0.457169 0.533874 -0.236451
v -0.443221 0.529235 -0.223242
v -0.438874 0.526965 -0.249834
v -0.423168 0.522760 -0.236687
v -0.420904 0.521058 -0.264459
v -0.403093 0.518164 -0.250225
v -0.400384 0.517784 -0.278070
v -0.381792 0.516699 -0.262895
v -0.366106 0.521245 -0.249374
v -0.387895 0.521508 -0.236378
v -0.354941 0.532861 -0.237752
v -0.376991 0.532130 -0.223936
v -0.398823 0.534996 -0.209408
v -0.409131 0.525213 -0.222619
v -0.430355 0.531246 -0.208691
v -0.420687 0.540441 -0.194837
v -0.444965 0.627076 -0.215311
v -0.460507 0.629236 -0.203565
v -0.445278 0.626670 -0.188583
v -0.427675 0.624979 -0.201860
v -0.431406 0.616917 -0.177878
v -0.411895 0.615340 -0.192385
v -0.422568 0.628906 -0.237105
v -0.431441 0.626656 -0.226880
v -0.410799 0.626271 -0.215166
v -0.398987 0.631212 -0.227107
v -0.391927 0.617479 -0.206985
v -0.369745 0.627448 -0.221107
v -0.448732 0.620899 -0.240184
v -0.460424 0.622420 -0.230245
v -0.441563 0.621397 -0.248686
v -0.474653 0.625151 -0.219889
v -0.395168 0.574938 -0.191720
v -0.416686 0.578515 -0.176524
v -0.416160 0.557515 -0.183765
v -0.394328 0.552873 -0.198800
v -0.351404 0.577242 -0.221390
v -0.373411 0.574191 -0.207104
v -0.372354 0.550974 -0.213841
v -0.350358 0.552601 -0.228089
v -0.379675 0.598298 -0.204608
v -0.401042 0.597188 -0.189230
v -0.357548 0.603086 -0.218507
v -0.421789 0.599570 -0.174129
v -0.761742 0.506037 -0.050465
v -0.769031 0.509265 -0.063844
v -0.753107 0.517703 -0.070560
v -0.745980 0.514798 -0.057281
v -0.777165 0.516278 -0.073695
v -0.760862 0.524344 -0.080328
v -0.742074 0.531418 -0.088678
v -0.734309 0.525265 -0.079059
v -0.727128 0.522629 -0.065899
v -0.713873 0.531817 -0.088858
v -0.706443 0.529492 -0.075803
v -0.721888 0.537626 -0.098279
v -0.692939 0.537183 -0.099278
v -0.685238 0.535078 -0.086358
v -0.700856 0.530655 -0.061545
v -0.721617 0.523679 -0.051680
v -0.679498 0.536466 -0.072023
v -0.676643 0.541128 -0.058462
v -0.697881 0.535278 -0.048103
v -0.718643 0.528334 -0.038333
v -0.740545 0.515669 -0.042912
v -0.756328 0.506871 -0.035686
v -0.737614 0.520509 -0.029502
v -0.753755 0.511861 -0.022012
v -0.751226 0.577065 -0.047867
v -0.770425 0.571973 -0.039574
v -0.763157 0.568838 -0.026164
v -0.743926 0.574260 -0.034449
v -0.789493 0.566360 -0.031567
v -0.782107 0.563055 -0.017897
v -0.773973 0.555977 -0.007856
v -0.755424 0.562225 -0.016174
v -0.736041 0.567970 -0.024665
v -0.713880 0.586060 -0.064863
v -0.732331 0.581706 -0.056316
v -0.724662 0.579108 -0.042932
v -0.705940 0.583648 -0.051521
v -0.716549 0.573221 -0.033220
v -0.697361 0.578022 -0.041931
v -0.719761 0.585032 -0.079710
v -0.738157 0.580883 -0.071091
v -0.741152 0.576417 -0.084690
v -0.760047 0.571679 -0.075958
v -0.757073 0.576302 -0.062517
v -0.776055 0.571158 -0.054241
v -0.779008 0.566443 -0.067715
v -0.797578 0.560581 -0.060216
v -0.795005 0.565538 -0.046448
v -0.723019 0.547562 -0.022288
v -0.742283 0.540678 -0.013555
v -0.738468 0.529444 -0.019545
v -0.719334 0.536980 -0.028370
v -0.759606 0.533072 -0.005494
v -0.755151 0.521328 -0.011766
v -0.682538 0.559256 -0.040892
v -0.702876 0.553824 -0.031447
v -0.698822 0.543547 -0.037847
v -0.677997 0.549277 -0.047824
v -0.708980 0.564234 -0.029655
v -0.728895 0.558440 -0.020758
v -0.689228 0.569380 -0.038670
v -0.748170 0.552168 -0.012237
v -0.766176 0.545324 -0.004020
v -0.791629 0.539293 -0.076443
v -0.784962 0.526996 -0.077721
v -0.798814 0.518741 -0.073269
v -0.806989 0.531689 -0.071449
v -0.789651 0.507471 -0.069540
v -0.799415 0.498498 -0.067134
v -0.810237 0.510194 -0.070399
v -0.820332 0.523737 -0.067844
v -0.841421 0.507402 -0.063111
v -0.831820 0.515564 -0.065162
v -0.819773 0.501787 -0.068538
v -0.827823 0.493726 -0.066981
v -0.807216 0.489778 -0.065698
v -0.852730 0.520508 -0.053831
v -0.841481 0.528890 -0.056653
v -0.846976 0.539394 -0.043722
v -0.832191 0.547166 -0.048340
v -0.828138 0.536809 -0.060163
v -0.812973 0.544209 -0.064698
v -0.815541 0.554138 -0.053764
v -0.796182 0.551114 -0.070462
v -0.781226 0.487026 -0.043164
v -0.787356 0.478042 -0.041396
v -0.796099 0.481711 -0.055786
v -0.789481 0.490699 -0.057235
v -0.773100 0.496593 -0.045894
v -0.780801 0.499994 -0.059742
v -0.767806 0.497368 -0.030712
v -0.765851 0.502647 -0.016410
v -0.774953 0.493290 -0.012126
v -0.776094 0.487862 -0.027326
v -0.782365 0.478814 -0.024840
v -0.781918 0.484353 -0.008861
v -0.825527 0.553284 -0.016613
v -0.841072 0.545638 -0.010364
v -0.832232 0.541794 0.004601
v -0.817197 0.549594 -0.002124
v -0.820941 0.533795 0.014747
v -0.807067 0.541771 0.007977
v -0.808118 0.560162 -0.023761
v -0.800297 0.556624 -0.009749
v -0.791274 0.549215 0.000284
v -0.813488 0.559372 -0.039265
v -0.830855 0.552570 -0.032937
v -0.846432 0.544855 -0.027453
v -0.787316 0.494779 0.004360
v -0.796706 0.508096 0.013395
v -0.778811 0.503591 -0.000006
v -0.786519 0.516553 0.008061
v -0.768418 0.512511 -0.005286
v -0.774207 0.525007 0.001668
v -0.782208 0.537957 0.003912
v -0.796343 0.530120 0.011047
v -0.808579 0.521843 0.017290
v -0.834929 0.486476 -0.065250
v -0.849417 0.499415 -0.061105
v -0.840842 0.480317 -0.063354
v -0.855699 0.492047 -0.059098
v -0.845659 0.475227 -0.061301
v -0.860255 0.485752 -0.057143
v -0.848957 0.471619 -0.059055
v -0.863055 0.480861 -0.055233
v -0.872465 0.495760 -0.047662
v -0.868093 0.503341 -0.049385
v -0.874788 0.489678 -0.046058
v -0.861518 0.511772 -0.051449
v -0.729577 0.546783 -0.102103
v -0.735919 0.557499 -0.100734
v -0.749437 0.541064 -0.092756
v -0.755433 0.552144 -0.091580
v -0.768213 0.534412 -0.084367
v -0.774220 0.546073 -0.083307
v -0.778132 0.557383 -0.077609
v -0.759259 0.563021 -0.085819
v -0.740092 0.567978 -0.094688
v -0.672721 0.541106 -0.109772
v -0.664672 0.539300 -0.096855
v -0.654054 0.543927 -0.119695
v -0.645615 0.542268 -0.106939
v -0.637709 0.545707 -0.128495
v -0.628999 0.544234 -0.115781
v -0.622706 0.546384 -0.101394
v -0.639550 0.544047 -0.092574
v -0.620068 0.551904 -0.087326
v -0.636945 0.549270 -0.078608
v -0.658760 0.540821 -0.082474
v -0.656067 0.545707 -0.068730
v -0.679985 0.593813 -0.081547
v -0.696244 0.589921 -0.073475
v -0.688152 0.587767 -0.060149
v -0.671621 0.591878 -0.068358
v -0.679085 0.582340 -0.050808
v -0.662164 0.586631 -0.059272
v -0.665623 0.598176 -0.088822
v -0.656989 0.596428 -0.075674
v -0.647097 0.591144 -0.066813
v -0.671818 0.596210 -0.103675
v -0.686071 0.592321 -0.096448
v -0.702298 0.588726 -0.088273
v -0.644683 0.567911 -0.059698
v -0.662928 0.563825 -0.050529
v -0.657757 0.553915 -0.057860
v -0.639035 0.557779 -0.067317
v -0.628598 0.571703 -0.067910
v -0.622483 0.560927 -0.075858
v -0.637207 0.582293 -0.064576
v -0.652772 0.578094 -0.056715
v -0.670344 0.573860 -0.047915
v -0.819629 0.454424 -0.029443
v -0.827906 0.456992 -0.042837
v -0.825693 0.456848 -0.044685
v -0.817005 0.454075 -0.030727
v -0.838904 0.461786 -0.051974
v -0.837266 0.462072 -0.054202
v -0.812209 0.453966 -0.014580
v -0.815159 0.454185 -0.014081
v -0.812609 0.456775 0.001198
v -0.815353 0.456781 0.000882
v -0.823100 0.455726 -0.027725
v -0.829478 0.457561 -0.041160
v -0.830595 0.458066 -0.039928
v -0.839706 0.461966 -0.049902
v -0.819114 0.462736 0.014360
v -0.821370 0.462168 0.013212
v -0.829926 0.470583 0.023519
v -0.831358 0.469189 0.021874
v -0.855976 0.483498 0.023318
v -0.843439 0.476689 0.025519
v -0.842907 0.478798 0.027621
v -0.856300 0.486299 0.025342
v -0.843363 0.475613 0.023349
v -0.854968 0.481907 0.021077
v -0.843027 0.475173 0.021399
v -0.832497 0.468540 0.018266
v -0.822813 0.462160 0.011940
v -0.875521 0.490934 0.000072
v -0.867050 0.488244 0.013954
v -0.868068 0.491547 0.015622
v -0.877028 0.494363 0.001043
v -0.881997 0.494501 -0.015622
v -0.880241 0.491090 -0.015847
v -0.881674 0.491677 -0.031722
v -0.880167 0.488664 -0.031069
v -0.875838 0.487913 -0.016519
v -0.871498 0.487650 -0.002118
v -0.873472 0.488912 -0.001154
v -0.865413 0.486461 0.012070
v -0.875071 0.485639 -0.044594
v -0.874052 0.483232 -0.043203
v -0.864107 0.477854 -0.053202
v -0.863891 0.476149 -0.051252
v -0.851517 0.468579 -0.054497
v -0.850833 0.469505 -0.056716
v -0.870885 0.481047 -0.040995
v -0.841496 0.461031 -0.046522
v -0.832331 0.457051 -0.038480
v -0.825345 0.454863 -0.026753
v -0.821145 0.456636 -0.000754
v -0.821255 0.454745 -0.013571
v -0.823197 0.451687 -0.013251
v -0.827135 0.451998 -0.026260
v -0.823066 0.453517 -0.000560
v -0.826191 0.447787 -0.000209
v -0.826290 0.446188 -0.012608
v -0.830130 0.446454 -0.025421
v -0.834121 0.454087 -0.037704
v -0.836997 0.448407 -0.036701
v -0.845901 0.452021 -0.044446
v -0.843145 0.457838 -0.045613
v -0.833767 0.466792 0.016816
v -0.825796 0.461023 0.009750
v -0.824744 0.462277 0.009971
v -0.832974 0.468217 0.017308
v -0.853971 0.478411 0.017439
v -0.843657 0.472913 0.019668
v -0.843027 0.474594 0.020248
v -0.853580 0.480269 0.017973
v -0.845285 0.469017 0.019488
v -0.835557 0.463185 0.016630
v -0.855458 0.474319 0.017297
v -0.858464 0.466675 0.017305
v -0.848378 0.461808 0.019435
v -0.838758 0.456470 0.016642
v -0.827652 0.457693 0.009659
v -0.830864 0.451460 0.009837
v -0.863060 0.484411 0.009564
v -0.863234 0.482436 0.009201
v -0.870490 0.484568 -0.002864
v -0.874699 0.486925 -0.016648
v -0.874962 0.482870 -0.029577
v -0.876058 0.478631 -0.029028
v -0.875948 0.480522 -0.016212
v -0.878620 0.470981 -0.028070
v -0.878542 0.472607 -0.015451
v -0.874506 0.472284 -0.002340
v -0.871739 0.480234 -0.002771
v -0.864580 0.478115 0.009191
v -0.867445 0.470242 0.009332
v -0.870137 0.478551 -0.039846
v -0.861993 0.472785 -0.046488
v -0.851907 0.466574 -0.048947
v -0.853416 0.463217 -0.048095
v -0.856064 0.456841 -0.046803
v -0.865878 0.462268 -0.044403
v -0.863317 0.469047 -0.045662
v -0.871396 0.474536 -0.039115
v -0.873946 0.467243 -0.037927
v -0.831140 0.437282 -0.011765
v -0.834926 0.437623 -0.024130
v -0.831247 0.438548 0.000201
v -0.837075 0.426627 0.000639
v -0.836902 0.425858 -0.010839
v -0.840439 0.426315 -0.022740
v -0.842545 0.412521 -0.010255
v -0.845876 0.413245 -0.021535
v -0.842783 0.412826 0.000639
v -0.847386 0.397902 -0.000064
v -0.847126 0.398246 -0.010312
v -0.850207 0.399021 -0.020940
v -0.851994 0.414576 -0.031443
v -0.846795 0.427984 -0.033166
v -0.856010 0.400125 -0.030291
v -0.863798 0.401384 -0.036732
v -0.860107 0.416511 -0.038180
v -0.855310 0.430515 -0.040332
v -0.841500 0.439507 -0.035010
v -0.850318 0.442621 -0.042504
v -0.853229 0.450255 0.019470
v -0.843685 0.445773 0.016656
v -0.863164 0.454411 0.017307
v -0.868558 0.438673 0.017169
v -0.858797 0.435418 0.019114
v -0.849470 0.431924 0.016428
v -0.859153 0.398845 0.014012
v -0.854973 0.415939 0.015676
v -0.864137 0.418239 0.018162
v -0.867916 0.399776 0.016343
v -0.873487 0.420482 0.016290
v -0.876854 0.400973 0.014640
v -0.847359 0.414003 0.009508
v -0.841694 0.428795 0.010060
v -0.851821 0.398076 0.008352
v -0.835866 0.441555 0.010018
v -0.882710 0.459869 -0.014343
v -0.878826 0.459418 -0.001593
v -0.882701 0.458681 -0.026600
v -0.887238 0.442632 -0.024941
v -0.887335 0.443449 -0.013235
v -0.883700 0.442915 -0.001043
v -0.891493 0.424478 -0.012584
v -0.887989 0.423789 -0.000975
v -0.891255 0.424238 -0.023668
v -0.893711 0.404527 -0.023167
v -0.893895 0.404230 -0.012691
v -0.890716 0.403346 -0.001678
v -0.881676 0.422370 0.009325
v -0.877072 0.441269 0.009813
v -0.884718 0.402185 0.007971
v -0.871982 0.457591 0.009624
v -0.874669 0.437305 -0.040212
v -0.869991 0.451414 -0.042434
v -0.860253 0.446810 -0.044762
v -0.865071 0.433835 -0.042466
v -0.869554 0.418798 -0.040247
v -0.878892 0.421063 -0.038091
v -0.872812 0.402534 -0.038663
v -0.881695 0.403667 -0.036686
v -0.889178 0.404276 -0.031292
v -0.886582 0.423050 -0.032435
v -0.882521 0.440420 -0.034166
v -0.877962 0.455504 -0.036157
v -0.848020 0.338622 -0.027488
v -0.845850 0.337505 -0.020257
v -0.841060 0.321336 -0.025410
v -0.842883 0.322297 -0.031320
v -0.846056 0.335599 -0.013299
v -0.841299 0.319524 -0.019688
v -0.836020 0.304981 -0.026396
v -0.835760 0.306213 -0.030731
v -0.836997 0.306872 -0.035370
v -0.831067 0.293738 -0.035351
v -0.831686 0.293522 -0.038916
v -0.831652 0.293411 -0.031973
v -0.833920 0.294386 -0.041685
v -0.839622 0.307075 -0.039319
v -0.836794 0.294531 -0.043434
v -0.843082 0.306486 -0.042167
v -0.846105 0.322412 -0.036675
v -0.852001 0.338840 -0.033972
v -0.850454 0.321509 -0.040477
v -0.857327 0.338026 -0.038695
v -0.853953 0.330067 -0.004205
v -0.859854 0.327499 -0.002975
v -0.852754 0.311664 -0.011292
v -0.847894 0.314239 -0.012308
v -0.865983 0.325505 -0.004509
v -0.857863 0.309625 -0.012630
v -0.849168 0.296386 -0.020792
v -0.845144 0.297908 -0.019950
v -0.841119 0.300048 -0.020904
v -0.838368 0.287334 -0.027721
v -0.834929 0.288415 -0.028829
v -0.841708 0.286665 -0.027741
v -0.832835 0.291056 -0.030034
v -0.837919 0.302634 -0.023080
v -0.843750 0.316992 -0.015272
v -0.848985 0.332996 -0.007744
v -0.875485 0.324966 -0.016013
v -0.877731 0.326068 -0.023567
v -0.867453 0.309920 -0.028183
v -0.865630 0.308862 -0.021990
v -0.877623 0.327987 -0.030627
v -0.867312 0.311712 -0.033912
v -0.856501 0.297901 -0.037088
v -0.856480 0.296309 -0.032772
v -0.854863 0.295309 -0.028145
v -0.846460 0.286082 -0.036827
v -0.844790 0.284840 -0.033659
v -0.846926 0.287802 -0.039619
v -0.843531 0.285449 -0.030170
v -0.852444 0.295449 -0.023760
v -0.862213 0.308756 -0.016526
v -0.871309 0.324724 -0.009327
v -0.850741 0.302100 -0.042516
v -0.860619 0.316920 -0.041002
v -0.855585 0.319563 -0.041783
v -0.846901 0.304524 -0.043161
v -0.869531 0.333429 -0.039328
v -0.863554 0.336045 -0.040330
v -0.839062 0.292408 -0.044166
v -0.841525 0.289854 -0.043777
v -0.844692 0.288731 -0.042049
v -0.854223 0.299908 -0.040416
v -0.864741 0.314139 -0.038258
v -0.874618 0.330638 -0.035954
v -0.849613 0.383574 -0.011246
v -0.852586 0.384595 -0.021260
v -0.849916 0.382673 -0.001614
v -0.850473 0.367215 -0.004300
v -0.850224 0.368620 -0.013230
v -0.852947 0.369659 -0.022497
v -0.848937 0.353259 -0.016200
v -0.851433 0.354376 -0.024594
v -0.849154 0.351509 -0.008129
v -0.856000 0.354764 -0.031971
v -0.858024 0.370298 -0.030634
v -0.862074 0.354280 -0.037215
v -0.864771 0.370255 -0.036360
v -0.857955 0.385368 -0.029985
v -0.865321 0.385972 -0.036124
v -0.869233 0.381154 0.013518
v -0.861023 0.381334 0.011359
v -0.877715 0.381220 0.011636
v -0.876104 0.361763 0.007571
v -0.868305 0.362556 0.009325
v -0.860669 0.363907 0.007464
v -0.858233 0.346726 0.002386
v -0.865067 0.344608 0.003877
v -0.872106 0.343102 0.002194
v -0.852603 0.349182 -0.001845
v -0.854313 0.365515 0.002730
v -0.854114 0.381929 0.006169
v -0.893694 0.383693 -0.013955
v -0.890645 0.382719 -0.003714
v -0.893488 0.384639 -0.023784
v -0.890770 0.364922 -0.025400
v -0.890922 0.363505 -0.016369
v -0.888101 0.362389 -0.006811
v -0.885590 0.344084 -0.019575
v -0.882998 0.342922 -0.010985
v -0.885374 0.345867 -0.027740
v -0.878257 0.342537 -0.003184
v -0.882949 0.361765 0.001648
v -0.885081 0.381857 0.005403
v -0.873803 0.386071 -0.038099
v -0.882187 0.385855 -0.036270
v -0.872646 0.369382 -0.038248
v -0.880380 0.368141 -0.036772
v -0.869190 0.352726 -0.039126
v -0.876100 0.350560 -0.037863
v -0.881924 0.348161 -0.033930
v -0.886812 0.366518 -0.032360
v -0.889194 0.385338 -0.031371
v -0.306898 0.595672 -0.242960
v -0.311274 0.623495 -0.237702
v -0.334498 0.611741 -0.229485
v -0.329266 0.584805 -0.233591
v -0.317309 0.648234 -0.235941
v -0.341087 0.636207 -0.229193
v -0.309460 0.546397 -0.261433
v -0.305658 0.568718 -0.251303
v -0.328350 0.559007 -0.240794
v -0.332673 0.537965 -0.250272
v -0.281729 0.580360 -0.259030
v -0.284064 0.608533 -0.248997
v -0.284826 0.556836 -0.271161
v -0.288493 0.637927 -0.243303
v -0.294843 0.662794 -0.241815
v -0.451611 0.536961 -0.315144
v -0.438791 0.532430 -0.309302
v -0.449719 0.546923 -0.293726
v -0.459698 0.550433 -0.299074
v -0.458043 0.568343 -0.283272
v -0.465354 0.570472 -0.287509
v -0.460017 0.613838 -0.270439
v -0.466172 0.592762 -0.278553
v -0.459914 0.590283 -0.274330
v -0.454366 0.610099 -0.265487
v -0.470407 0.619591 -0.276600
v -0.477658 0.596859 -0.283170
v -0.477057 0.573291 -0.291085
v -0.472323 0.553285 -0.302744
v -0.465374 0.539930 -0.318986
v -0.434603 0.617399 -0.408310
v -0.431517 0.592814 -0.409384
v -0.446583 0.592359 -0.407954
v -0.448899 0.616556 -0.406485
v -0.429309 0.570284 -0.402873
v -0.445189 0.570370 -0.401680
v -0.428343 0.662942 -0.394721
v -0.434553 0.641530 -0.402527
v -0.449250 0.640532 -0.398958
v -0.443040 0.662033 -0.388581
v -0.418874 0.665076 -0.400120
v -0.424965 0.643975 -0.406233
v -0.424016 0.619729 -0.411315
v -0.418024 0.594140 -0.412840
v -0.413007 0.570455 -0.406411
v -0.268544 0.607740 -0.393236
v -0.285573 0.611198 -0.411401
v -0.279852 0.632222 -0.405631
v -0.262952 0.630190 -0.386975
v -0.281028 0.655087 -0.397641
v -0.263889 0.654785 -0.378810
v -0.288018 0.676856 -0.388230
v -0.269794 0.678138 -0.369171
v -0.298274 0.694703 -0.377527
v -0.279204 0.697037 -0.359057
v -0.261868 0.701459 -0.339655
v -0.251938 0.681990 -0.349648
v -0.245936 0.656850 -0.359693
v -0.244620 0.629846 -0.367524
v -0.250364 0.605199 -0.373802
v -0.436765 0.539740 -0.362738
v -0.451885 0.541060 -0.364293
v -0.447263 0.552857 -0.385929
v -0.431460 0.552202 -0.385837
v -0.403737 0.537813 -0.359171
v -0.421450 0.538460 -0.361169
v -0.414984 0.551822 -0.387343
v -0.396263 0.551229 -0.386702
v -0.411774 0.528540 -0.330212
v -0.429335 0.530839 -0.333439
v -0.443728 0.534033 -0.337732
v -0.458207 0.536235 -0.340781
v -0.300852 0.577897 -0.398132
v -0.318185 0.581995 -0.413961
v -0.299038 0.594839 -0.414292
v -0.282301 0.590709 -0.397205
v -0.274776 0.570383 -0.365816
v -0.285514 0.574446 -0.382080
v -0.265781 0.587241 -0.379043
v -0.253514 0.582492 -0.360688
v -0.304324 0.565160 -0.381157
v -0.320660 0.567716 -0.394979
v -0.293705 0.562115 -0.367610
v -0.307579 0.557260 -0.367063
v -0.319825 0.557492 -0.375445
v -0.338406 0.558599 -0.386593
v -0.340726 0.571786 -0.409760
v -0.361097 0.561821 -0.399445
v -0.294052 0.541301 -0.305290
v -0.276207 0.550672 -0.294549
v -0.296719 0.541384 -0.282837
v -0.312438 0.532817 -0.294148
v -0.320170 0.532354 -0.272305
v -0.334403 0.525167 -0.284092
v -0.343447 0.525233 -0.261221
v -0.358212 0.519424 -0.273908
v -0.374797 0.519119 -0.288716
v -0.386653 0.522889 -0.307091
v -0.358843 0.526164 -0.313049
v -0.348581 0.523586 -0.297331
v -0.326681 0.529794 -0.305133
v -0.336314 0.531103 -0.317375
v -0.321279 0.535725 -0.320542
v -0.309890 0.536805 -0.314034
v -0.273703 0.556681 -0.333836
v -0.271251 0.564127 -0.349674
v -0.249772 0.574629 -0.342879
v -0.253070 0.565837 -0.325601
v -0.261704 0.558351 -0.309143
v -0.281307 0.549157 -0.318766
v -0.299292 0.543624 -0.325963
v -0.317526 0.539873 -0.330641
v -0.313177 0.545771 -0.344157
v -0.293250 0.550299 -0.339634
v -0.290733 0.556816 -0.353676
v -0.309684 0.552265 -0.357467
v -0.329263 0.549593 -0.363677
v -0.350436 0.548723 -0.371487
v -0.334730 0.542097 -0.348491
v -0.357736 0.539377 -0.352497
v -0.338103 0.535556 -0.332447
v -0.361272 0.531658 -0.332205
v -0.387380 0.529109 -0.330651
v -0.381578 0.538064 -0.356123
v -0.373778 0.549761 -0.380332
v -0.274314 0.710234 -0.280883
v -0.281050 0.704061 -0.267569
v -0.274043 0.700871 -0.264543
v -0.266472 0.708969 -0.279416
v -0.292081 0.696604 -0.256283
v -0.286052 0.690040 -0.252623
v -0.274965 0.716715 -0.310488
v -0.272003 0.714480 -0.295392
v -0.262589 0.712906 -0.296358
v -0.264575 0.713448 -0.314365
v -0.270494 0.719212 -0.291750
v -0.274334 0.722452 -0.304702
v -0.258874 0.735108 -0.296000
v -0.253852 0.731055 -0.284282
v -0.253983 0.726727 -0.272763
v -0.277404 0.709996 -0.267214
v -0.259167 0.722309 -0.261911
v -0.268995 0.717953 -0.252200
v -0.287567 0.704566 -0.256817
v -0.274730 0.711369 -0.332218
v -0.284034 0.717246 -0.325431
v -0.290318 0.708115 -0.349419
v -0.298407 0.715951 -0.339629
v -0.309063 0.705357 -0.365496
v -0.316956 0.713128 -0.352556
v -0.331061 0.702359 -0.378377
v -0.339248 0.708512 -0.363774
v -0.318385 0.722093 -0.338992
v -0.298241 0.724645 -0.328909
v -0.343247 0.715962 -0.348511
v -0.338394 0.729459 -0.328730
v -0.307034 0.738361 -0.325025
v -0.285308 0.740123 -0.317542
v -0.283587 0.724521 -0.317316
v -0.269320 0.738572 -0.307499
v -0.356867 0.698577 -0.385922
v -0.364805 0.701620 -0.372814
v -0.382423 0.692157 -0.390675
v -0.390416 0.692062 -0.380447
v -0.403848 0.681078 -0.395130
v -0.412557 0.679484 -0.387641
v -0.425356 0.678772 -0.378578
v -0.438349 0.677521 -0.365258
v -0.410057 0.691959 -0.353615
v -0.400199 0.692654 -0.368713
v -0.371592 0.705611 -0.358533
v -0.378044 0.707695 -0.341947
v -0.424493 0.681399 -0.311771
v -0.418256 0.688043 -0.333704
v -0.447958 0.674244 -0.344703
v -0.454487 0.667954 -0.321168
v -0.429028 0.662168 -0.272601
v -0.428224 0.672311 -0.290471
v -0.458555 0.657693 -0.298896
v -0.458340 0.646438 -0.280564
v -0.394096 0.689627 -0.280057
v -0.390560 0.698446 -0.300710
v -0.396213 0.678660 -0.262894
v -0.355554 0.699924 -0.249426
v -0.356604 0.712488 -0.267095
v -0.353643 0.721542 -0.287562
v -0.384833 0.704851 -0.321984
v -0.347938 0.727974 -0.308615
v -0.452137 0.637268 -0.268917
v -0.426513 0.651932 -0.260687
v -0.444686 0.629892 -0.261306
v -0.422968 0.642375 -0.252241
v -0.440619 0.624523 -0.255224
v -0.420702 0.634460 -0.245028
v -0.396360 0.640452 -0.236403
v -0.370631 0.646101 -0.231810
v -0.371593 0.661561 -0.239278
v -0.397703 0.652537 -0.244400
v -0.397462 0.665763 -0.252109
v -0.368282 0.677656 -0.245364
v -0.346235 0.654817 -0.233248
v -0.347490 0.670467 -0.238640
v -0.323661 0.665616 -0.238197
v -0.325871 0.679316 -0.241724
v -0.307235 0.688224 -0.247643
v -0.303051 0.677848 -0.244240
v -0.301734 0.698948 -0.248599
v -0.283583 0.713960 -0.244269
v -0.302468 0.710075 -0.239579
v -0.320065 0.692755 -0.243436
v -0.342324 0.686202 -0.242417
v -0.325550 0.706004 -0.240031
v -0.188933 0.768871 -0.223746
v -0.233141 0.740700 -0.240336
v -0.222402 0.744666 -0.250181
v -0.177295 0.773157 -0.234221
v -0.217456 0.749162 -0.260795
v -0.172142 0.778313 -0.245348
v -0.181947 0.790350 -0.269334
v -0.173747 0.784118 -0.256991
v -0.218183 0.753987 -0.271825
v -0.224777 0.759165 -0.283473
v -0.130840 0.817192 -0.242307
v -0.128693 0.810203 -0.229062
v -0.140113 0.824494 -0.255656
v -0.113042 0.858829 -0.240959
v -0.103097 0.850923 -0.226655
v -0.100331 0.842798 -0.211580
v -0.133520 0.803915 -0.216315
v -0.104909 0.835265 -0.197253
v -0.117047 0.828866 -0.185074
v -0.145658 0.798778 -0.204970
v -0.215863 0.802427 -0.292884
v -0.196860 0.797145 -0.282540
v -0.237391 0.764437 -0.295724
v -0.254930 0.768021 -0.305806
v -0.254975 0.802834 -0.291474
v -0.236438 0.804578 -0.296479
v -0.276439 0.768366 -0.311082
v -0.295985 0.765737 -0.307969
v -0.197284 0.839445 -0.280435
v -0.176405 0.837199 -0.277931
v -0.215745 0.837585 -0.274730
v -0.191244 0.869241 -0.257784
v -0.172426 0.871887 -0.263641
v -0.150971 0.870442 -0.261495
v -0.156350 0.831624 -0.268535
v -0.130081 0.865693 -0.253295
v -0.274250 0.788077 -0.255520
v -0.267612 0.796773 -0.276216
v -0.308068 0.760569 -0.293038
v -0.314283 0.753189 -0.272100
v -0.315965 0.743822 -0.251424
v -0.274533 0.778260 -0.234471
v -0.309804 0.736148 -0.235030
v -0.267147 0.769904 -0.217466
v -0.226268 0.801608 -0.200504
v -0.234684 0.810556 -0.217727
v -0.200153 0.830115 -0.184009
v -0.209285 0.839559 -0.201273
v -0.210423 0.850758 -0.222269
v -0.235237 0.820973 -0.238887
v -0.228642 0.830790 -0.259408
v -0.204120 0.861417 -0.242605
v -0.291984 0.733922 -0.227124
v -0.250324 0.765463 -0.209160
v -0.269553 0.735142 -0.226386
v -0.228826 0.764322 -0.208495
v -0.249378 0.737457 -0.231617
v -0.207296 0.765728 -0.214252
v -0.164878 0.795359 -0.195571
v -0.136679 0.824715 -0.176351
v -0.159783 0.823146 -0.172449
v -0.187449 0.794253 -0.190452
v -0.209175 0.796221 -0.191783
v -0.182300 0.824821 -0.174727
v -0.115065 0.904697 -0.173310
v -0.100626 0.873926 -0.193018
v -0.103890 0.882789 -0.209002
v -0.118709 0.914096 -0.189849
v -0.114324 0.890822 -0.224003
v -0.129761 0.921871 -0.205468
v -0.129211 0.936173 -0.152618
v -0.133071 0.945852 -0.169801
v -0.144742 0.953435 -0.186227
v -0.133345 0.925530 -0.136825
v -0.145657 0.915087 -0.124665
v -0.131185 0.886007 -0.145483
v -0.119177 0.895029 -0.157815
v -0.104912 0.865225 -0.177931
v -0.116930 0.857654 -0.165415
v -0.170110 0.929100 -0.226564
v -0.153393 0.900482 -0.244366
v -0.175292 0.900573 -0.246345
v -0.192541 0.927465 -0.228926
v -0.194317 0.896559 -0.240747
v -0.211784 0.921662 -0.223628
v -0.187087 0.957888 -0.208491
v -0.210517 0.954332 -0.211304
v -0.230508 0.946887 -0.206467
v -0.163973 0.957417 -0.199557
v -0.148037 0.926990 -0.218300
v -0.132036 0.896994 -0.236366
v -0.211414 0.864137 -0.185076
v -0.212975 0.875828 -0.205902
v -0.201773 0.854638 -0.167619
v -0.217851 0.877287 -0.151240
v -0.228133 0.886491 -0.168905
v -0.230117 0.898674 -0.189561
v -0.246370 0.909237 -0.152704
v -0.248929 0.921687 -0.173269
v -0.235373 0.900376 -0.134604
v -0.243493 0.935134 -0.192538
v -0.224584 0.911270 -0.209124
v -0.207106 0.887462 -0.225902
v -0.136726 0.852082 -0.157393
v -0.160209 0.849273 -0.154554
v -0.151198 0.878775 -0.138139
v -0.175192 0.874344 -0.136282
v -0.166299 0.906240 -0.118090
v -0.191052 0.900004 -0.117490
v -0.215491 0.897763 -0.122917
v -0.198783 0.873537 -0.140580
v -0.183269 0.849932 -0.157712
vn -0.4524 -0.3405 -0.8242
vn -0.5113 -0.0856 -0.8551
vn -0.6131 -0.3259 -0.7197
vn -0.4484 -0.3402 -0.8266
vn 0.1856 0.5295 -0.8278
vn 0.2893 0.4915 -0.8214
vn 0.2816 0.4930 -0.8232
vn 0.3650 0.5670 -0.7385
vn 0.4845 -0.3362 -0.8076
vn 0.5884 -0.3551 -0.7264
vn 0.5987 -0.6613 -0.4520
vn 0.4824 -0.6805 -0.5516
vn 0.7308 -0.3634 -0.5778
vn 0.7267 -0.6127 -0.3106
vn 0.6667 -0.7408 -0.0819
vn 0.5299 -0.8281 -0.1827
vn 0.3994 -0.8783 -0.2627
vn -0.0117 -0.9208 0.3899
vn 0.2320 -0.9718 0.0421
vn 0.3737 -0.9236 0.0855
vn 0.1200 -0.9048 0.4086
vn 0.5397 -0.8304 0.1384
vn 0.3168 -0.8466 0.4276
vn 0.1030 -0.9947 -0.0030
vn 0.2661 -0.9048 -0.3323
vn -0.1090 -0.9240 0.3666
vn -0.1904 -0.9246 0.3300
vn -0.0213 -0.9982 -0.0565
vn 0.1265 -0.9102 -0.3944
vn 0.3682 -0.6874 -0.6260
vn 0.2482 -0.6892 -0.6807
vn 0.3248 -0.3167 -0.8912
vn 0.4013 -0.3207 -0.8580
vn 0.4097 0.7383 0.5358
vn 0.4969 0.8293 0.2556
vn 0.2907 0.9392 0.1827
vn 0.1936 0.8457 0.4974
vn 0.5680 0.8114 -0.1381
vn 0.3735 0.8967 -0.2374
vn 0.2353 0.9222 -0.3070
vn 0.1291 0.9849 0.1157
vn 0.0219 0.8939 0.4478
vn -0.0189 0.9986 0.0493
vn -0.1389 0.9111 0.3881
vn 0.1187 0.9239 -0.3639
vn 0.0098 0.9107 -0.4129
vn -0.1616 0.9867 -0.0167
vn -0.2930 0.9012 0.3193
vn -0.3963 0.6880 0.6080
vn -0.2526 0.6988 0.6692
vn -0.4592 0.3065 0.8338
vn -0.3536 0.3168 0.8801
vn -0.2305 0.3234 0.9178
vn -0.0968 0.6897 0.7175
vn 0.0717 0.6567 0.7507
vn 0.2966 0.5737 0.7635
vn -0.0829 0.3172 0.9447
vn 0.1399 0.2733 0.9517
vn 0.3570 0.3926 -0.8476
vn 0.4443 0.3772 -0.8126
vn 0.5093 0.0395 -0.8597
vn 0.4195 0.0670 -0.9053
vn 0.6125 0.3303 -0.7181
vn 0.6699 -0.0045 -0.7425
vn 0.2637 0.3986 -0.8784
vn 0.3028 0.3976 -0.8661
vn 0.3625 0.0834 -0.9282
vn 0.3218 0.0885 -0.9427
vn 0.1662 0.6706 -0.7230
vn 0.2314 0.6782 -0.6975
vn 0.3080 0.6816 -0.6637
vn 0.4137 0.6725 -0.6137
vn 0.5936 0.6193 -0.5139
vn 0.0438 -0.2671 0.9627
vn 0.1633 -0.4665 0.8693
vn -0.0394 -0.4956 0.8677
vn -0.1739 -0.2909 0.9408
vn 0.4055 -0.7568 0.5127
vn 0.2013 -0.7524 0.6272
vn 0.0894 -0.7643 0.6387
vn -0.1568 -0.5229 0.8378
vn -0.3007 -0.3106 0.9017
vn -0.2164 -0.5586 0.8007
vn -0.3710 -0.3398 0.8642
vn 0.0310 -0.7861 0.6173
vn -0.0088 -0.8174 0.5761
vn -0.2481 -0.5963 0.7634
vn -0.4048 -0.3712 0.8357
vn -0.4758 -0.0684 0.8769
vn -0.3860 -0.0583 0.9207
vn -0.5190 -0.0844 0.8506
vn -0.5618 0.3346 0.7566
vn -0.5076 0.3329 0.7947
vn -0.4160 0.3324 0.8464
vn -0.2502 -0.0575 0.9665
vn -0.2942 0.3445 0.8915
vn -0.0905 0.3838 0.9190
vn -0.0219 -0.0638 0.9977
vn -0.2231 -0.6301 0.7438
vn -0.5770 -0.6582 0.4836
vn -0.6589 -0.7237 0.2055
vn -0.0689 -0.8127 0.5786
vn -0.7534 -0.6096 0.2467
vn -0.8127 -0.5813 -0.0403
vn -0.7259 -0.4445 -0.5248
vn -0.4686 -0.7036 -0.5342
vn 0.3781 -0.8884 -0.2603
vn 0.4520 0.1241 -0.8833
vn 0.5236 -0.1461 -0.8394
vn -0.1602 -0.1678 -0.9727
vn 0.0446 0.0334 -0.9984
vn -0.4589 -0.1906 -0.8678
vn -0.2376 -0.0393 -0.9706
vn 0.7738 0.1885 -0.6047
vn 0.9246 0.0742 -0.3736
vn 0.9160 0.2040 -0.3456
vn 0.9899 0.1184 -0.0774
vn 0.9308 -0.0710 0.3585
vn 0.9133 -0.3446 0.2172
vn 0.4481 -0.4551 0.7695
vn 0.1665 -0.4864 0.8577
vn 0.6588 -0.2461 0.7109
vn 0.4204 -0.3432 0.8399
vn 0.4711 -0.8734 -0.1232
vn 0.2656 -0.9324 0.2451
vn 0.3173 -0.9079 0.2740
vn 0.5244 -0.8442 -0.1109
vn 0.3590 -0.8947 0.2658
vn 0.5461 -0.8289 -0.1211
vn 0.5495 -0.8168 -0.1757
vn 0.5602 -0.8162 -0.1413
vn 0.4131 -0.8822 0.2259
vn 0.4740 -0.8726 0.1175
vn 0.6200 -0.6601 -0.4242
vn 0.6494 -0.6096 -0.4546
vn 0.6916 -0.3369 -0.6389
vn 0.6743 -0.2579 -0.6919
vn 0.6518 -0.2531 -0.7149
vn 0.6512 -0.6046 -0.4586
vn 0.6321 -0.6231 -0.4607
vn 0.6303 -0.2773 -0.7251
vn 0.5993 -0.3147 -0.7361
vn 0.5873 -0.6593 -0.4695
vn -0.3110 0.9290 0.2006
vn -0.1328 0.9801 -0.1472
vn -0.0767 0.9879 -0.1351
vn -0.2614 0.9372 0.2307
vn 0.0841 0.8459 -0.5266
vn 0.1333 0.8448 -0.5182
vn 0.1956 0.8429 -0.5013
vn -0.0296 0.9927 -0.1172
vn -0.2238 0.9411 0.2535
vn -0.1463 0.9417 0.3030
vn -0.1893 0.9428 0.2745
vn -0.0014 0.9953 -0.0965
vn 0.0351 0.9993 -0.0139
vn 0.2493 0.8450 -0.4730
vn 0.3082 0.8522 -0.4227
vn -0.2113 0.7585 0.6165
vn -0.2978 0.7276 0.6181
vn -0.3556 0.7240 0.5911
vn -0.4176 0.7230 0.5503
vn -0.4686 0.7239 0.5063
vn 0.4149 0.2975 -0.8598
vn 0.5205 0.0296 -0.8533
vn 0.5400 0.0607 -0.8395
vn 0.4329 0.3166 -0.8440
vn 0.5606 0.0854 -0.8237
vn 0.4616 0.3286 -0.8240
vn 0.5750 0.3299 -0.7487
vn 0.5072 0.3323 -0.7952
vn 0.5976 0.0973 -0.7959
vn 0.6496 0.0955 -0.7542
vn 0.4140 0.5576 -0.7195
vn 0.3586 0.5668 -0.7417
vn 0.4924 0.5373 -0.6847
vn 0.3106 0.5687 -0.7616
vn 0.2819 0.5641 -0.7761
vn -0.3511 -0.4097 0.8419
vn -0.2729 -0.6705 0.6899
vn -0.2924 -0.6890 0.6631
vn -0.3866 -0.4172 0.8225
vn -0.1167 -0.8987 0.4227
vn -0.1250 -0.9149 0.3839
vn -0.1284 -0.9317 0.3399
vn -0.3011 -0.7144 0.6317
vn -0.4063 -0.4365 0.8027
vn -0.4101 -0.4761 0.7779
vn -0.4075 -0.4593 0.7893
vn -0.2938 -0.7369 0.6088
vn -0.2988 -0.7488 0.5916
vn -0.1222 -0.9441 0.3060
vn -0.1404 -0.9499 0.2792
vn -0.4730 -0.1047 0.8748
vn -0.4528 -0.0870 0.8873
vn -0.4892 -0.1287 0.8626
vn -0.5095 0.3244 0.7970
vn -0.4604 0.3539 0.8141
vn -0.4115 0.3692 0.8332
vn -0.4183 -0.0818 0.9046
vn -0.3572 0.3685 0.8582
vn -0.2870 0.3522 0.8908
vn -0.3661 -0.0892 0.9263
vn 0.2448 -0.9385 -0.2436
vn 0.0793 -0.9939 0.0771
vn 0.1036 -0.9881 0.1136
vn 0.2720 -0.9367 -0.2205
vn -0.0898 -0.8853 0.4563
vn -0.0422 -0.8708 0.4898
vn 0.1496 -0.9776 0.1481
vn 0.3151 -0.9282 -0.1979
vn 0.3130 -0.9299 -0.1934
vn 0.3427 -0.9214 -0.1834
vn 0.1735 -0.9696 0.1725
vn 0.1407 -0.9745 0.1745
vn -0.0175 -0.8568 0.5154
vn -0.0402 -0.8519 0.5221
vn 0.4557 -0.7190 -0.5248
vn 0.4323 -0.7283 -0.5317
vn 0.4393 -0.7184 -0.5394
vn 0.5152 -0.3504 -0.7822
vn 0.5187 -0.3586 -0.7761
vn 0.4997 -0.3657 -0.7852
vn 0.4001 -0.7380 -0.5435
vn 0.3763 -0.7436 -0.5526
vn 0.4760 -0.3701 -0.7978
vn 0.4584 -0.3726 -0.8069
vn 0.1557 0.9111 0.3817
vn 0.1143 0.9199 0.3752
vn 0.2584 0.9656 0.0291
vn 0.3018 0.9526 0.0382
vn 0.0328 0.9323 0.3601
vn 0.1750 0.9843 0.0221
vn 0.3126 0.8789 -0.3602
vn 0.3917 0.8485 -0.3559
vn 0.4409 0.8294 -0.3430
vn 0.0646 0.9347 0.3494
vn 0.1412 0.9163 0.3748
vn 0.2919 0.9557 0.0381
vn 0.2230 0.9747 0.0175
vn 0.4467 0.8298 -0.3345
vn 0.3993 0.8474 -0.3498
vn 0.0018 0.7275 0.6861
vn 0.0076 0.7186 0.6954
vn -0.0696 0.7476 0.6605
vn -0.1781 0.3586 0.9163
vn -0.1261 0.3393 0.9322
vn -0.1402 0.3279 0.9343
vn -0.0416 0.7249 0.6876
vn -0.1245 0.7386 0.6625
vn -0.2026 0.3330 0.9209
vn 0.5225 0.3177 -0.7913
vn 0.4819 0.3379 -0.8085
vn 0.4890 0.0356 -0.8716
vn 0.5184 0.0276 -0.8547
vn 0.4394 0.3675 -0.8196
vn 0.4647 0.0498 -0.8841
vn 0.5447 0.0260 -0.8382
vn 0.5529 0.3092 -0.7738
vn 0.5461 0.0264 -0.8373
vn 0.5485 0.3091 -0.7769
vn 0.5134 0.5757 -0.6364
vn 0.5339 0.5688 -0.6256
vn 0.5106 0.5760 -0.6384
vn 0.4624 0.5998 -0.6531
vn 0.3997 0.6359 -0.6602
vn -0.4273 -0.4201 0.8006
vn -0.4174 -0.3967 0.8176
vn -0.2635 -0.6258 0.7341
vn -0.2917 -0.6527 0.6992
vn -0.0497 -0.8453 0.5320
vn -0.1201 -0.8712 0.4760
vn -0.3903 -0.4241 0.8172
vn -0.4228 -0.4296 0.7979
vn -0.3146 -0.6665 0.6758
vn -0.3039 -0.6645 0.6826
vn -0.1924 -0.8838 0.4264
vn -0.2056 -0.8829 0.4222
vn -0.5255 -0.1189 0.8425
vn -0.5432 -0.1170 0.8314
vn -0.4758 -0.1081 0.8729
vn -0.5180 0.3517 0.7797
vn -0.5778 0.3353 0.7442
vn -0.5992 0.3284 0.7302
vn -0.5381 -0.1027 0.8366
vn -0.5907 0.3310 0.7358
vn 0.2280 -0.9453 -0.2332
vn 0.0717 -0.9515 -0.2991
vn -0.0642 -0.9961 0.0601
vn 0.0648 -0.9898 0.1272
vn 0.0459 -0.9494 -0.3107
vn -0.0902 -0.9945 0.0528
vn 0.3747 -0.9122 -0.1658
vn 0.1871 -0.9626 0.1959
vn 0.5025 -0.7032 -0.5030
vn 0.5451 -0.3559 -0.7591
vn 0.4655 -0.3920 -0.7935
vn 0.3732 -0.7423 -0.5565
vn 0.2370 -0.7579 -0.6078
vn 0.3871 -0.4107 -0.8255
vn 0.3781 -0.4040 -0.8329
vn 0.2166 -0.7529 -0.6215
vn -0.3050 0.9318 0.1968
vn -0.1257 0.9843 -0.1242
vn -0.1805 0.9716 -0.1530
vn -0.3598 0.9175 0.1695
vn 0.1149 0.8626 -0.4927
vn 0.0628 0.8497 -0.5236
vn 0.0445 0.8430 -0.5360
vn -0.1947 0.9671 -0.1637
vn -0.3740 0.9131 0.1625
vn -0.1763 0.9713 -0.1597
vn -0.3548 0.9185 0.1744
vn 0.0539 0.8433 -0.5348
vn -0.5048 0.7209 0.4749
vn -0.5184 0.7199 0.4616
vn -0.4999 0.7277 0.4697
vn -0.4417 0.7445 0.5006
vn 0.4224 0.2740 -0.8640
vn 0.4460 -0.0272 -0.8946
vn 0.4351 -0.0370 -0.8996
vn 0.3943 0.2628 -0.8806
vn 0.4601 -0.0271 -0.8874
vn 0.3906 0.2639 -0.8819
vn 0.4942 -0.0020 -0.8694
vn 0.4010 0.2777 -0.8730
vn 0.2666 0.5563 -0.7871
vn 0.2636 0.5520 -0.7911
vn 0.2803 0.5566 -0.7821
vn 0.3226 0.5683 -0.7570
vn -0.2329 -0.4086 0.8825
vn -0.1940 -0.3984 0.8964
vn -0.1447 -0.6359 0.7581
vn -0.1794 -0.6494 0.7390
vn -0.2062 -0.3907 0.8971
vn -0.1560 -0.6287 0.7619
vn -0.2342 -0.6599 0.7139
vn -0.2956 -0.4111 0.8623
vn -0.2927 -0.1018 0.9508
vn -0.2263 -0.1060 0.9683
vn -0.1942 -0.0970 0.9762
vn -0.2205 -0.0852 0.9717
vn 0.1820 -0.9499 -0.2541
vn 0.2454 -0.9430 -0.2249
vn 0.0741 -0.9856 0.1521
vn 0.0164 -0.9920 0.1252
vn -0.0915 -0.8573 0.5067
vn -0.1336 -0.8644 0.4848
vn 0.1168 -0.9522 -0.2823
vn -0.0372 -0.9950 0.0926
vn -0.1708 -0.8730 0.4568
vn 0.2841 -0.7411 -0.6083
vn 0.4239 -0.3794 -0.8224
vn 0.4605 -0.3622 -0.8104
vn 0.3409 -0.7315 -0.5905
vn 0.3905 -0.7243 -0.5682
vn 0.4900 -0.3521 -0.7974
vn -0.1357 0.9524 0.2729
vn -0.0390 0.9494 0.3117
vn 0.1278 0.9916 -0.0176
vn 0.0370 0.9979 -0.0533
vn 0.3276 0.8634 -0.3836
vn 0.2556 0.8715 -0.4186
vn -0.2245 0.9459 0.2342
vn -0.0478 0.9949 -0.0890
vn 0.1842 0.8714 -0.4547
vn -0.3577 0.7602 0.5424
vn -0.2674 0.7665 0.5839
vn -0.4354 0.3671 0.8220
vn -0.3503 0.3731 0.8591
vn -0.1710 0.7626 0.6238
vn -0.2641 0.3703 0.8906
vn 0.5291 0.0203 -0.8483
vn 0.5241 0.3060 -0.7948
vn 0.5072 0.0097 -0.8618
vn 0.4954 0.2994 -0.8155
vn 0.4798 -0.0059 -0.8774
vn 0.4618 0.2890 -0.8386
vn 0.3759 0.5784 -0.7240
vn 0.4254 0.5822 -0.6929
vn 0.4711 0.5811 -0.6636
vn -0.2947 -0.4002 0.8677
vn -0.3414 -0.4109 0.8453
vn -0.2688 -0.6516 0.7094
vn -0.2335 -0.6405 0.7316
vn -0.2497 -0.3929 0.8851
vn -0.1965 -0.6323 0.7494
vn -0.2803 -0.0823 0.9564
vn -0.3434 -0.0856 0.9353
vn -0.4089 -0.0943 0.9077
vn 0.2216 -0.9283 -0.2987
vn 0.2075 -0.9209 -0.3300
vn 0.0622 -0.9972 -0.0409
vn 0.0652 -0.9979 -0.0055
vn 0.1672 -0.9161 -0.3645
vn 0.0297 -0.9968 -0.0748
vn 0.0715 -0.9967 0.0375
vn 0.2309 -0.9352 -0.2683
vn 0.3609 -0.7442 -0.5621
vn 0.3487 -0.7410 -0.5739
vn 0.4456 -0.3726 -0.8140
vn 0.4336 -0.3707 -0.8213
vn 0.3277 -0.7356 -0.5929
vn 0.4152 -0.3674 -0.8322
vn 0.3822 -0.3627 -0.8499
vn 0.2882 -0.7280 -0.6221
vn -0.1441 0.9314 0.3344
vn -0.2309 0.9197 0.3177
vn -0.0963 0.9951 0.0235
vn -0.0091 0.9995 0.0318
vn -0.3242 0.9009 0.2885
vn -0.1878 0.9822 -0.0084
vn 0.0006 0.9290 -0.3702
vn 0.0751 0.9373 -0.3404
vn 0.1532 0.9300 -0.3341
vn -0.0588 0.9363 0.3462
vn 0.0799 0.9965 0.0263
vn 0.2267 0.9098 -0.3477
vn -0.2083 0.7468 0.6316
vn -0.2808 0.7444 0.6058
vn -0.3542 0.7305 0.5839
vn -0.4351 0.7046 0.5606
vn 0.3129 0.4328 -0.8454
vn 0.3856 0.0823 -0.9190
vn 0.4121 0.0849 -0.9072
vn 0.3435 0.4402 -0.8296
vn 0.4317 0.0787 -0.8986
vn 0.3763 0.4281 -0.8216
vn 0.4031 0.4009 -0.8227
vn 0.4462 0.0658 -0.8925
vn 0.3389 0.6768 -0.6535
vn 0.2908 0.7098 -0.6415
vn 0.2342 0.7240 -0.6488
vn 0.1873 0.7147 -0.6739
vn -0.4187 -0.4685 0.7780
vn -0.4150 -0.4771 0.7747
vn -0.3150 -0.7443 0.5888
vn -0.3312 -0.7299 0.5980
vn -0.1777 -0.9466 0.2689
vn -0.2138 -0.9374 0.2750
vn -0.3965 -0.4378 0.8069
vn -0.4136 -0.4547 0.7888
vn -0.3370 -0.7125 0.6154
vn -0.3228 -0.6998 0.6372
vn -0.2267 -0.9280 0.2957
vn -0.4456 -0.1193 0.8873
vn -0.4854 -0.1329 0.8641
vn -0.5310 0.2916 0.7956
vn -0.5520 0.2877 0.7826
vn -0.4995 -0.1423 0.8546
vn -0.4987 -0.1422 0.8550
vn -0.5447 0.2986 0.7837
vn 0.0530 -0.9048 -0.4225
vn 0.0431 -0.9033 -0.4268
vn -0.0888 -0.9914 -0.0956
vn -0.0755 -0.9914 -0.1071
vn 0.1064 -0.9109 -0.3986
vn -0.0250 -0.9948 -0.0986
vn 0.2326 -0.7169 -0.6572
vn 0.3369 -0.3535 -0.8727
vn 0.2977 -0.3391 -0.8924
vn 0.1850 -0.7024 -0.6873
vn 0.1759 -0.6910 -0.7012
vn 0.2842 -0.3242 -0.9023
vn -0.2585 0.9640 -0.0618
vn -0.3969 0.8785 0.2659
vn -0.0614 0.8941 -0.4436
vn -0.0753 0.8949 -0.4398
vn -0.2841 0.9563 -0.0693
vn -0.4242 0.8707 0.2489
vn -0.2599 0.9644 -0.0490
vn -0.3992 0.8799 0.2576
vn -0.0557 0.9092 -0.4126
vn -0.4981 0.6780 0.5405
vn -0.5173 0.6650 0.5386
vn -0.4921 0.6688 0.5572
vn 0.3058 0.0840 -0.9484
vn 0.2471 0.3984 -0.8833
vn 0.3213 0.0788 -0.9437
vn 0.2590 0.4036 -0.8775
vn 0.3514 0.0782 -0.9329
vn 0.2821 0.4156 -0.8647
vn 0.1493 0.6917 -0.7066
vn 0.1307 0.6738 -0.7273
vn 0.1283 0.6654 -0.7354
vn -0.2802 -0.6969 0.6601
vn -0.3636 -0.4278 0.8275
vn -0.2199 -0.7019 0.6775
vn -0.3115 -0.4267 0.8491
vn -0.1180 -0.7090 0.6953
vn -0.2209 -0.4318 0.8745
vn 0.0827 -0.6985 0.7109
vn -0.0274 -0.4404 0.8974
vn -0.2029 -0.0951 0.9746
vn -0.3135 -0.0980 0.9445
vn 0.0022 -0.1098 0.9939
vn -0.3889 -0.1076 0.9150
vn 0.8833 -0.4419 0.1567
vn 0.8392 -0.4824 0.2511
vn 0.7128 -0.6726 0.1991
vn 0.7964 -0.6034 0.0405
vn 0.7688 -0.5046 0.3930
vn 0.5645 -0.7064 0.4269
vn 0.8468 -0.5175 -0.1233
vn 0.9177 -0.3923 0.0629
vn 0.8781 -0.3440 -0.3326
vn 0.9549 -0.2919 -0.0549
vn 0.9347 -0.3058 0.1810
vn 0.9175 -0.3255 0.2286
vn 0.9608 -0.2566 0.1053
vn 0.9332 -0.2624 0.2453
vn 0.9030 -0.3632 0.2294
vn 0.8953 -0.3465 0.2800
vn 0.8919 -0.4021 0.2070
vn 0.8524 -0.3708 0.3688
vn 0.8692 -0.0673 -0.4899
vn 0.9723 -0.1406 -0.1869
vn 0.8453 0.2150 -0.4891
vn 0.9464 0.1034 -0.3059
vn 0.9144 0.3951 0.0875
vn 0.9445 0.2976 -0.1389
vn 0.8350 0.4551 -0.3092
vn 0.8060 0.5918 0.0104
vn 0.9732 -0.2143 0.0838
vn 0.8680 0.1877 0.4597
vn 0.8939 0.2697 0.3580
vn 0.7414 0.5877 0.3241
vn 0.6704 0.5136 0.5355
vn 0.5832 0.3916 0.7116
vn 0.8217 0.1253 0.5560
vn 0.4565 0.1636 0.8745
vn 0.7319 0.0327 0.6806
vn 0.8794 -0.0323 0.4749
vn 0.8950 -0.0183 0.4457
vn 0.9202 -0.0021 0.3915
vn 0.9267 -0.0008 0.3759
vn 0.3374 -0.1445 0.9302
vn 0.5567 -0.1711 0.8129
vn 0.3051 -0.4229 0.8532
vn 0.5258 -0.3771 0.7624
vn 0.6596 -0.4810 0.5775
vn 0.3932 -0.6211 0.6779
vn 0.8283 -0.3731 0.4179
vn -0.0655 -0.9786 0.1953
vn 0.1789 -0.9783 0.1046
vn 0.4606 -0.8872 0.0274
vn 0.0716 -0.9923 -0.1015
vn 0.5747 -0.8182 -0.0155
vn 0.1073 -0.9279 -0.3571
vn 0.1454 -0.7339 -0.6636
vn 0.1156 -0.7331 -0.6702
vn 0.0041 -0.8980 -0.4399
vn 0.2866 -0.4242 -0.8590
vn 0.2583 -0.4234 -0.8683
vn 0.2288 -0.4221 -0.8772
vn 0.0840 -0.7291 -0.6793
vn -0.0273 -0.8924 -0.4503
vn -0.0982 -0.9818 -0.1626
vn -0.1285 -0.9762 -0.1749
vn -0.2294 -0.9496 0.2137
vn -0.2012 -0.9529 0.2268
vn 0.4067 0.8996 -0.1592
vn 0.4578 0.6845 -0.5673
vn 0.4565 0.6956 -0.5547
vn 0.4022 0.9039 -0.1459
vn 0.4353 0.3626 -0.8240
vn 0.4420 0.3052 -0.8435
vn 0.4139 -0.0001 -0.9103
vn 0.3843 -0.0126 -0.9231
vn 0.4331 0.1833 -0.8825
vn 0.3596 -0.0124 -0.9330
vn -0.0079 0.3650 0.9310
vn -0.0303 0.3695 0.9287
vn 0.1134 0.6785 0.7258
vn 0.1310 0.6720 0.7289
vn -0.0514 0.3752 0.9255
vn 0.0930 0.6856 0.7220
vn 0.2002 0.8429 0.4994
vn 0.1950 0.8193 0.5393
vn 0.1913 0.7630 0.6174
vn 0.3004 0.9248 0.2335
vn 0.2977 0.9255 0.2342
vn -0.2589 -0.7449 0.6149
vn -0.2377 -0.7379 0.6316
vn -0.2835 -0.7444 0.6045
vn -0.2686 -0.4340 0.8599
vn -0.2465 -0.4345 0.8663
vn -0.2085 -0.4324 0.8772
vn -0.1702 -0.0548 0.9839
vn -0.1327 -0.0581 0.9895
vn -0.1914 -0.0519 0.9801
vn 0.0587 -0.7257 -0.6855
vn -0.0528 -0.8871 -0.4586
vn 0.2080 -0.4215 -0.8826
vn 0.1636 -0.4149 -0.8950
vn 0.0020 -0.7137 -0.7005
vn -0.1112 -0.8724 -0.4760
vn -0.0811 -0.6886 -0.7206
vn -0.1971 -0.8441 -0.4986
vn 0.0953 -0.3966 -0.9130
vn 0.0015 -0.3597 -0.9331
vn -0.1947 -0.6397 -0.7435
vn -0.3154 -0.7919 -0.5229
vn -0.2880 -0.9300 -0.2286
vn -0.2067 -0.9567 -0.2047
vn -0.4006 -0.8806 -0.2531
vn -0.4473 -0.8826 0.1447
vn -0.3559 -0.9195 0.1669
vn -0.2897 -0.9386 0.1874
vn -0.1519 -0.9709 -0.1850
vn -0.2477 -0.9471 0.2042
vn 0.4662 0.6813 -0.5643
vn 0.4340 0.3602 -0.8258
vn 0.4231 0.8932 -0.1525
vn 0.4633 0.8749 -0.1409
vn 0.4873 0.6704 -0.5596
vn 0.4330 0.3544 -0.8288
vn 0.4178 0.3459 -0.8401
vn 0.4267 0.3492 -0.8342
vn 0.5155 0.6529 -0.5549
vn 0.5528 0.6256 -0.5505
vn 0.5215 0.8436 -0.1278
vn 0.5989 0.7925 -0.1152
vn 0.2840 -0.0095 -0.9588
vn 0.3244 -0.0155 -0.9458
vn 0.2297 0.0089 -0.9732
vn 0.3481 -0.0142 -0.9373
vn 0.1154 0.6782 0.7258
vn 0.2227 0.8342 0.5045
vn -0.0329 0.3707 0.9282
vn 0.0098 0.3545 0.9350
vn 0.1676 0.6571 0.7350
vn 0.2762 0.8109 0.5158
vn 0.2426 0.6198 0.7463
vn 0.3538 0.7712 0.5292
vn 0.0715 0.3256 0.9428
vn 0.1534 0.2765 0.9487
vn 0.3429 0.5583 0.7555
vn 0.4574 0.7058 0.5410
vn 0.4454 0.8544 0.2676
vn 0.3719 0.8932 0.2529
vn 0.5437 0.7910 0.2807
vn 0.3213 0.9160 0.2401
vn -0.2680 -0.4428 0.8557
vn -0.2690 -0.4367 0.8585
vn -0.2935 -0.7455 0.5984
vn -0.3142 -0.7458 0.5874
vn -0.3516 -0.7400 0.5734
vn -0.2715 -0.4491 0.8512
vn -0.4033 -0.7237 0.5601
vn -0.2754 -0.4547 0.8470
vn -0.0843 -0.1108 0.9903
vn -0.1270 -0.0825 0.9885
vn -0.1583 -0.0651 0.9852
vn -0.1818 -0.0545 0.9818
vn -0.7156 -0.4571 -0.5282
vn -0.5650 -0.3224 -0.7595
vn -0.5985 -0.2605 -0.7576
vn -0.7594 -0.3961 -0.5161
vn -0.2797 -0.1269 -0.9517
vn -0.2962 -0.0802 -0.9518
vn -0.2895 -0.0510 -0.9558
vn -0.6043 -0.2248 -0.7644
vn -0.7789 -0.3654 -0.5096
vn -0.5833 -0.2110 -0.7843
vn -0.7780 -0.3672 -0.5098
vn -0.2624 -0.0419 -0.9640
vn -0.8484 -0.5021 -0.1676
vn -0.8473 -0.4925 -0.1990
vn -0.7668 -0.6006 0.2265
vn -0.7788 -0.5947 0.1994
vn -0.8276 -0.5148 -0.2239
vn -0.7844 -0.5688 -0.2475
vn -0.7719 -0.6120 0.1720
vn -0.7436 -0.6523 0.1468
vn 0.4132 0.2695 -0.8698
vn 0.6901 0.3986 -0.6041
vn 0.6990 0.3307 -0.6340
vn 0.4127 0.2396 -0.8788
vn 0.8752 0.4474 -0.1839
vn 0.9063 0.3553 -0.2288
vn 0.9171 0.2911 -0.2724
vn 0.6948 0.2829 -0.6612
vn 0.4139 0.2172 -0.8841
vn 0.6968 0.2363 -0.6772
vn 0.4236 0.1873 -0.8863
vn 0.9191 0.2364 -0.3152
vn 0.1091 0.1017 -0.9888
vn 0.0920 0.1126 -0.9894
vn 0.0826 0.1054 -0.9910
vn 0.0864 0.0929 -0.9919
vn 0.8169 0.2994 0.4929
vn 0.6800 0.1583 0.7160
vn 0.7194 0.0512 0.6927
vn 0.8660 0.1929 0.4614
vn 0.4165 -0.0695 0.9065
vn 0.4387 -0.1657 0.8832
vn 0.4394 -0.2384 0.8661
vn 0.7395 -0.0310 0.6724
vn 0.8949 0.1097 0.4326
vn 0.7430 -0.1131 0.6597
vn 0.9154 0.0289 0.4016
vn 0.4315 -0.3028 0.8498
vn 0.9845 0.1514 0.0888
vn 0.9660 0.2178 0.1392
vn 0.9393 0.2942 0.1766
vn 0.8919 0.3956 0.2189
vn -0.2759 -0.5569 0.7834
vn -0.2783 -0.5406 0.7939
vn -0.5598 -0.6183 0.5517
vn -0.5554 -0.6120 0.5630
vn -0.2792 -0.5192 0.8077
vn -0.5510 -0.6329 0.5439
vn -0.5402 -0.6224 0.5663
vn -0.2628 -0.5801 0.7710
vn 0.0539 -0.4806 0.8753
vn 0.0491 -0.4394 0.8969
vn 0.0553 -0.3930 0.9179
vn 0.0491 -0.3296 0.9429
vn -0.3176 -0.5683 -0.7590
vn -0.4438 -0.7153 -0.5398
vn -0.0973 -0.3084 -0.9463
vn -0.1791 -0.2486 -0.9519
vn -0.4223 -0.4870 -0.7645
vn -0.5551 -0.6288 -0.5445
vn -0.5046 -0.4032 -0.7634
vn -0.6456 -0.5406 -0.5395
vn -0.2400 -0.1866 -0.9527
vn -0.7162 -0.6451 -0.2663
vn -0.6292 -0.7270 -0.2748
vn -0.6947 -0.7077 0.1285
vn -0.6272 -0.7694 0.1212
vn -0.5228 -0.8083 -0.2708
vn -0.5438 -0.8297 0.1263
vn 0.5958 0.5835 -0.5519
vn 0.4126 0.3358 -0.8467
vn 0.6832 0.7216 -0.1121
vn 0.7593 0.6392 -0.1224
vn 0.6365 0.5293 -0.5610
vn 0.4120 0.3197 -0.8533
vn 0.4125 0.2982 -0.8608
vn 0.6678 0.4680 -0.5788
vn 0.8236 0.5478 -0.1473
vn 0.1028 0.0749 -0.9919
vn 0.1326 0.0535 -0.9897
vn 0.1759 0.0304 -0.9839
vn 0.4483 0.4747 0.7574
vn 0.5665 0.6187 0.5443
vn 0.2390 0.2068 0.9487
vn 0.3123 0.1255 0.9417
vn 0.5394 0.3807 0.7511
vn 0.6622 0.5225 0.5371
vn 0.6168 0.2754 0.7374
vn 0.7456 0.4164 0.5203
vn 0.3720 0.0322 0.9277
vn 0.8223 0.5090 0.2543
vn 0.7408 0.6123 0.2762
vn 0.6482 0.7062 0.2848
vn -0.2789 -0.4810 0.8312
vn -0.2778 -0.4654 0.8404
vn -0.4542 -0.7031 0.5472
vn -0.4968 -0.6794 0.5400
vn -0.5305 -0.6537 0.5397
vn -0.2797 -0.4988 0.8203
vn 0.0300 -0.2647 0.9639
vn -0.0006 -0.2043 0.9789
vn -0.0398 -0.1526 0.9875
vn -0.2351 -0.8425 0.4846
vn -0.2309 -0.9002 0.3691
vn 0.1243 -0.9752 0.1832
vn 0.1486 -0.9331 0.3276
vn -0.2239 -0.9588 0.1747
vn 0.0877 -0.9961 -0.0077
vn 0.3077 -0.9395 -0.1505
vn 0.3953 -0.9184 0.0173
vn 0.4580 -0.8748 0.1583
vn 0.9191 -0.3504 -0.1803
vn 0.7234 -0.6905 -0.0010
vn 0.6438 -0.7564 -0.1161
vn 0.8605 -0.4357 -0.2640
vn 0.5206 -0.8136 -0.2590
vn 0.7407 -0.5484 -0.3882
vn 0.7764 -0.6214 0.1053
vn 0.5065 -0.8127 0.2880
vn 0.9516 -0.2860 -0.1122
vn 0.9706 -0.2374 -0.0406
vn 0.8087 -0.5480 0.2141
vn 0.5434 -0.7314 0.4121
vn 0.1728 -0.8773 0.4478
vn 0.2033 -0.8067 0.5550
vn -0.2136 -0.7459 0.6309
vn -0.2317 -0.7919 0.5650
vn -0.5639 0.2819 -0.7762
vn -0.7837 0.1602 -0.6002
vn -0.8201 0.3517 -0.4514
vn -0.5793 0.4926 -0.6494
vn -0.9514 -0.0481 -0.3041
vn -0.9845 0.1103 -0.1362
vn -0.9784 0.2066 -0.0121
vn -0.8183 0.4802 -0.3159
vn -0.5667 0.6380 -0.5213
vn -0.7919 0.5847 -0.1761
vn -0.5340 0.7562 -0.3782
vn -0.9535 0.2832 0.1029
vn -0.9127 0.3485 0.2136
vn -0.7398 0.6723 -0.0274
vn -0.4805 0.8499 -0.2165
vn -0.2024 0.8311 -0.5179
vn -0.2424 0.7200 -0.6503
vn -0.1544 0.9179 -0.3656
vn 0.2613 0.8455 -0.4657
vn 0.2246 0.7811 -0.5827
vn 0.1861 0.6971 -0.6924
vn -0.2738 0.5785 -0.7684
vn -0.2922 0.3647 -0.8841
vn 0.1463 0.5854 -0.7974
vn 0.0954 0.3924 -0.9148
vn -0.8031 -0.3744 0.4635
vn -0.8114 -0.4326 0.3931
vn -0.5764 -0.6782 0.4557
vn -0.5802 -0.6154 0.5335
vn -0.8017 -0.5489 0.2365
vn -0.5587 -0.7792 0.2841
vn -0.7814 -0.3182 0.5368
vn -0.7925 -0.3401 0.5062
vn -0.5786 -0.5759 0.5775
vn -0.5690 -0.5517 0.6098
vn -0.9301 -0.0697 0.3608
vn -0.9507 -0.1158 0.2878
vn -0.9072 -0.0309 0.4195
vn -0.9645 -0.1796 0.1937
vn -0.9512 -0.3073 0.0279
vn 0.7394 0.3791 -0.5564
vn 0.7520 0.1107 -0.6498
vn 0.7523 0.1009 -0.6511
vn 0.7625 0.3811 -0.5229
vn 0.6620 -0.2255 -0.7148
vn 0.6328 -0.2348 -0.7379
vn 0.5893 -0.2376 -0.7722
vn 0.7416 0.0981 -0.6636
vn 0.7755 0.3779 -0.5057
vn 0.7209 0.0977 -0.6861
vn 0.7734 0.3758 -0.5105
vn 0.5439 -0.2409 -0.8038
vn 0.4936 -0.2387 -0.8363
vn 0.6912 0.0995 -0.7158
vn 0.7586 0.3781 -0.5306
vn 0.7251 0.6288 -0.2809
vn 0.7305 0.6270 -0.2704
vn 0.5445 0.8353 0.0758
vn 0.5420 0.8358 0.0877
vn 0.5043 0.8616 0.0571
vn 0.7164 0.6348 -0.2896
vn 0.6808 0.6426 -0.3515
vn 0.4237 0.9049 -0.0418
vn 0.3430 0.8853 -0.3140
vn 0.6370 0.6316 -0.4418
vn 0.9165 0.0171 -0.3997
vn 0.9823 0.1872 -0.0085
vn 0.9556 0.0997 0.2774
vn 0.9176 -0.2677 -0.2938
vn 0.9209 0.2797 0.2716
vn 0.8060 0.2418 0.5402
vn 0.4678 0.0909 0.8792
vn 0.8231 -0.0613 0.5645
vn 0.9045 -0.3684 -0.2147
vn 0.0169 -0.0839 0.9963
vn 0.1019 -0.0997 0.9898
vn -0.2426 -0.2009 0.9491
vn -0.4082 -0.3614 0.8383
vn -0.6789 -0.7306 0.0730
vn -0.6426 -0.7420 -0.1909
vn -0.4877 -0.7566 -0.4356
vn -0.3983 -0.7732 -0.4935
vn -0.1396 -0.6691 -0.7299
vn 0.2821 -0.6459 -0.7094
vn 0.5206 -0.3949 -0.7570
vn 0.6921 -0.1596 -0.7039
vn 0.2423 -0.4485 -0.8603
vn 0.4672 -0.2761 -0.8399
vn -0.1464 -0.6919 -0.7070
vn -0.1505 -0.7064 -0.6916
vn 0.1140 -0.5442 -0.8311
vn 0.1221 -0.5358 -0.8355
vn -0.1251 -0.7391 -0.6619
vn 0.1401 -0.5699 -0.8097
vn 0.4303 -0.2699 -0.8614
vn 0.4145 -0.2519 -0.8745
vn 0.4254 -0.2463 -0.8709
vn 0.1483 -0.5276 -0.8364
vn -0.1235 -0.6809 -0.7219
vn 0.4498 -0.2403 -0.8602
vn 0.1988 -0.5259 -0.8270
vn -0.0783 -0.6753 -0.7333
vn -0.3855 -0.7539 -0.5319
vn -0.3965 -0.7641 -0.5089
vn -0.3595 -0.7461 -0.5604
vn -0.6319 -0.7269 -0.2689
vn -0.6365 -0.7353 -0.2328
vn -0.6365 -0.7431 -0.2065
vn -0.3949 -0.7796 -0.4861
vn -0.3788 -0.8075 -0.4521
vn -0.6325 -0.7530 -0.1816
vn -0.6249 -0.7659 -0.1514
vn 0.1958 0.6545 0.7303
vn -0.0637 0.5039 0.8614
vn -0.1574 0.5906 0.7915
vn 0.0835 0.7540 0.6515
vn -0.4141 0.2235 0.8824
vn -0.4710 0.2888 0.8335
vn -0.5087 0.3037 0.8056
vn -0.2185 0.6185 0.7548
vn 0.0208 0.7930 0.6089
vn -0.2488 0.6089 0.7532
vn -0.0042 0.7954 0.6060
vn -0.5273 0.2879 0.7994
vn -0.5238 0.2565 0.8123
vn -0.2535 0.5726 0.7797
vn -0.0070 0.7695 0.6387
vn 0.2539 0.8724 0.4176
vn 0.2485 0.8862 0.3910
vn 0.5319 0.8448 0.0587
vn 0.5334 0.8428 0.0719
vn 0.2607 0.8780 0.4015
vn 0.3123 0.8387 0.4461
vn 0.5701 0.8138 0.1126
vn 0.6605 0.7326 0.1645
vn 0.4250 0.7403 0.5209
vn -0.8175 -0.3875 0.4260
vn -0.8094 -0.3882 0.4407
vn -0.7800 -0.6059 0.1566
vn -0.7861 -0.6026 0.1373
vn -0.7970 -0.3977 0.4546
vn -0.7735 -0.6090 0.1756
vn -0.8278 -0.3851 0.4080
vn -0.8233 -0.3881 0.4143
vn -0.7924 -0.5985 0.1176
vn -0.8007 -0.5917 0.0936
vn -0.7470 -0.1003 0.6572
vn -0.7403 -0.0907 0.6661
vn -0.7418 -0.1105 0.6615
vn -0.7231 -0.0928 0.6844
vn -0.6947 -0.1240 0.7085
vn 0.7433 0.3452 -0.5730
vn 0.7504 0.0170 -0.6608
vn 0.7748 0.0058 -0.6322
vn 0.7708 0.3439 -0.5363
vn 0.6204 -0.3793 -0.6865
vn 0.6402 -0.4000 -0.6559
vn 0.6368 -0.4156 -0.6495
vn 0.7769 -0.0044 -0.6297
vn 0.7761 0.3454 -0.5275
vn 0.7661 -0.0141 -0.6426
vn 0.7690 0.3467 -0.5370
vn 0.6211 -0.4280 -0.6565
vn 0.5943 -0.4351 -0.6764
vn 0.7408 -0.0221 -0.6713
vn 0.7488 0.3479 -0.5642
vn 0.6363 0.6704 -0.3817
vn 0.6563 0.6608 -0.3642
vn 0.3829 0.9172 -0.1103
vn 0.4021 0.9095 -0.1054
vn 0.4105 0.9042 -0.1179
vn 0.6643 0.6518 -0.3660
vn 0.6596 0.6441 -0.3874
vn 0.4050 0.9019 -0.1504
vn 0.3734 0.9025 -0.2145
vn 0.6313 0.6397 -0.4384
vn 0.0956 -0.8931 -0.4396
vn 0.3645 -0.7118 -0.6004
vn 0.3702 -0.6436 -0.6698
vn 0.0810 -0.8830 -0.4624
vn 0.5729 -0.3498 -0.7412
vn 0.5056 -0.3129 -0.8040
vn 0.3802 -0.4963 -0.7804
vn 0.4627 -0.2795 -0.8413
vn 0.3384 -0.4480 -0.8275
vn 0.4854 -0.2724 -0.8308
vn 0.3679 -0.4492 -0.8141
vn -0.6127 -0.7891 -0.0442
vn -0.6032 -0.7958 -0.0532
vn -0.4836 -0.8478 -0.2177
vn -0.4794 -0.8561 -0.1929
vn -0.5618 -0.8272 -0.0112
vn -0.4298 -0.8855 -0.1764
vn -0.2647 -0.9429 -0.2020
vn -0.1765 -0.9610 -0.2127
vn -0.5089 -0.8595 0.0471
vn -0.4655 -0.8807 0.0877
vn -0.2511 0.9348 0.2510
vn -0.5065 0.7513 0.4231
vn -0.5627 0.7508 0.3459
vn -0.3052 0.9358 0.1767
vn -0.7310 0.3965 0.5553
vn -0.7880 0.3934 0.4736
vn -0.8144 0.3964 0.4239
vn -0.5834 0.7514 0.3084
vn -0.3268 0.9338 0.1458
vn -0.5600 0.7548 0.3415
vn -0.3009 0.9358 0.1835
vn -0.8039 0.4001 0.4401
vn -0.7599 0.3931 0.5177
vn -0.4987 0.7512 0.4325
vn -0.2334 0.9325 0.2756
vn -0.0310 0.9990 -0.0313
vn -0.0511 0.9966 -0.0640
vn 0.0356 0.9979 0.0537
vn 0.3354 0.9061 -0.2579
vn 0.2761 0.9055 -0.3224
vn 0.2700 0.9016 -0.3380
vn -0.0210 0.9993 -0.0311
vn 0.0354 0.9983 0.0465
vn 0.3132 0.9025 -0.2958
vn -0.8563 -0.3474 0.3822
vn -0.8229 -0.3565 0.4424
vn -0.7123 -0.6322 0.3048
vn -0.7522 -0.6102 0.2488
vn -0.7851 -0.3608 0.5035
vn -0.6792 -0.6443 0.3515
vn -0.7798 -0.5888 0.2125
vn -0.8720 -0.3386 0.3535
vn -0.7783 -0.5879 0.2205
vn -0.8603 -0.3456 0.3748
vn -0.8766 -0.0331 0.4801
vn -0.9012 -0.0222 0.4328
vn -0.8967 -0.0258 0.4420
vn -0.8653 -0.0305 0.5003
vn -0.8171 -0.0275 0.5759
vn 0.8038 0.2613 -0.5345
vn 0.7872 0.2953 -0.5415
vn 0.6722 0.0400 -0.7393
vn 0.6973 0.0096 -0.7167
vn 0.7610 0.3460 -0.5488
vn 0.6511 0.0729 -0.7555
vn 0.4693 -0.2993 -0.8308
vn 0.5211 -0.3321 -0.7862
vn 0.7808 0.2761 -0.5605
vn 0.8064 0.2519 -0.5350
vn 0.7174 -0.0052 -0.6967
vn 0.7180 0.0060 -0.6960
vn 0.5697 -0.3546 -0.7414
vn 0.5874 -0.3470 -0.7311
vn 0.7905 0.5215 -0.3213
vn 0.8454 0.4639 -0.2649
vn 0.6700 0.7395 0.0647
vn 0.7582 0.6358 0.1442
vn 0.7804 0.5979 0.1828
vn 0.8544 0.4588 -0.2438
vn 0.8340 0.4981 -0.2375
vn 0.7811 0.5729 -0.2482
vn 0.7471 0.6363 0.1923
vn 0.0148 -0.8503 -0.5262
vn 0.0894 -0.8902 -0.4466
vn 0.3492 -0.6926 -0.6312
vn 0.2770 -0.6590 -0.6993
vn 0.0930 -0.8918 -0.4427
vn 0.3666 -0.6877 -0.6266
vn -0.0671 -0.7923 -0.6064
vn 0.1984 -0.6114 -0.7660
vn -0.3360 -0.8562 -0.3924
vn -0.5997 -0.7936 -0.1031
vn -0.5659 -0.8231 -0.0473
vn -0.2744 -0.9084 -0.3155
vn -0.2181 -0.9454 -0.2423
vn -0.5360 -0.8442 0.0041
vn -0.5380 -0.8425 0.0259
vn -0.2237 -0.9478 -0.2272
vn 0.3141 0.5309 0.7871
vn 0.2644 0.5996 0.7553
vn -0.0278 0.4517 0.8917
vn 0.0286 0.3910 0.9200
vn 0.1464 0.7277 0.6701
vn -0.1432 0.5646 0.8128
vn -0.4870 0.2476 0.8376
vn -0.3975 0.1672 0.9022
vn -0.3522 0.1276 0.9272
vn 0.2903 0.5527 0.7812
vn 0.0154 0.4108 0.9116
vn -0.3599 0.1492 0.9210
vn 0.5238 0.6369 0.5656
vn 0.5571 0.6073 0.5664
vn 0.5195 0.6713 0.5287
vn 0.4110 0.7986 0.4397
vn -0.7824 -0.4050 0.4730
vn -0.7295 -0.6289 0.2690
vn -0.7280 -0.6357 0.2570
vn -0.7680 -0.4214 0.4823
vn -0.7404 -0.6311 0.2313
vn -0.7682 -0.4248 0.4790
vn -0.7573 -0.6208 0.2026
vn -0.7799 -0.4148 0.4688
vn -0.6654 -0.1661 0.7278
vn -0.6571 -0.1850 0.7307
vn -0.6771 -0.1700 0.7160
vn -0.7231 -0.1306 0.6783
vn 0.6318 0.3598 -0.6866
vn 0.6048 0.3689 -0.7058
vn 0.6036 0.0786 -0.7934
vn 0.6384 0.0576 -0.7675
vn 0.6312 0.3657 -0.6840
vn 0.6227 0.0793 -0.7784
vn 0.7010 0.0332 -0.7124
vn 0.6896 0.3507 -0.6336
vn 0.5729 0.6399 -0.5122
vn 0.5207 0.6423 -0.5624
vn 0.5085 0.6468 -0.5683
vn 0.5507 0.6442 -0.5308
vn 0.5331 -0.2844 -0.7968
vn 0.3294 -0.5687 -0.7537
vn 0.5625 -0.2991 -0.7708
vn 0.3121 -0.6349 -0.7068
vn 0.0063 -0.8442 -0.5360
vn -0.0087 -0.8288 -0.5595
vn 0.0483 -0.8696 -0.4914
vn 0.3433 -0.6596 -0.6687
vn 0.5795 -0.3197 -0.7497
vn -0.2703 -0.9285 -0.2545
vn -0.5638 -0.8256 0.0233
vn -0.5826 -0.8126 0.0121
vn -0.3059 -0.9084 -0.2852
vn -0.3776 -0.8877 -0.2636
vn -0.5977 -0.8017 -0.0081
vn -0.4255 0.7345 0.5287
vn -0.1549 0.9151 0.3724
vn -0.7039 0.3758 0.6028
vn -0.6485 0.3529 0.6744
vn -0.3529 0.7067 0.6133
vn -0.0776 0.8846 0.4599
vn -0.2656 0.6581 0.7045
vn 0.0166 0.8311 0.5558
vn -0.5824 0.3159 0.7490
vn 0.2846 0.9016 0.3257
vn 0.1909 0.9539 0.2315
vn 0.5615 0.8268 -0.0342
vn 0.4791 0.8705 -0.1129
vn 0.1139 0.9827 0.1462
vn 0.4088 0.8941 -0.1830
vn -0.7627 -0.5982 0.2458
vn -0.8374 -0.3612 0.4103
vn -0.7510 -0.6067 0.2604
vn -0.8195 -0.3738 0.4344
vn -0.7404 -0.6165 0.2678
vn -0.8023 -0.3876 0.4539
vn -0.7731 -0.0942 0.6272
vn -0.8090 -0.0706 0.5835
vn -0.8412 -0.0523 0.5382
vn 0.7098 0.3316 -0.6215
vn 0.7428 0.3078 -0.5946
vn 0.7035 0.0291 -0.7101
vn 0.6856 0.0487 -0.7263
vn 0.6751 0.3504 -0.6491
vn 0.6610 0.0653 -0.7475
vn 0.6092 0.6304 -0.4812
vn 0.6613 0.6097 -0.4370
vn 0.7183 0.5775 -0.3879
vn 0.6626 0.1007 -0.7422
vn 0.7408 0.3837 -0.5513
vn 0.6477 0.0993 -0.7554
vn 0.7339 0.3881 -0.5575
vn 0.7395 0.3808 -0.5550
vn 0.6415 0.0942 -0.7613
vn 0.7298 0.6288 -0.2685
vn 0.7081 0.6438 -0.2899
vn 0.7112 0.6378 -0.2958
vn 0.2637 -0.5293 -0.8064
vn -0.0105 -0.6732 -0.7394
vn 0.3298 -0.5253 -0.7844
vn 0.0708 -0.6710 -0.7381
vn 0.2595 -0.7121 -0.6523
vn 0.1703 -0.6910 -0.7025
vn 0.4054 -0.5355 -0.7409
vn 0.4661 -0.5374 -0.7028
vn -0.0919 -0.7178 -0.6902
vn -0.2308 -0.7174 -0.6574
vn 0.0801 -0.7783 -0.6228
vn -0.1906 -0.6979 -0.6904
vn -0.4937 -0.6036 -0.6261
vn -0.5877 -0.6613 -0.4662
vn -0.3132 -0.7344 -0.6021
vn -0.6219 -0.7048 -0.3413
vn -0.2634 0.5347 0.8029
vn -0.0209 0.7408 0.6714
vn -0.5250 0.2308 0.8192
vn -0.5804 0.2304 0.7811
vn -0.3239 0.5332 0.7815
vn -0.0717 0.7504 0.6571
vn -0.2686 0.9122 0.3095
vn -0.1520 0.7945 0.5879
vn -0.4193 0.5690 0.7074
vn -0.5583 0.7333 0.3880
vn -0.6967 0.2796 0.6606
vn -0.8644 0.4628 0.1963
vn -0.0189 0.9971 0.0739
vn 0.1002 0.9318 0.3488
vn 0.1846 0.8842 0.4291
vn 0.2428 0.8624 0.4442
vn -0.9007 -0.3343 0.2776
vn -0.8475 -0.3714 0.3792
vn -0.8204 -0.5709 0.0325
vn -0.8474 -0.5196 -0.1092
vn -0.8201 -0.1027 -0.5629
vn -0.9670 -0.2547 -0.0054
vn -0.8156 -0.4292 -0.3881
vn -0.5940 -0.3197 -0.7382
vn -0.9191 -0.0259 0.3933
vn -0.7990 -0.0910 0.5944
vn -0.9677 0.1275 -0.2173
vn -0.7483 -0.1110 0.6540
vn 0.1573 -0.9129 -0.3766
vn 0.2337 -0.9336 -0.2716
vn 0.4389 -0.7821 -0.4423
vn 0.3618 -0.7613 -0.5381
vn 0.3683 -0.9287 -0.0427
vn 0.5864 -0.7764 -0.2310
vn 0.7769 -0.4647 -0.4248
vn 0.6487 -0.4748 -0.5947
vn 0.5846 -0.4575 -0.6701
vn 0.1259 -0.9031 -0.4106
vn 0.1258 -0.9020 -0.4130
vn 0.3380 -0.7484 -0.5706
vn 0.3521 -0.7463 -0.5649
vn 0.5718 -0.4420 -0.6912
vn -0.0981 -0.9729 -0.2092
vn -0.0641 -0.9828 -0.1730
vn -0.1084 -0.9722 -0.2075
vn -0.3935 -0.9150 0.0897
vn -0.3809 -0.9201 0.0910
vn -0.3536 -0.9272 0.1232
vn 0.0014 -0.9975 -0.0703
vn 0.1041 -0.9842 0.1430
vn -0.3099 -0.9283 0.2056
vn -0.2515 -0.8990 0.3585
vn -0.2747 0.9380 0.2115
vn -0.4929 0.7891 0.3665
vn -0.4449 0.7844 0.4322
vn -0.2340 0.9327 0.2745
vn -0.7007 0.4879 0.5206
vn -0.6542 0.4862 0.5794
vn -0.6262 0.4746 0.6185
vn -0.4137 0.7756 0.4767
vn -0.2031 0.9262 0.3177
vn -0.3971 0.7670 0.5039
vn -0.1820 0.9214 0.3433
vn -0.6142 0.4603 0.6411
vn -0.6157 0.4464 0.6494
vn -0.3943 0.7606 0.5159
vn -0.1714 0.9193 0.3542
vn 0.0748 0.9841 0.1610
vn 0.0556 0.9870 0.1511
vn 0.3583 0.9254 -0.1235
vn 0.3364 0.9311 -0.1409
vn 0.0313 0.9912 0.1290
vn 0.0033 0.9958 0.0916
vn 0.3185 0.9336 -0.1644
vn 0.3065 0.9320 -0.1935
vn -0.0262 0.9990 0.0366
vn -0.7326 -0.3362 0.5918
vn -0.7347 -0.3220 0.5971
vn -0.5884 -0.6665 0.4579
vn -0.6070 -0.6772 0.4159
vn -0.7412 -0.3054 0.5977
vn -0.5675 -0.6363 0.5225
vn -0.7352 -0.3523 0.5791
vn -0.7332 -0.3461 0.5853
vn -0.6202 -0.6777 0.3950
vn -0.6274 -0.6744 0.3893
vn -0.7393 0.0365 0.6723
vn -0.7464 0.0528 0.6634
vn -0.7405 0.0217 0.6717
vn -0.7639 0.0672 0.6419
vn -0.7935 0.0725 0.6042
vn 0.7861 0.3391 -0.5168
vn 0.8468 -0.0404 -0.5305
vn 0.9191 0.0063 -0.3940
vn 0.8227 0.3548 -0.4441
vn 0.8936 -0.3969 -0.2098
vn 0.9499 -0.3036 -0.0737
vn 0.9505 0.0573 -0.3053
vn 0.8392 0.3705 -0.3981
vn 0.8375 0.3773 -0.3953
vn 0.8433 0.3814 -0.3788
vn 0.9618 0.0990 -0.2553
vn 0.9587 0.1063 -0.2639
vn 0.9717 -0.2357 -0.0146
vn 0.6257 0.6246 -0.4672
vn 0.6359 0.6497 -0.4167
vn 0.2867 0.8872 -0.3614
vn 0.2981 0.9100 -0.2881
vn 0.6369 0.6627 -0.3940
vn 0.6300 0.6705 -0.3918
vn 0.3029 0.9238 -0.2341
vn 0.6147 0.6763 -0.4059
vn 0.5420 -0.7373 0.4033
vn 0.5552 -0.6882 0.4671
vn 0.8118 -0.5214 0.2628
vn 0.7879 -0.5814 0.2030
vn 0.4902 -0.8407 0.2300
vn 0.7226 -0.6905 0.0322
vn 0.1945 -0.9031 0.3829
vn 0.2236 -0.8168 0.5319
vn -0.2029 -0.8330 0.5147
vn -0.1930 -0.7720 0.6056
vn 0.2228 -0.7704 0.5974
vn -0.1963 -0.7307 0.6539
vn -0.3660 0.9296 0.0442
vn -0.4190 0.9055 -0.0672
vn -0.6735 0.7316 0.1057
vn -0.6101 0.7650 0.2062
vn -0.8619 0.4016 0.3095
vn -0.8097 0.4425 0.3855
vn -0.3189 0.9383 0.1335
vn -0.5504 0.7830 0.2898
vn -0.7558 0.4723 0.4535
vn -0.0517 0.9981 -0.0338
vn -0.0775 0.9900 -0.1178
vn -0.1097 0.9685 -0.2235
vn -0.5582 -0.5477 0.6232
vn -0.7706 -0.3052 0.5595
vn -0.5548 -0.5687 0.6073
vn -0.7616 -0.2987 0.5751
vn -0.7511 -0.2968 0.5897
vn -0.5537 -0.5978 0.5797
vn -0.8270 0.0598 0.5590
vn -0.8566 0.0354 0.5147
vn -0.8828 0.0043 0.4697
vn 0.9491 0.0810 -0.3043
vn 0.8272 0.3558 -0.4350
vn 0.9366 0.0362 -0.3486
vn 0.8144 0.3202 -0.4840
vn 0.9095 -0.0407 -0.4138
vn 0.7932 0.2565 -0.5523
vn 0.8272 -0.1846 -0.5308
vn 0.7334 0.1106 -0.6708
vn 0.5472 0.4641 -0.6966
vn 0.5811 0.5374 -0.6112
vn 0.4860 0.3052 -0.8189
vn 0.6073 0.5870 -0.5354
vn 0.7180 -0.0316 -0.6953
vn 0.7279 0.3471 -0.5914
vn 0.7220 -0.0458 -0.6904
vn 0.7250 0.3405 -0.5987
vn 0.7639 -0.0565 -0.6428
vn 0.7449 0.3334 -0.5779
vn 0.6025 0.6788 -0.4198
vn 0.6022 0.6808 -0.4169
vn 0.6139 0.6785 -0.4035
vn 0.3726 -0.7452 -0.5530
vn 0.1339 -0.9071 -0.3990
vn 0.3839 -0.7400 -0.5523
vn 0.1341 -0.9078 -0.3975
vn 0.3853 -0.7301 -0.5644
vn 0.1251 -0.9047 -0.4073
vn -0.1414 -0.9714 -0.1908
vn -0.1229 -0.9744 -0.1882
vn -0.4359 -0.8938 0.1054
vn -0.4170 -0.9026 0.1064
vn -0.1124 -0.9745 -0.1941
vn -0.4031 -0.9096 0.1003
vn -0.4033 0.7554 0.5165
vn -0.1714 0.9195 0.3537
vn -0.6271 0.4338 0.6469
vn -0.6491 0.4203 0.6341
vn -0.4232 0.7526 0.5045
vn -0.1813 0.9225 0.3407
vn -0.2039 0.9280 0.3118
vn -0.4532 0.7512 0.4800
vn -0.6807 0.4068 0.6092
vn 0.0744 0.9910 0.1114
vn 0.0871 0.9856 0.1448
vn 0.0859 0.9834 0.1599
vn -0.7474 -0.3559 0.5610
vn -0.7395 -0.3543 0.5724
vn -0.6342 -0.6675 0.3902
vn -0.6439 -0.6595 0.3878
vn -0.7608 -0.3589 0.5408
vn -0.6572 -0.6521 0.3780
vn -0.7819 -0.0157 0.6232
vn -0.7604 -0.0028 0.6495
vn -0.7474 0.0095 0.6643
vn 0.0674 -0.8580 -0.5092
vn 0.1560 -0.8131 -0.5608
vn 0.3441 -0.8384 -0.4227
vn 0.1901 -0.9205 -0.3414
vn 0.2598 -0.7212 -0.6421
vn 0.5237 -0.6626 -0.5355
vn 0.0624 -0.9748 -0.2143
vn 0.0356 -0.8773 -0.4786
vn -0.2361 -0.9702 0.0538
vn -0.0075 -0.8335 -0.5525
vn 0.0154 -0.8220 -0.5692
vn 0.0479 -0.7717 -0.6341
vn -0.0130 -0.7415 -0.6708
vn 0.0956 -0.7280 -0.6789
vn -0.0041 -0.7343 -0.6788
vn -0.5499 -0.8338 0.0478
vn -0.7092 -0.7029 -0.0539
vn -0.4854 -0.7810 -0.3929
vn -0.4369 -0.8239 -0.3610
vn -0.5183 -0.5348 -0.6673
vn -0.5485 -0.6623 -0.5104
vn -0.8309 -0.5029 -0.2382
vn -0.8071 -0.2926 -0.5128
vn -0.3580 -0.6924 -0.6265
vn -0.3235 -0.7656 -0.5561
vn -0.2589 -0.6447 -0.7192
vn -0.3006 -0.7908 -0.5331
vn -0.3265 -0.3955 -0.8585
vn -0.4209 -0.4442 -0.7909
vn -0.6567 -0.1315 -0.7426
vn -0.4850 -0.0393 -0.8736
vn -0.2794 0.0270 -0.9598
vn -0.2405 -0.3112 -0.9194
vn 0.0271 0.0608 -0.9978
vn -0.0114 -0.1851 -0.9827
vn -0.1949 -0.6032 -0.7734
vn -0.2093 -0.5438 -0.8127
vn -0.1988 -0.6368 -0.7449
vn -0.1135 -0.6950 -0.7100
vn -0.1136 -0.6880 -0.7167
vn -0.1255 -0.6818 -0.7207
vn 0.3544 0.0047 -0.9351
vn 0.2469 -0.2185 -0.9441
vn 0.5679 -0.1526 -0.8088
vn 0.4080 -0.3304 -0.8511
vn 0.3651 -0.5645 -0.7403
vn 0.6246 -0.3938 -0.6743
vn 0.1619 -0.6829 -0.7124
vn 0.5651 -0.6736 0.4763
vn 0.2798 -0.7541 0.5942
vn 0.2932 -0.7227 0.6259
vn 0.5652 -0.6463 0.5126
vn -0.1216 -0.7559 0.6433
vn -0.0982 -0.7329 0.6732
vn -0.0909 -0.7127 0.6955
vn 0.2991 -0.6996 0.6489
vn 0.5691 -0.6231 0.5365
vn 0.7852 -0.5162 0.3420
vn 0.7865 -0.5314 0.3146
vn 0.7880 -0.4944 0.3669
vn 0.9602 -0.2665 0.0838
vn 0.9363 -0.3275 0.1266
vn 0.8715 -0.4404 0.2155
vn -0.9695 0.1233 -0.2117
vn -0.9739 -0.1763 0.1427
vn -0.9778 -0.1681 0.1255
vn -0.9416 0.1721 -0.2895
vn -0.8007 -0.4247 0.4226
vn -0.8134 -0.4168 0.4057
vn -0.3275 -0.7137 0.6192
vn -0.4539 -0.6505 0.6090
vn -0.5037 -0.6092 0.6125
vn 0.0659 0.5705 -0.8186
vn 0.0764 0.5691 -0.8187
vn -0.3183 0.5560 -0.7678
vn -0.3210 0.5560 -0.7667
vn -0.5793 0.4817 -0.6575
vn -0.6160 0.4541 -0.6437
vn -0.8744 0.2372 -0.4233
vn -0.7876 0.3203 -0.5264
vn -0.7913 0.3388 -0.5090
vn -0.6840 0.3853 -0.6195
vn -0.7922 0.3564 -0.4954
vn 0.9672 0.0241 -0.2527
vn 0.9637 0.0397 -0.2639
vn 0.8061 0.2714 -0.5259
vn 0.7914 0.2838 -0.5415
vn 0.5068 0.4627 -0.7274
vn 0.4990 0.4661 -0.7306
vn 0.3039 -0.6825 0.6647
vn 0.5717 -0.6054 0.5538
vn -0.0849 -0.6999 0.7091
vn -0.0773 -0.6706 0.7378
vn 0.3111 -0.6425 0.7003
vn 0.5759 -0.5640 0.5918
vn 0.3168 -0.5785 0.7516
vn 0.5792 -0.4972 0.6460
vn -0.0711 -0.6198 0.7815
vn -0.0698 -0.5401 0.8387
vn 0.3153 -0.4792 0.8191
vn 0.5761 -0.3931 0.7167
vn 0.7929 -0.3791 0.4771
vn 0.7913 -0.4411 0.4234
vn 0.7896 -0.2805 0.5457
vn 0.9671 -0.1032 0.2327
vn 0.9677 -0.1801 0.1762
vn 0.9646 -0.2288 0.1311
vn 0.7888 -0.4790 0.3851
vn 0.9616 -0.2558 0.0999
vn -0.9735 -0.1832 0.1369
vn -0.7987 -0.4260 0.4250
vn -0.9683 0.1104 -0.2240
vn -0.9653 0.0758 -0.2500
vn -0.9712 -0.2030 0.1245
vn -0.7945 -0.4303 0.4284
vn -0.7852 -0.4302 0.4454
vn -0.7895 -0.4316 0.4363
vn -0.9665 -0.2320 0.1093
vn -0.9574 -0.2742 0.0902
vn -0.9585 0.0211 -0.2845
vn -0.9432 -0.0609 -0.3265
vn -0.4846 -0.5657 0.6672
vn -0.4915 -0.5920 0.6387
vn -0.4825 -0.5223 0.7031
vn -0.4990 -0.6040 0.6214
vn -0.3192 0.5377 -0.7804
vn -0.5792 0.4627 -0.6712
vn 0.0739 0.5545 -0.8289
vn 0.0724 0.5175 -0.8526
vn -0.3200 0.4924 -0.8094
vn -0.5775 0.4161 -0.7024
vn -0.3162 0.4218 -0.8498
vn -0.5716 0.3431 -0.7453
vn 0.0741 0.4601 -0.8848
vn 0.0832 0.3740 -0.9237
vn -0.3029 0.3165 -0.8989
vn -0.5559 0.2342 -0.7976
vn -0.7806 0.2261 -0.5828
vn -0.7879 0.2951 -0.5404
vn -0.7636 0.1224 -0.6340
vn -0.7910 0.3389 -0.5093
vn 0.8114 0.2640 -0.5216
vn 0.8078 0.2698 -0.5240
vn 0.9697 0.0280 -0.2428
vn 0.9738 0.0375 -0.2244
vn 0.9787 0.0614 -0.1959
vn 0.8163 0.2607 -0.5155
vn 0.9816 0.1000 -0.1629
vn 0.8215 0.2569 -0.5091
vn 0.5160 0.3551 -0.7795
vn 0.5099 0.4025 -0.7603
vn 0.5068 0.4336 -0.7451
vn 0.5062 0.4549 -0.7327
vn 0.4669 0.0905 0.8797
vn 0.2029 -0.0299 0.9787
vn 0.1655 0.0327 0.9857
vn 0.4385 0.1638 0.8837
vn -0.1499 -0.2069 0.9668
vn -0.1821 -0.1669 0.9690
vn -0.2103 -0.1564 0.9650
vn 0.1356 0.0559 0.9892
vn 0.4241 0.1981 0.8837
vn 0.1092 0.0380 0.9933
vn 0.4265 0.1927 0.8837
vn -0.2299 -0.1775 0.9569
vn 0.7037 0.2840 0.6512
vn 0.6814 0.2823 0.6753
vn 0.9096 0.2938 0.2937
vn 0.8976 0.3026 0.3205
vn 0.6815 0.2471 0.6888
vn 0.6986 0.1764 0.6934
vn 0.8971 0.2809 0.3410
vn 0.9068 0.2326 0.3516
vn -0.7265 -0.4858 0.4860
vn -0.8416 -0.5306 0.1012
vn -0.7959 -0.5905 0.1338
vn -0.7023 -0.5075 0.4991
vn -0.7921 -0.4958 -0.3562
vn -0.7397 -0.5934 -0.3173
vn -0.7006 -0.6594 -0.2727
vn -0.7602 -0.6276 0.1677
vn -0.6832 -0.5253 0.5073
vn -0.7224 -0.6653 0.1885
vn -0.6591 -0.5538 0.5089
vn -0.6644 -0.7125 -0.2255
vn -0.6484 -0.5567 0.5193
vn -0.5062 -0.3936 0.7674
vn -0.5113 -0.3717 0.7749
vn -0.5031 -0.3683 0.7819
vn -0.4956 -0.3782 0.7819
vn -0.3796 -0.2949 -0.8769
vn -0.1183 -0.1927 -0.9741
vn -0.0480 -0.3023 -0.9520
vn -0.3168 -0.4131 -0.8538
vn 0.2532 -0.0555 -0.9658
vn 0.3202 -0.1477 -0.9358
vn 0.3781 -0.2060 -0.9026
vn 0.0107 -0.3814 -0.9243
vn -0.2628 -0.5016 -0.8242
vn 0.0781 -0.4444 -0.8924
vn -0.2077 -0.5816 -0.7865
vn 0.4317 -0.2523 -0.8660
vn -0.4597 -0.6716 -0.5811
vn -0.4971 -0.5956 -0.6310
vn -0.5431 -0.5111 -0.6663
vn -0.5979 -0.3949 -0.6975
vn 0.8950 0.1304 -0.4266
vn 0.8842 0.1535 -0.4411
vn 0.9665 0.2422 -0.0846
vn 0.9660 0.2404 -0.0951
vn 0.8686 0.1830 -0.4606
vn 0.9688 0.2335 -0.0835
vn 0.9708 0.2171 -0.1019
vn 0.9047 0.0947 -0.4155
vn 0.7378 -0.0565 -0.6727
vn 0.7127 -0.0127 -0.7014
vn 0.6767 0.0259 -0.7358
vn 0.6320 0.0886 -0.7699
vn 0.3023 -0.3554 0.8845
vn 0.5608 -0.2629 0.7851
vn -0.0752 -0.4447 0.8925
vn -0.0917 -0.3526 0.9313
vn 0.2776 -0.2340 0.9318
vn 0.5348 -0.1336 0.8343
vn 0.2432 -0.1238 0.9620
vn 0.5021 -0.0141 0.8647
vn -0.1174 -0.2718 0.9552
vn 0.7247 0.0768 0.6848
vn 0.7517 -0.0363 0.6585
vn 0.9229 0.1636 0.3487
vn 0.9411 0.0814 0.3281
vn 0.7749 -0.1579 0.6120
vn 0.9573 -0.0092 0.2891
vn -0.9404 -0.3316 0.0753
vn -0.7764 -0.4362 0.4548
vn -0.9177 -0.1635 -0.3620
vn -0.8842 -0.2717 -0.3799
vn -0.9150 -0.3972 0.0708
vn -0.7642 -0.4484 0.4636
vn -0.7484 -0.4645 0.4735
vn -0.8827 -0.4632 0.0795
vn -0.8434 -0.3828 -0.3772
vn -0.4886 -0.4003 0.7752
vn -0.4834 -0.4338 0.7604
vn -0.4810 -0.4764 0.7360
vn -0.2763 0.1904 -0.9420
vn -0.5275 0.1038 -0.8432
vn 0.1057 0.2692 -0.9573
vn 0.1409 0.1622 -0.9766
vn -0.2377 0.0645 -0.9692
vn -0.4894 -0.0260 -0.8717
vn -0.1855 -0.0626 -0.9807
vn -0.4407 -0.1582 -0.8836
vn 0.1908 0.0536 -0.9802
vn -0.6533 -0.2597 -0.7112
vn -0.6983 -0.1294 -0.7040
vn -0.7350 -0.0029 -0.6781
vn 0.9810 0.1451 -0.1287
vn 0.8296 0.2487 -0.4998
vn 0.9774 0.1840 -0.1043
vn 0.8399 0.2331 -0.4901
vn 0.9727 0.2140 -0.0898
vn 0.8531 0.2104 -0.4774
vn 0.5903 0.1585 -0.7915
vn 0.5560 0.2288 -0.7991
vn 0.5316 0.2948 -0.7940
vn 0.0975 -0.8327 0.5450
vn -0.0002 -0.8800 0.4750
vn 0.0549 -0.9947 0.0874
vn 0.1895 -0.9697 0.1543
vn -0.1578 -0.9219 0.3539
vn -0.1199 -0.9928 -0.0001
vn -0.0902 -0.9601 -0.2649
vn 0.0972 -0.9680 -0.2315
vn 0.2524 -0.9474 -0.1969
vn 0.3517 -0.4766 -0.8057
vn 0.3178 -0.7950 -0.5167
vn 0.1690 -0.8370 -0.5205
vn 0.2368 -0.5438 -0.8051
vn -0.0263 -0.8610 -0.5078
vn 0.0490 -0.6244 -0.7796
vn 0.4443 -0.7448 -0.4978
vn 0.3933 -0.9055 -0.1595
vn 0.4353 -0.4245 -0.7940
vn 0.5107 -0.3859 -0.7683
vn 0.5610 -0.6873 -0.4614
vn 0.5262 -0.8422 -0.1179
vn 0.3073 -0.9292 0.2053
vn 0.4213 -0.8739 0.2423
vn 0.2407 -0.7538 0.6114
vn 0.1702 -0.7905 0.5883
vn -0.8985 0.4352 -0.0575
vn -0.9129 0.3356 0.2323
vn -0.7863 0.5168 0.3385
vn -0.7732 0.6339 0.0174
vn -0.8167 0.1320 0.5617
vn -0.6787 0.2784 0.6796
vn -0.5618 0.3615 0.7441
vn -0.6578 0.6310 0.4112
vn -0.6412 0.7637 0.0757
vn -0.5151 0.7174 0.4690
vn -0.4899 0.8621 0.1296
vn -0.4441 0.4227 0.7900
vn -0.3222 0.4707 0.8214
vn -0.3529 0.7823 0.5133
vn -0.3156 0.9316 0.1805
vn -0.3877 0.8947 -0.2220
vn -0.5339 0.8033 -0.2640
vn -0.2254 0.9589 -0.1721
vn -0.0663 0.8297 -0.5543
vn -0.1906 0.7824 -0.5929
vn -0.3135 0.7157 -0.6241
vn -0.6687 0.6795 -0.3019
vn -0.8061 0.4823 -0.3430
vn -0.4382 0.6214 -0.6495
vn -0.5930 0.4498 -0.6678
vn -0.1818 -0.2793 0.9428
vn -0.2514 -0.3290 0.9102
vn -0.1025 -0.6138 0.7828
vn -0.0336 -0.5581 0.8291
vn -0.3876 -0.4313 0.8147
vn -0.2430 -0.7009 0.6706
vn -0.1018 -0.2339 0.9669
vn -0.1361 -0.2509 0.9584
vn 0.0085 -0.5234 0.8520
vn 0.0436 -0.5039 0.8627
vn -0.2872 0.0495 0.9566
vn -0.3643 0.0141 0.9312
vn -0.2212 0.0792 0.9720
vn -0.4569 -0.0384 0.8887
vn -0.6002 -0.1517 0.7854
vn -0.0053 0.2222 -0.9750
vn 0.0238 -0.0879 -0.9958
vn 0.0581 -0.0696 -0.9959
vn 0.0519 0.2545 -0.9657
vn 0.0288 -0.4776 -0.8781
vn 0.0491 -0.4657 -0.8836
vn 0.0527 -0.4531 -0.8899
vn 0.0769 -0.0602 -0.9952
vn 0.0865 0.2713 -0.9586
vn 0.0858 -0.0570 -0.9947
vn 0.1090 0.2783 -0.9543
vn 0.0407 -0.4447 -0.8948
vn 0.0205 -0.4438 -0.8959
vn 0.0871 -0.0584 -0.9945
vn 0.1213 0.2783 -0.9528
vn 0.1263 0.6029 -0.7877
vn 0.1105 0.6002 -0.7921
vn 0.0891 0.8945 -0.4381
vn 0.0817 0.8932 -0.4422
vn 0.0245 0.8892 -0.4569
vn 0.0691 0.5886 -0.8055
vn 0.0031 0.5565 -0.8309
vn -0.0874 0.8747 -0.4767
vn -0.2530 0.8403 -0.4794
vn -0.0832 0.4873 -0.8693
vn 0.2320 -0.0417 -0.9718
vn 0.6113 0.0785 -0.7875
vn 0.8100 -0.0180 -0.5861
vn 0.2715 -0.3285 -0.9046
vn 0.8081 0.1464 -0.5705
vn 0.9444 0.1021 -0.3125
vn 0.9837 -0.0308 0.1772
vn 0.9200 -0.3863 0.0662
vn 0.2790 -0.9388 -0.2019
vn -0.0815 -0.5340 0.8415
vn -0.0064 -0.7493 0.6622
vn 0.5708 -0.3734 0.7312
vn 0.3175 -0.3722 0.8722
vn 0.7728 -0.1507 0.6165
vn 0.5613 -0.2262 0.7961
vn -0.4593 -0.6004 0.6546
vn -0.5920 -0.6970 0.4047
vn -0.6705 -0.5901 0.4495
vn -0.7772 -0.6029 0.1802
vn -0.7904 -0.5405 -0.2883
vn -0.5724 -0.7614 -0.3044
vn -0.3720 -0.3520 -0.8589
vn -0.1790 -0.1561 -0.9714
vn -0.6238 -0.3626 -0.6924
vn -0.4410 -0.2282 -0.8680
vn -0.2016 -0.9214 -0.3323
vn -0.2014 -0.9263 -0.3183
vn -0.1155 -0.7769 -0.6190
vn -0.1128 -0.7679 -0.6306
vn -0.1617 -0.9392 -0.3029
vn -0.0817 -0.7895 -0.6083
vn 0.0166 -0.4852 -0.8742
vn -0.0047 -0.4722 -0.8815
vn -0.0033 -0.4598 -0.8880
vn -0.0982 -0.7611 -0.6411
vn -0.1809 -0.9221 -0.3422
vn 0.0021 -0.4488 -0.8936
vn -0.0613 -0.7614 -0.6453
vn -0.1350 -0.9293 -0.3437
vn -0.2485 -0.9686 -0.0069
vn -0.2704 -0.9627 -0.0042
vn -0.2031 -0.9792 -0.0030
vn -0.2588 -0.8873 0.3817
vn -0.2961 -0.8795 0.3725
vn -0.3162 -0.8729 0.3716
vn -0.2693 -0.9630 0.0059
vn -0.3183 -0.8683 0.3805
vn -0.2969 -0.8674 0.3993
vn -0.2352 -0.9716 0.0255
vn -0.0448 0.9555 0.2914
vn 0.0329 0.9549 0.2952
vn -0.0435 0.8182 0.5734
vn -0.1120 0.8099 0.5757
vn 0.1986 0.9294 0.3110
vn 0.1036 0.7972 0.5948
vn -0.0506 0.4775 0.8772
vn -0.1573 0.4877 0.8587
vn -0.2078 0.4698 0.8579
vn -0.0351 0.9491 0.3132
vn -0.0632 0.9524 0.2984
vn -0.1257 0.7959 0.5922
vn -0.0951 0.7851 0.6121
vn -0.2059 0.4466 0.8707
vn -0.1731 0.4312 0.8855
vn 0.0233 0.9996 -0.0160
vn 0.0016 0.9998 -0.0188
vn 0.0801 0.8979 -0.4327
vn 0.0981 0.9025 -0.4194
vn 0.0210 0.9997 -0.0143
vn 0.0996 0.9950 -0.0065
vn 0.2611 0.9653 -0.0003
vn 0.1668 0.8972 -0.4088
vn 0.2963 0.8610 -0.4133
vn -0.2847 -0.3380 0.8971
vn -0.3139 -0.6301 0.7102
vn -0.3281 -0.6379 0.6967
vn -0.3077 -0.3438 0.8872
vn -0.3263 -0.6487 0.6875
vn -0.3139 -0.3619 0.8778
vn -0.2677 -0.3813 0.8849
vn -0.2962 -0.3780 0.8772
vn -0.3080 -0.6574 0.6877
vn -0.2781 -0.6605 0.6975
vn -0.2673 -0.0156 0.9635
vn -0.2820 0.0109 0.9593
vn -0.2359 -0.0250 0.9714
vn -0.2557 0.0346 0.9661
vn -0.2017 0.0299 0.9790
vn 0.1545 0.2377 -0.9590
vn 0.1761 -0.1061 -0.9786
vn 0.2140 -0.1019 -0.9715
vn 0.2060 0.2599 -0.9434
vn 0.1348 -0.5072 -0.8512
vn 0.1674 -0.5152 -0.8406
vn 0.1713 -0.5276 -0.8321
vn 0.2200 -0.1088 -0.9694
vn 0.2194 0.2672 -0.9383
vn 0.2080 -0.1210 -0.9706
vn 0.2110 0.2653 -0.9408
vn 0.1612 -0.5405 -0.8257
vn 0.1402 -0.5519 -0.8221
vn 0.1815 -0.1350 -0.9741
vn 0.1844 0.2579 -0.9484
vn 0.1533 0.6100 -0.7774
vn 0.1748 0.6093 -0.7734
vn 0.0854 0.8937 -0.4404
vn 0.0966 0.8910 -0.4437
vn 0.0852 0.8843 -0.4591
vn 0.1755 0.6018 -0.7791
vn 0.1503 0.5846 -0.7973
vn 0.0441 0.8712 -0.4889
vn -0.0509 0.8424 -0.5364
vn 0.0795 0.5515 -0.8304
vn -0.0229 -0.9627 -0.2698
vn 0.0510 -0.8159 -0.5759
vn -0.0067 -0.8058 -0.5921
vn -0.0814 -0.9567 -0.2795
vn 0.0775 -0.4996 -0.8628
vn 0.0172 -0.4914 -0.8708
vn -0.0667 -0.7915 -0.6075
vn -0.1434 -0.9465 -0.2891
vn -0.0885 -0.7786 -0.6213
vn -0.1695 -0.9407 -0.2939
vn -0.0013 -0.4764 -0.8792
vn 0.0396 -0.4594 -0.8873
vn -0.0400 -0.7754 -0.6302
vn -0.1261 -0.9485 -0.2906
vn -0.2097 -0.9749 0.0752
vn -0.1838 -0.9806 0.0689
vn -0.1827 -0.9788 0.0926
vn -0.2284 -0.8471 0.4798
vn -0.2415 -0.8549 0.4591
vn -0.2191 -0.8629 0.4554
vn -0.1292 -0.9891 0.0701
vn -0.0778 -0.9945 0.0704
vn -0.1732 -0.8693 0.4630
vn -0.1310 -0.8746 0.4668
vn -0.4751 0.8677 0.1463
vn -0.4051 0.8986 0.1685
vn -0.4593 0.7404 0.4908
vn -0.5303 0.7103 0.4628
vn -0.2717 0.9401 0.2061
vn -0.3269 0.7857 0.5252
vn -0.3423 0.4568 0.8211
vn -0.4626 0.4080 0.7871
vn -0.5352 0.3789 0.7550
vn -0.5140 0.7204 0.4657
vn -0.4557 0.8769 0.1528
vn -0.5323 0.3847 0.7541
vn -0.4588 0.4130 0.7867
vn -0.4231 0.7574 0.4973
vn -0.3607 0.9148 0.1820
vn -0.3793 0.9057 -0.1893
vn -0.3921 0.8983 -0.1981
vn -0.2890 0.9432 -0.1641
vn -0.1857 0.8007 -0.5695
vn -0.2609 0.7684 -0.5844
vn -0.2585 0.7645 -0.5905
vn -0.3159 0.9315 -0.1805
vn -0.1752 0.7980 -0.5767
vn -0.1833 0.9732 -0.1387
vn -0.3590 -0.3379 0.8700
vn -0.3025 -0.3235 0.8965
vn -0.2297 -0.6081 0.7599
vn -0.2785 -0.6088 0.7428
vn -0.2381 -0.2978 0.9245
vn -0.1839 -0.6016 0.7773
vn -0.3032 -0.6029 0.7379
vn -0.3826 -0.3389 0.8595
vn -0.2892 -0.5974 0.7480
vn -0.3565 -0.3342 0.8725
vn -0.4223 -0.0127 0.9064
vn -0.4694 -0.0247 0.8827
vn -0.4554 -0.0235 0.8900
vn -0.3898 0.0008 0.9209
vn -0.2983 0.0428 0.9535
vn 0.2624 0.1873 -0.9466
vn 0.2378 0.2108 -0.9482
vn 0.1459 -0.1170 -0.9824
vn 0.1789 -0.1288 -0.9754
vn 0.1993 0.2484 -0.9479
vn 0.1167 -0.0981 -0.9883
vn 0.0640 -0.4942 -0.8670
vn 0.1275 -0.4967 -0.8585
vn 0.2216 0.1912 -0.9562
vn 0.2643 0.1811 -0.9473
vn 0.2018 -0.1283 -0.9710
vn 0.1951 -0.1158 -0.9739
vn 0.1853 -0.4903 -0.8516
vn 0.1972 -0.4753 -0.8575
vn 0.2693 0.5029 -0.8213
vn 0.3596 0.4790 -0.8008
vn 0.3010 0.8186 -0.4892
vn 0.4428 0.7679 -0.4628
vn 0.4812 0.7569 -0.4422
vn 0.3757 0.4844 -0.7901
vn 0.3444 0.5205 -0.7813
vn 0.2681 0.5767 -0.7717
vn 0.4289 0.7972 -0.4248
vn 0.0408 -0.9648 -0.2596
vn 0.1471 -0.9605 -0.2362
vn 0.1868 -0.7990 -0.5715
vn 0.0941 -0.8056 -0.5850
vn 0.1498 -0.9603 -0.2352
vn 0.1969 -0.7902 -0.5804
vn -0.0767 -0.9558 -0.2837
vn -0.0076 -0.8011 -0.5985
vn -0.1619 -0.9853 0.0539
vn -0.2487 -0.8700 0.4258
vn -0.1842 -0.8715 0.4544
vn -0.0607 -0.9944 0.0865
vn 0.0311 -0.9927 0.1169
vn -0.1252 -0.8678 0.4808
vn -0.1152 -0.8587 0.4993
vn 0.0345 -0.9905 0.1331
vn 0.4386 0.8391 0.3217
vn 0.3844 0.8672 0.3165
vn 0.2772 0.7291 0.6258
vn 0.3275 0.7093 0.6242
vn 0.2122 0.9305 0.2985
vn 0.1170 0.7808 0.6137
vn -0.0288 0.4387 0.8982
vn 0.0919 0.4064 0.9091
vn 0.1231 0.4024 0.9072
vn 0.3715 0.8709 0.3217
vn 0.2629 0.7422 0.6165
vn 0.0699 0.4352 0.8976
vn 0.4278 0.9038 -0.0022
vn 0.4940 0.8694 -0.0113
vn 0.4426 0.8963 -0.0265
vn 0.2741 0.9602 -0.0530
vn -0.2240 -0.3410 0.9130
vn -0.2118 -0.6095 0.7640
vn -0.2174 -0.6194 0.7544
vn -0.2074 -0.3493 0.9138
vn -0.2480 -0.6248 0.7403
vn -0.2215 -0.3504 0.9100
vn -0.2841 -0.6271 0.7253
vn -0.2510 -0.3446 0.9046
vn -0.1383 0.0025 0.9904
vn -0.1017 -0.0174 0.9947
vn -0.1046 -0.0191 0.9943
vn -0.1651 -0.0060 0.9863
vn -0.0004 0.1923 -0.9813
vn -0.0272 0.1931 -0.9808
vn 0.0200 -0.1062 -0.9941
vn 0.0439 -0.1165 -0.9922
vn 0.0095 0.2043 -0.9789
vn 0.0526 -0.0937 -0.9942
vn 0.1110 -0.1148 -0.9872
vn 0.0736 0.2100 -0.9749
vn -0.0224 0.5108 -0.8594
vn -0.1031 0.4828 -0.8697
vn -0.1220 0.4818 -0.8678
vn -0.0700 0.5007 -0.8628
vn 0.0345 -0.7772 -0.6283
vn -0.0493 -0.9593 -0.2782
vn 0.0990 -0.4503 -0.8874
vn 0.1403 -0.4496 -0.8821
vn 0.0944 -0.7791 -0.6198
vn 0.0169 -0.9643 -0.2644
vn 0.0818 -0.9647 -0.2505
vn 0.1470 -0.7831 -0.6043
vn 0.1717 -0.4582 -0.8721
vn -0.0229 -0.9904 0.1363
vn -0.1426 -0.8485 0.5096
vn -0.1676 -0.8438 0.5098
vn -0.0736 -0.9888 0.1299
vn -0.1229 -0.9857 0.1153
vn -0.1937 -0.8433 0.5013
vn -0.3099 0.7886 0.5311
vn -0.2430 0.9462 0.2135
vn -0.3647 0.4368 0.8223
vn -0.2763 0.4507 0.8489
vn -0.1998 0.8052 0.5583
vn -0.1263 0.9623 0.2407
vn -0.0673 0.8077 0.5858
vn 0.0156 0.9631 0.2686
vn -0.1731 0.4540 0.8740
vn 0.0804 0.9932 -0.0844
vn -0.0598 0.9920 -0.1109
vn 0.1346 0.8454 -0.5170
vn 0.0143 0.8437 -0.5366
vn -0.1744 0.9752 -0.1362
vn -0.0853 0.8286 -0.5532
vn -0.2604 -0.5953 0.7602
vn -0.3148 -0.3321 0.8892
vn -0.2407 -0.5960 0.7661
vn -0.2836 -0.3323 0.8995
vn -0.2251 -0.6006 0.7672
vn -0.2554 -0.3351 0.9069
vn -0.2437 0.0009 0.9699
vn -0.3026 0.0010 0.9531
vn -0.3576 -0.0036 0.9339
vn 0.1152 0.2085 -0.9712
vn 0.1633 0.2019 -0.9657
vn 0.1686 -0.1020 -0.9804
vn 0.1395 -0.0927 -0.9859
vn 0.0674 0.2102 -0.9753
vn 0.1035 -0.0892 -0.9906
vn 0.0066 0.5155 -0.8569
vn 0.0775 0.5210 -0.8500
vn 0.1589 0.5185 -0.8402
vn 0.0871 -0.0628 -0.9942
vn 0.1292 0.2799 -0.9513
vn 0.0922 -0.0690 -0.9934
vn 0.1419 0.2824 -0.9487
vn 0.1642 0.2760 -0.9470
vn 0.0986 -0.0798 -0.9919
vn 0.1926 0.6133 -0.7660
vn 0.1474 0.6172 -0.7729
vn 0.1307 0.6085 -0.7828
vn -0.0184 -0.7663 -0.6423
vn -0.0798 -0.9371 -0.3399
vn 0.0152 -0.7718 -0.6357
vn -0.0371 -0.9410 -0.3364
vn -0.0202 -0.9391 -0.3430
vn -0.0141 -0.9416 -0.3364
vn 0.0280 -0.7772 -0.6287
vn 0.0172 -0.7811 -0.6242
vn -0.0830 -0.9965 -0.0074
vn -0.1063 -0.9943 0.0014
vn -0.0890 -0.9957 -0.0265
vn -0.1793 -0.9106 0.3723
vn -0.1679 -0.9052 0.3903
vn -0.1830 -0.8998 0.3961
vn -0.1484 -0.9889 0.0020
vn -0.2150 -0.8942 0.3926
vn -0.0586 0.9468 0.3166
vn -0.0171 0.9467 0.3218
vn -0.0755 0.7805 0.6206
vn -0.1163 0.7818 0.6126
vn -0.1524 0.4287 0.8905
vn -0.1854 0.4270 0.8851
vn -0.2968 0.9199 0.2563
vn -0.1546 0.9422 0.2973
vn -0.2092 0.7799 0.5899
vn -0.3655 0.7799 0.5080
vn -0.2790 0.4198 0.8637
vn -0.4256 0.3827 0.8200
vn -0.2615 0.9646 -0.0332
vn -0.1194 0.9922 -0.0348
vn -0.0197 0.9996 -0.0195
vn 0.0318 0.9994 -0.0133
vn -0.2266 -0.3705 0.9008
vn -0.2393 -0.3745 0.8958
vn -0.2453 -0.6584 0.7116
vn -0.2241 -0.6557 0.7210
vn -0.2547 -0.3949 0.8827
vn -0.2286 -0.3759 0.8980
vn -0.2175 -0.6562 0.7226
vn -0.2325 -0.6631 0.7115
vn -0.2550 -0.0524 0.9655
vn -0.2190 -0.0243 0.9754
vn -0.3078 -0.1271 0.9429
vn -0.2117 -0.0214 0.9771
vn 0.0569 -0.9671 -0.2479
vn 0.1247 -0.9649 -0.2312
vn 0.1642 -0.8402 -0.5168
vn 0.1009 -0.8438 -0.5271
vn 0.2567 -0.9461 -0.1976
vn 0.2909 -0.8186 -0.4953
vn 0.2880 -0.5323 -0.7960
vn 0.1906 -0.5557 -0.8093
vn 0.1421 -0.5610 -0.8155
vn 0.0745 -0.8423 -0.5338
vn 0.0258 -0.9660 -0.2572
vn 0.1273 -0.5595 -0.8190
vn 0.0768 -0.8389 -0.5388
vn 0.0219 -0.9652 -0.2605
vn -0.0238 -0.9987 0.0460
vn 0.0060 -0.9984 0.0558
vn -0.0300 -0.9985 0.0450
vn -0.0890 -0.8947 0.4376
vn -0.0842 -0.8957 0.4366
vn -0.0611 -0.8932 0.4456
vn 0.0694 -0.9946 0.0772
vn 0.1849 -0.9757 0.1179
vn -0.0126 -0.8849 0.4657
vn 0.0687 -0.8634 0.4999
vn -0.0307 0.9686 0.2466
vn -0.0796 0.8421 0.5334
vn -0.0811 0.8450 0.5286
vn -0.0374 0.9682 0.2475
vn -0.1265 0.5525 0.8239
vn -0.1280 0.5604 0.8183
vn -0.1314 0.5632 0.8158
vn -0.0857 0.8451 0.5277
vn -0.0433 0.9675 0.2492
vn -0.0485 0.9662 0.2531
vn -0.0467 0.9668 0.2511
vn -0.0904 0.8431 0.5301
vn -0.0950 0.8399 0.5343
vn -0.1350 0.5605 0.8171
vn -0.1386 0.5539 0.8210
vn 0.0082 0.9986 -0.0516
vn 0.0028 0.9987 -0.0514
vn 0.0692 0.8947 -0.4413
vn 0.0632 0.8941 -0.4434
vn 0.0026 0.9986 -0.0536
vn 0.0080 0.9983 -0.0582
vn 0.0681 0.8911 -0.4487
vn 0.0848 0.8856 -0.4566
vn 0.0192 0.9977 -0.0656
vn -0.1523 -0.2484 0.9566
vn -0.1391 -0.2449 0.9595
vn -0.0932 -0.5976 0.7964
vn -0.1214 -0.6062 0.7860
vn -0.1171 -0.2413 0.9634
vn -0.0482 -0.5818 0.8119
vn -0.1579 -0.2533 0.9544
vn -0.1582 -0.2514 0.9549
vn -0.1345 -0.6098 0.7810
vn -0.1360 -0.6088 0.7816
vn -0.1600 0.1451 0.9764
vn -0.1571 0.1480 0.9764
vn -0.1608 0.1389 0.9772
vn -0.1517 0.1466 0.9775
vn -0.1427 0.1403 0.9798
vn 0.2718 0.2652 -0.9251
vn 0.2444 0.2566 -0.9351
vn 0.3242 -0.0982 -0.9409
vn 0.3777 -0.0625 -0.9238
vn 0.1999 0.2517 -0.9469
vn 0.2475 -0.1258 -0.9607
vn 0.4107 -0.4833 -0.7731
vn 0.5000 -0.4253 -0.7544
vn 0.2562 0.2706 -0.9280
vn 0.2774 0.2724 -0.9213
vn 0.4005 -0.0332 -0.9157
vn 0.3864 -0.0267 -0.9220
vn 0.5387 -0.3835 -0.7502
vn 0.1142 0.5542 -0.8245
vn 0.1638 0.5708 -0.8046
vn 0.0319 0.8555 -0.5169
vn 0.0811 0.8680 -0.4899
vn 0.1818 0.5805 -0.7937
vn 0.1754 0.5886 -0.7892
vn 0.0964 0.8772 -0.4703
vn 0.1495 0.5973 -0.7879
vn 0.5397 -0.8343 -0.1124
vn 0.5861 -0.8045 -0.0961
vn 0.6099 -0.6630 -0.4342
vn 0.5622 -0.7012 -0.4385
vn 0.4198 -0.8949 -0.1512
vn 0.4466 -0.7652 -0.4636
vn 0.3310 -0.9277 0.1729
vn 0.1736 -0.8212 0.5436
vn 0.2454 -0.7744 0.5832
vn 0.4353 -0.8727 0.2213
vn 0.4741 -0.8442 0.2500
vn 0.2723 -0.7444 0.6098
vn -0.0798 0.9687 0.2350
vn -0.1656 0.9620 0.2169
vn -0.2130 0.8161 0.5372
vn -0.1313 0.8295 0.5429
vn -0.2210 0.5025 0.8358
vn -0.1620 0.5232 0.8366
vn -0.0381 0.9691 0.2437
vn -0.0895 0.8366 0.5404
vn -0.1324 0.5397 0.8314
vn 0.0186 0.9968 -0.0780
vn -0.0142 0.9951 -0.0982
vn -0.0891 0.9878 -0.1275
vn 0.0585 -0.5054 0.8609
vn -0.0819 -0.2284 0.9701
vn 0.0454 -0.5270 0.8487
vn -0.0799 -0.2311 0.9696
vn 0.0085 -0.5562 0.8310
vn -0.0926 -0.2368 0.9671
vn -0.1371 0.1289 0.9821
vn -0.1455 0.1160 0.9825
vn -0.1715 0.1006 0.9800
vn 0.3447 -0.0465 -0.9375
vn 0.2153 0.2547 -0.9427
vn 0.2952 -0.0847 -0.9517
vn 0.1633 0.2259 -0.9603
vn 0.2150 -0.1503 -0.9650
vn 0.0866 0.1726 -0.9812
vn 0.0501 -0.2683 -0.9620
vn -0.0663 0.0491 -0.9966
vn -0.1391 0.4289 -0.8926
vn -0.0397 0.4880 -0.8719
vn -0.2983 0.2930 -0.9084
vn 0.0435 0.5260 -0.8494
vn 0.1590 -0.1442 -0.9767
vn 0.1581 0.2517 -0.9548
vn 0.1602 -0.1456 -0.9763
vn 0.1505 0.2499 -0.9565
vn 0.1877 -0.1402 -0.9722
vn 0.1629 0.2497 -0.9545
vn 0.1251 0.6038 -0.7873
vn 0.1192 0.6077 -0.7852
vn 0.1288 0.6090 -0.7826
vn 0.0886 -0.8346 -0.5437
vn 0.0269 -0.9651 -0.2605
vn 0.0923 -0.8292 -0.5513
vn 0.0250 -0.9648 -0.2616
vn 0.0841 -0.8229 -0.5619
vn 0.0124 -0.9645 -0.2639
vn -0.0456 -0.9968 0.0656
vn -0.0322 -0.9978 0.0579
vn -0.1041 -0.8797 0.4640
vn -0.0921 -0.8855 0.4553
vn -0.0279 -0.9983 0.0505
vn -0.0878 -0.8909 0.4457
vn -0.0906 0.9646 0.2477
vn -0.0588 0.9657 0.2530
vn -0.1089 0.8354 0.5388
vn -0.1436 0.8280 0.5420
vn -0.1505 0.5434 0.8259
vn -0.1809 0.5265 0.8307
vn -0.1536 0.9599 0.2346
vn -0.2088 0.8148 0.5408
vn -0.2381 0.5000 0.8327
vn -0.0721 0.9927 -0.0965
vn -0.0172 0.9974 -0.0705
vn 0.0066 0.9984 -0.0563
vn -0.1686 -0.2604 0.9507
vn -0.1587 -0.2547 0.9539
vn -0.1352 -0.6037 0.7857
vn -0.1400 -0.5991 0.7883
vn -0.1913 -0.2736 0.9426
vn -0.1536 -0.5974 0.7871
vn -0.2248 0.0849 0.9707
vn -0.1861 0.1124 0.9761
vn -0.1666 0.1295 0.9775
vn -0.1204 -0.8526 -0.5085
vn -0.1615 -0.6379 -0.7530
vn -0.1845 -0.9479 -0.2598
vn -0.2100 -0.9772 -0.0310
vn -0.3426 -0.9045 0.2538
vn -0.5215 -0.8386 0.1572
vn -0.4528 -0.7778 0.4359
vn -0.5661 -0.7853 0.2504
vn -0.5852 -0.5723 0.5745
vn -0.6717 -0.6423 0.3692
vn -0.9224 -0.3847 0.0339
vn -0.8446 -0.5003 0.1905
vn -0.7689 -0.3402 0.5413
vn -0.9343 -0.1135 0.3378
vn -0.8507 -0.5073 -0.1373
vn -0.8410 -0.5314 -0.1010
vn -0.9337 -0.2619 -0.2443
vn -0.9455 -0.3005 -0.1253
vn -0.9970 0.0406 0.0664
vn -0.9811 0.1151 -0.1557
vn -0.9141 0.1546 -0.3749
vn -0.9149 -0.1871 -0.3578
vn -0.7543 0.1420 -0.6410
vn -0.8028 -0.0836 -0.5903
vn -0.7400 -0.6040 -0.2960
vn -0.8231 -0.4924 -0.2828
vn -0.8017 -0.5184 -0.2975
vn -0.7405 -0.6059 -0.2907
vn -0.8609 -0.4618 -0.2137
vn -0.5182 0.0287 -0.8548
vn -0.6478 -0.2405 -0.7228
vn -0.3177 -0.1711 -0.9326
vn -0.5504 -0.3681 -0.7494
vn -0.3501 -0.6054 -0.7148
vn -0.3775 -0.4938 -0.7834
vn -0.2188 -0.4290 -0.8764
vn -0.7018 -0.4713 -0.5342
vn -0.6993 -0.4754 -0.5339
vn 0.3706 -0.7465 0.5527
vn 0.5701 -0.7923 0.2173
vn 0.5651 -0.7935 0.2258
vn 0.3576 -0.7468 0.5608
vn 0.6570 -0.7507 -0.0693
vn 0.6591 -0.7484 -0.0744
vn 0.6771 -0.6447 -0.3548
vn 0.6763 -0.6421 -0.3611
vn 0.5970 -0.4235 -0.6813
vn 0.5895 -0.4196 -0.6903
vn -0.6486 0.1017 0.7543
vn -0.8331 0.2478 0.4945
vn -0.7403 0.2802 0.6111
vn -0.5578 0.0233 0.8296
vn -0.7265 0.2954 0.6204
vn -0.5020 -0.0292 0.8644
vn -0.2209 -0.3255 0.9194
vn -0.2315 -0.3133 0.9210
vn 0.0750 -0.5712 0.8174
vn 0.0614 -0.5666 0.8217
vn -0.9447 0.1774 0.2759
vn -0.9409 0.1809 0.2863
vn -0.8869 0.2977 0.3533
vn -0.5343 0.5904 -0.6049
vn -0.5139 0.6020 -0.6111
vn -0.6858 0.6543 -0.3188
vn -0.6538 0.6302 -0.4188
vn -0.4996 0.6183 -0.6068
vn -0.6986 0.6647 -0.2649
vn -0.7815 0.6238 0.0131
vn -0.7816 0.6237 0.0110
vn -0.8061 0.4859 0.3379
vn -0.8032 0.5208 0.2892
vn 0.3865 -0.1098 -0.9157
vn 0.3729 -0.1006 -0.9224
vn 0.1177 0.1829 -0.9761
vn 0.1005 0.1937 -0.9759
vn -0.1875 0.4365 -0.8800
vn -0.2555 0.4694 -0.8452
vn -0.3778 0.5052 -0.7759
vn 0.5921 -0.7741 0.2241
vn 0.6795 -0.7313 -0.0600
vn 0.3890 -0.7335 0.5573
vn 0.4291 -0.7004 0.5704
vn 0.6404 -0.7288 0.2423
vn 0.7296 -0.6828 -0.0380
vn 0.7054 -0.6546 0.2720
vn 0.7972 -0.6038 -0.0045
vn 0.4824 -0.6448 0.5929
vn 0.5444 -0.5561 0.6280
vn 0.7813 -0.5385 0.3157
vn 0.8767 -0.4792 0.0424
vn 0.8133 -0.5063 -0.2866
vn 0.7475 -0.5819 -0.3204
vn 0.8901 -0.3871 -0.2406
vn 0.7767 -0.2215 -0.5897
vn 0.7116 -0.3169 -0.6271
vn 0.6557 -0.3773 -0.6540
vn 0.6989 -0.6272 -0.3438
vn 0.6158 -0.4110 -0.6722
vn -0.5093 -0.0370 0.8598
vn -0.2187 -0.3274 0.9192
vn -0.7401 0.2809 0.6110
vn -0.7696 0.2411 0.5912
vn -0.5244 -0.0596 0.8494
vn -0.2147 -0.3323 0.9184
vn -0.5430 -0.0957 0.8343
vn -0.2084 -0.3381 0.9177
vn -0.8071 0.1771 0.5632
vn -0.8468 0.0815 0.5256
vn -0.5615 -0.1491 0.8139
vn -0.1998 -0.3436 0.9176
vn 0.1782 -0.4844 0.8565
vn 0.1416 -0.5272 0.8379
vn 0.1100 -0.5524 0.8263
vn 0.0864 -0.5662 0.8197
vn -0.7147 0.6447 -0.2711
vn -0.7978 0.6029 0.0047
vn -0.5135 0.6032 -0.6103
vn -0.5434 0.5633 -0.6224
vn -0.7505 0.5946 -0.2882
vn -0.8347 0.5505 -0.0158
vn -0.7967 0.5159 -0.3147
vn -0.8824 0.4683 -0.0460
vn -0.5808 0.5007 -0.6418
vn -0.6215 0.4084 -0.6686
vn -0.8466 0.3999 -0.3511
vn -0.9341 0.3463 -0.0870
vn -0.9004 0.3721 0.2256
vn -0.8545 0.4512 0.2573
vn -0.9495 0.2545 0.1833
vn -0.8189 0.5013 0.2794
vn 0.1248 0.1784 -0.9760
vn 0.1199 0.1821 -0.9759
vn 0.3983 -0.1045 -0.9113
vn 0.4222 -0.0903 -0.9020
vn 0.4576 -0.0587 -0.8872
vn 0.1339 0.1784 -0.9748
vn 0.4972 -0.0065 -0.8676
vn 0.1438 0.1815 -0.9728
vn -0.2451 0.3280 -0.9123
vn -0.2263 0.3750 -0.8990
vn -0.2092 0.4074 -0.8890
vn -0.1946 0.4291 -0.8820
vn 0.9829 -0.0068 0.1839
vn 0.8824 -0.0997 0.4598
vn 0.8738 -0.0495 0.4838
vn 0.9789 0.0510 0.1980
vn 0.6327 -0.2297 0.7396
vn 0.6200 -0.1971 0.7595
vn 0.6013 -0.1882 0.7766
vn 0.8626 -0.0316 0.5049
vn 0.9759 0.0769 0.2042
vn 0.8474 -0.0487 0.5288
vn 0.9770 0.0677 0.2021
vn 0.5794 -0.2066 0.7884
vn 0.9762 0.1415 -0.1644
vn 0.9808 0.1441 -0.1313
vn 0.8207 0.1588 -0.5488
vn 0.8359 0.1689 -0.5223
vn 0.9860 0.1179 -0.1181
vn 0.9909 0.0627 -0.1187
vn 0.8492 0.1532 -0.5054
vn 0.8587 0.1170 -0.4990
vn -0.1337 -0.4044 0.9047
vn -0.5096 -0.4120 0.7554
vn -0.4703 -0.4659 0.7495
vn -0.1157 -0.4250 0.8978
vn -0.8311 -0.3539 0.4290
vn -0.7886 -0.4427 0.4267
vn -0.7463 -0.5058 0.4326
vn -0.4318 -0.5033 0.7485
vn -0.1025 -0.4428 0.8907
vn -0.4022 -0.5420 0.7379
vn -0.0927 -0.4714 0.8770
vn -0.7021 -0.5591 0.4410
vn 0.2290 -0.3609 0.9040
vn 0.2362 -0.3400 0.9103
vn 0.2476 -0.3369 0.9084
vn 0.2520 -0.3443 0.9044
vn -0.9581 -0.1754 -0.2265
vn -0.8621 -0.1007 -0.4967
vn -0.8257 -0.2014 -0.5269
vn -0.9264 -0.2830 -0.2482
vn -0.6127 -0.0127 -0.7902
vn -0.5687 -0.0967 -0.8168
vn -0.5233 -0.1542 -0.8381
vn -0.7887 -0.2765 -0.5491
vn -0.8926 -0.3662 -0.2631
vn -0.7411 -0.3407 -0.5785
vn -0.8516 -0.4456 -0.2759
vn -0.4753 -0.2019 -0.8564
vn -0.8541 -0.5169 0.0572
vn -0.8957 -0.4423 0.0468
vn -0.9304 -0.3629 0.0511
vn -0.9644 -0.2571 0.0611
vn 0.2176 0.0675 -0.9737
vn 0.2061 0.0914 -0.9743
vn 0.5509 0.1407 -0.8226
vn 0.5403 0.1368 -0.8303
vn 0.1910 0.1194 -0.9743
vn 0.5557 0.1368 -0.8200
vn 0.5336 0.1134 -0.8381
vn 0.2255 0.0325 -0.9737
vn -0.1049 -0.0690 -0.9921
vn -0.1327 -0.0252 -0.9908
vn -0.1711 0.0141 -0.9852
vn -0.2087 0.0712 -0.9754
vn 0.8419 -0.4008 0.3612
vn 0.9387 -0.3323 0.0920
vn 0.5981 -0.4514 0.6622
vn 0.6270 -0.3593 0.6912
vn 0.8734 -0.2789 0.3992
vn 0.9706 -0.2018 0.1316
vn 0.8843 -0.1784 0.4314
vn 0.9824 -0.0934 0.1616
vn 0.6367 -0.2850 0.7165
vn 0.9912 -0.0191 -0.1309
vn 0.9804 -0.1221 -0.1549
vn 0.8621 0.0595 -0.5032
vn 0.8543 -0.0171 -0.5194
vn 0.9500 -0.2464 -0.1918
vn 0.8285 -0.1126 -0.5486
vn -0.5686 -0.2144 0.7942
vn -0.1852 -0.3524 0.9174
vn -0.8718 -0.0321 0.4889
vn -0.8761 -0.1413 0.4609
vn -0.5618 -0.2802 0.7784
vn -0.1696 -0.3652 0.9154
vn -0.5418 -0.3460 0.7660
vn -0.1524 -0.3825 0.9113
vn -0.8622 -0.2481 0.4417
vn 0.2491 -0.3629 0.8979
vn 0.2374 -0.3936 0.8881
vn 0.2146 -0.4350 0.8745
vn -0.9832 0.0742 -0.1665
vn -0.9700 0.2057 -0.1299
vn -0.8816 0.2650 -0.3907
vn -0.8935 0.1379 -0.4274
vn -0.6487 0.2982 -0.7002
vn -0.6556 0.1917 -0.7303
vn -0.8865 0.0183 -0.4624
vn -0.9788 -0.0511 -0.1982
vn -0.6436 0.0895 -0.7601
vn -0.9877 -0.1341 0.0803
vn -0.9943 -0.0104 0.1061
vn -0.9831 0.1180 0.1399
vn 0.1659 0.1670 -0.9719
vn 0.1552 0.1776 -0.9718
vn 0.5305 0.0477 -0.8464
vn 0.5488 0.0917 -0.8309
vn 0.1772 0.1475 -0.9730
vn 0.5559 0.1216 -0.8223
vn -0.2371 0.1396 -0.9614
vn -0.2527 0.2048 -0.9456
vn -0.2552 0.2673 -0.9292
vn 0.6639 -0.6176 0.4216
vn 0.5727 -0.7087 0.4121
vn 0.4784 -0.8766 0.0526
vn 0.6060 -0.7945 0.0401
vn 0.4078 -0.8255 0.3902
vn 0.2986 -0.9519 0.0681
vn 0.1838 -0.9674 -0.1741
vn 0.3503 -0.9047 -0.2424
vn 0.4806 -0.8265 -0.2932
vn 0.0848 -0.4883 -0.8685
vn 0.3207 -0.7315 -0.6017
vn 0.2183 -0.8209 -0.5276
vn 0.0213 -0.5885 -0.8082
vn 0.0802 -0.9059 -0.4158
vn -0.0827 -0.7204 -0.6887
vn 0.4094 -0.6390 -0.6512
vn 0.5927 -0.7328 -0.3343
vn 0.1355 -0.4100 -0.9020
vn 0.1918 -0.3438 -0.9192
vn 0.4957 -0.5395 -0.6807
vn 0.6919 -0.6214 -0.3677
vn 0.7068 -0.7070 0.0225
vn 0.7922 -0.6103 -0.0050
vn 0.7769 -0.4832 0.4037
vn 0.7251 -0.5453 0.4205
vn -0.9069 0.0858 0.4126
vn -0.7418 0.0501 0.6687
vn -0.6637 0.2813 0.6931
vn -0.8515 0.3261 0.4106
vn -0.4298 -0.0354 0.9022
vn -0.3234 0.1700 0.9309
vn -0.2337 0.2990 0.9252
vn -0.5733 0.4447 0.6881
vn -0.7713 0.5018 0.3915
vn -0.4679 0.5840 0.6633
vn -0.6657 0.6543 0.3588
vn -0.1436 0.4045 0.9032
vn -0.0517 0.4961 0.8667
vn -0.3449 0.7074 0.6170
vn -0.5319 0.7873 0.3118
vn -0.7643 0.6448 0.0049
vn -0.8631 0.5030 0.0449
vn -0.6384 0.7689 -0.0368
vn -0.6426 0.6235 -0.4453
vn -0.7400 0.5302 -0.4138
vn -0.8252 0.4211 -0.3766
vn -0.9381 0.3362 0.0829
vn -0.9877 0.1003 0.1201
vn -0.8980 0.2874 -0.3333
vn -0.9606 0.0740 -0.2679
vn 0.4131 -0.1199 0.9027
vn 0.3625 -0.1959 0.9111
vn 0.5322 -0.4340 0.7269
vn 0.5864 -0.3499 0.7306
vn 0.2506 -0.3556 0.9004
vn 0.4029 -0.5848 0.7040
vn 0.4694 -0.0465 0.8818
vn 0.4451 -0.0753 0.8923
vn 0.6166 -0.2990 0.7282
vn 0.6415 -0.2672 0.7191
vn 0.2063 0.1495 0.9670
vn 0.1476 0.0856 0.9853
vn 0.2539 0.2019 0.9459
vn 0.0754 -0.0025 0.9972
vn -0.0413 -0.1764 0.9835
vn -0.9557 -0.2339 -0.1786
vn -0.7967 -0.6029 -0.0423
vn -0.7811 -0.4192 -0.4628
vn -0.7408 -0.0251 -0.6712
vn -0.3457 -0.9311 -0.1166
vn -0.6001 -0.7684 -0.2221
vn -0.6010 -0.7237 -0.3391
vn -0.6906 -0.3726 -0.6199
vn -0.6204 0.0063 -0.7843
vn -0.6350 -0.3703 -0.6780
vn -0.5732 0.0079 -0.8194
vn -0.5802 -0.7082 -0.4023
vn -0.5601 -0.7058 -0.4338
vn -0.6122 -0.3708 -0.6983
vn -0.5647 0.0088 -0.8252
vn -0.4359 0.3956 -0.8084
vn -0.4411 0.3844 -0.8110
vn -0.2289 0.7409 -0.6314
vn -0.2477 0.7303 -0.6366
vn -0.3056 0.7135 -0.6304
vn -0.4854 0.3677 -0.7932
vn -0.6073 0.3371 -0.7194
vn -0.4361 0.6935 -0.5735
vn -0.7722 0.6000 -0.2094
vn -0.9361 0.1800 -0.3021
vn -0.2299 -0.2098 -0.9503
vn 0.0997 0.0655 -0.9929
vn 0.3903 0.0752 -0.9176
vn -0.0466 -0.4455 -0.8941
vn 0.3264 0.2472 -0.9124
vn 0.5715 0.3080 -0.7606
vn 0.8789 0.3087 -0.3636
vn 0.9059 -0.0805 -0.4158
vn 0.4978 -0.8143 -0.2984
vn 0.5507 -0.3573 0.7543
vn 0.6090 -0.5738 0.5476
vn 0.9476 -0.0319 0.3178
vn 0.8136 -0.0695 0.5773
vn 0.9657 0.2301 0.1199
vn 0.9125 0.1335 0.3867
vn 0.1966 -0.5838 0.7877
vn 0.2523 -0.6687 0.6994
vn -0.0692 -0.6889 0.7216
vn -0.0617 -0.7197 0.6915
vn -0.1259 -0.9916 -0.0313
vn -0.4123 -0.5360 -0.7367
vn -0.5017 -0.4468 -0.7407
vn -0.6100 -0.6142 -0.5007
vn -0.6330 -0.5743 -0.5191
vn -0.0967 -0.9909 0.0941
vn -0.2627 -0.9398 -0.2186
vn -0.3454 -0.9236 -0.1665
vn -0.1971 -0.9719 0.1285
vn -0.4536 -0.7032 -0.5474
vn -0.4997 -0.7068 -0.5008
vn -0.5276 -0.7067 -0.4714
vn -0.3879 -0.9101 -0.1458
vn -0.2429 -0.9602 0.1380
vn -0.4118 -0.9014 -0.1336
vn -0.2629 -0.9545 0.1409
vn -0.5460 -0.7063 -0.4505
vn -0.4237 -0.8976 -0.1217
vn -0.2653 -0.9531 0.1455
vn -0.0912 -0.9106 0.4030
vn -0.0819 -0.9091 0.4084
vn -0.0789 -0.9127 0.4010
vn 0.1576 -0.7392 0.6548
vn 0.1196 -0.7420 0.6596
vn 0.1109 -0.7363 0.6675
vn -0.0419 -0.9118 0.4085
vn 0.0475 -0.9207 0.3873
vn 0.1348 -0.7286 0.6716
vn 0.2007 -0.7232 0.6608
vn 0.1584 0.9764 -0.1471
vn 0.1811 0.9696 -0.1646
vn 0.3232 0.9375 0.1289
vn 0.3041 0.9424 0.1395
vn 0.2056 0.9614 -0.1831
vn 0.3512 0.9289 0.1180
vn 0.4739 0.6999 0.5344
vn 0.4517 0.7064 0.5449
vn 0.4498 0.7042 0.5494
vn 0.1184 0.9844 -0.1300
vn 0.1376 0.9814 -0.1336
vn 0.2923 0.9447 0.1484
vn 0.2859 0.9459 0.1537
vn 0.4619 0.6988 0.5461
vn 0.4825 0.6946 0.5335
vn -0.0322 0.9264 -0.3751
vn -0.0180 0.9286 -0.3707
vn -0.2302 0.7465 -0.6243
vn -0.2264 0.7461 -0.6262
vn -0.0014 0.9248 -0.3805
vn 0.0138 0.9169 -0.3988
vn -0.2221 0.7378 -0.6375
vn -0.2147 0.7218 -0.6580
vn 0.0292 0.9056 -0.4231
vn 0.4074 -0.1501 0.9008
vn 0.3981 -0.1350 0.9073
vn 0.2910 -0.4482 0.8452
vn 0.2869 -0.4624 0.8390
vn 0.4182 -0.1230 0.9000
vn 0.3286 -0.4350 0.8384
vn 0.4965 -0.1412 0.8565
vn 0.4413 -0.1546 0.8839
vn 0.3118 -0.4671 0.8274
vn 0.3649 -0.4562 0.8116
vn 0.5123 0.2406 0.8244
vn 0.4813 0.2479 0.8408
vn 0.5568 0.2452 0.7936
vn 0.4694 0.2594 0.8440
vn 0.4850 0.2640 0.8337
vn -0.4872 0.0715 -0.8703
vn -0.3997 -0.3375 -0.8522
vn -0.4043 -0.3581 -0.8416
vn -0.4848 0.0795 -0.8710
vn -0.2438 -0.7485 -0.6167
vn -0.2364 -0.7642 -0.6001
vn -0.2197 -0.7670 -0.6029
vn -0.3962 -0.3664 -0.8419
vn -0.4787 0.0841 -0.8740
vn -0.3813 -0.3649 -0.8494
vn -0.4705 0.0861 -0.8782
vn -0.1970 -0.7596 -0.6198
vn -0.1682 -0.7433 -0.6475
vn -0.3607 -0.3543 -0.8628
vn -0.4605 0.0874 -0.8833
vn -0.4662 0.4988 -0.7307
vn -0.4679 0.4986 -0.7297
vn -0.3839 0.8173 -0.4297
vn -0.3843 0.8141 -0.4354
vn -0.4065 0.7987 -0.4437
vn -0.4783 0.4872 -0.7307
vn -0.5002 0.4610 -0.7329
vn -0.4570 0.7665 -0.4514
vn -0.5437 0.7100 -0.4475
vn -0.5381 0.4157 -0.7332
vn 0.0719 -0.9974 -0.0053
vn -0.0677 -0.9600 -0.2718
vn -0.0802 -0.9563 -0.2810
vn 0.0575 -0.9983 0.0131
vn -0.2403 -0.7231 -0.6475
vn -0.2253 -0.6923 -0.6855
vn -0.0784 -0.9490 -0.3053
vn 0.0531 -0.9984 0.0187
vn -0.0487 -0.9361 -0.3483
vn 0.0921 -0.9957 -0.0013
vn -0.2046 -0.6605 -0.7224
vn -0.1961 -0.6376 -0.7450
vn -0.0011 -0.9171 -0.3987
vn 0.1656 -0.9855 -0.0381
vn 0.3334 -0.9017 0.2752
vn 0.2619 -0.9224 0.2838
vn 0.4683 -0.6787 0.5658
vn 0.4262 -0.7096 0.5610
vn 0.3812 -0.7449 0.5476
vn 0.2101 -0.9368 0.2799
vn 0.2087 -0.9439 0.2558
vn 0.2120 -0.9510 0.2251
vn 0.3737 -0.7665 0.5224
vn 0.3670 -0.7870 0.4959
vn -0.6030 0.7359 0.3078
vn -0.5326 0.8038 0.2649
vn -0.3484 0.7416 0.5732
vn -0.4078 0.6717 0.6185
vn -0.3942 0.8981 0.1951
vn -0.2325 0.8416 0.4875
vn 0.0452 0.6117 0.7898
vn -0.0358 0.5126 0.8579
vn -0.0799 0.4493 0.8898
vn -0.5353 0.8013 0.2671
vn -0.6000 0.7385 0.3076
vn -0.3985 0.6748 0.6211
vn -0.3276 0.7394 0.5882
vn -0.0748 0.4461 0.8918
vn -0.0150 0.4953 0.8686
vn -0.7142 0.6995 -0.0244
vn -0.7072 0.7066 -0.0238
vn -0.6635 0.7455 -0.0633
vn -0.7096 0.5616 -0.4256
vn -0.7376 0.5427 -0.4018
vn -0.7175 0.5668 -0.4050
vn -0.6303 0.7741 -0.0588
vn -0.4882 0.8663 -0.1060
vn -0.6507 0.6309 -0.4227
vn 0.4120 -0.1683 0.8955
vn 0.4299 -0.1669 0.8873
vn 0.4632 -0.4731 0.7494
vn 0.4611 -0.4506 0.7644
vn 0.4498 -0.1543 0.8797
vn 0.4633 -0.4923 0.7369
vn 0.4776 -0.4183 0.7727
vn 0.4103 -0.1561 0.8985
vn 0.4941 -0.3946 0.7747
vn 0.4270 -0.1385 0.8936
vn 0.2718 0.1446 0.9514
vn 0.2362 0.1197 0.9643
vn 0.2404 0.1222 0.9629
vn 0.2713 0.1560 0.9498
vn 0.3162 0.2182 0.9233
vn -0.5290 0.0410 -0.8476
vn -0.5381 0.0435 -0.8417
vn -0.5241 -0.3130 -0.7921
vn -0.4850 -0.3011 -0.8210
vn -0.5531 0.0439 -0.8319
vn -0.5618 -0.3242 -0.7611
vn -0.3723 -0.6946 -0.6156
vn -0.2770 -0.6735 -0.6853
vn -0.5305 0.0302 -0.8471
vn -0.5265 0.0367 -0.8494
vn -0.4500 -0.2886 -0.8451
vn -0.4309 -0.2777 -0.8586
vn -0.1971 -0.6434 -0.7397
vn -0.1729 -0.6229 -0.7630
vn -0.5379 0.3353 -0.7734
vn -0.4915 0.3529 -0.7962
vn -0.4548 0.6739 -0.5822
vn -0.3518 0.6906 -0.6319
vn -0.2694 0.6981 -0.6634
vn -0.4554 0.3674 -0.8109
vn -0.4379 0.3824 -0.8136
vn -0.2226 0.7066 -0.6717
vn -0.4397 0.3974 -0.8055
vn 0.2601 -0.9609 -0.0952
vn 0.3992 -0.8989 -0.1806
vn 0.1529 -0.8615 -0.4841
vn 0.0308 -0.9129 -0.4071
vn 0.4139 -0.8903 -0.1896
vn 0.1676 -0.8462 -0.5058
vn 0.0700 -0.9975 0.0139
vn -0.1302 -0.9430 -0.3064
vn 0.2099 -0.9242 0.3192
vn 0.3242 -0.7186 0.6152
vn 0.4555 -0.6976 0.5530
vn 0.3890 -0.8931 0.2259
vn 0.5216 -0.8401 0.1489
vn 0.5554 -0.6652 0.4990
vn 0.5794 -0.6470 0.4957
vn 0.5431 -0.8264 0.1488
vn 0.1487 0.9775 -0.1494
vn 0.0374 0.9960 -0.0816
vn 0.2220 0.9427 0.2491
vn 0.3183 0.9324 0.1713
vn -0.1137 0.9934 0.0123
vn 0.0847 0.9339 0.3473
vn 0.3028 0.6529 0.6943
vn 0.4014 0.6732 0.6210
vn 0.4702 0.6795 0.5632
vn 0.2048 0.9615 -0.1831
vn 0.3606 0.9241 0.1269
vn 0.4914 0.6863 0.5362
vn 0.0202 0.9008 -0.4337
vn -0.0405 0.9089 -0.4151
vn -0.1506 0.9186 -0.3653
vn -0.2920 0.9114 -0.2900
vn 0.5055 -0.1121 0.8555
vn 0.5487 -0.3839 0.7427
vn 0.5339 -0.3969 0.7466
vn 0.5122 -0.1136 0.8513
vn 0.4784 -0.4135 0.7747
vn 0.4955 -0.1165 0.8607
vn 0.4043 -0.4263 0.8092
vn 0.4608 -0.1193 0.8794
vn 0.5101 0.2570 0.8208
vn 0.5171 0.2449 0.8201
vn 0.4918 0.2328 0.8390
vn 0.4466 0.2199 0.8673
vn -0.5259 0.0365 -0.8497
vn -0.3842 -0.2548 -0.8874
vn -0.3657 -0.2590 -0.8940
vn -0.5104 0.0487 -0.8586
vn -0.3683 -0.2778 -0.8873
vn -0.4934 0.0600 -0.8677
vn -0.3839 -0.3070 -0.8708
vn -0.4876 0.0655 -0.8706
vn -0.5828 0.3649 -0.7261
vn -0.6181 0.3248 -0.7158
vn -0.6446 0.2977 -0.7042
vn -0.6428 0.2927 -0.7079
vn 0.0419 -0.8960 -0.4421
vn 0.2401 -0.9674 -0.0804
vn -0.1960 -0.6222 -0.7579
vn -0.1955 -0.6136 -0.7650
vn 0.0797 -0.8780 -0.4719
vn 0.3017 -0.9462 -0.1171
vn 0.3583 -0.9210 -0.1531
vn 0.1207 -0.8615 -0.4932
vn -0.1879 -0.6137 -0.7669
vn 0.4998 -0.8440 0.1944
vn 0.5558 -0.6428 0.5271
vn 0.5317 -0.6460 0.5477
vn 0.4539 -0.8611 0.2288
vn 0.4008 -0.8800 0.2548
vn 0.5040 -0.6575 0.5600
vn -0.3599 0.9191 0.1605
vn -0.4472 0.8689 0.2121
vn -0.2351 0.8080 0.5403
vn -0.1470 0.8582 0.4918
vn 0.0634 0.5464 0.8351
vn 0.1328 0.5849 0.8001
vn -0.2560 0.9615 0.0995
vn -0.0471 0.9003 0.4327
vn 0.2074 0.6195 0.7571
vn -0.4245 0.8797 -0.2145
vn -0.5163 0.8411 -0.1614
vn -0.5516 0.6441 -0.5300
vn -0.6141 0.6158 -0.4936
vn -0.5905 0.7988 -0.1151
vn -0.6628 0.5895 -0.4617
vn 0.5114 -0.3806 0.7705
vn 0.4506 -0.1252 0.8839
vn 0.5249 -0.3746 0.7643
vn 0.4694 -0.1173 0.8752
vn 0.5370 -0.3757 0.7553
vn 0.4868 -0.1131 0.8662
vn 0.3989 0.2038 0.8941
vn 0.3593 0.1880 0.9141
vn 0.3199 0.1693 0.9322
vn -0.5384 0.0239 -0.8424
vn -0.5374 0.0246 -0.8429
vn -0.4242 -0.2687 -0.8648
vn -0.4157 -0.2627 -0.8707
vn -0.5351 0.0270 -0.8444
vn -0.4034 -0.2577 -0.8780
vn -0.6277 0.2955 -0.7202
vn -0.6092 0.3034 -0.7327
vn -0.5829 0.3161 -0.7485
vn -0.6049 -0.3665 -0.7069
vn -0.5690 0.0141 -0.8222
vn -0.5953 -0.3549 -0.7208
vn -0.5680 0.0258 -0.8226
vn -0.5813 -0.3393 -0.7395
vn -0.5627 0.0378 -0.8258
vn -0.4458 0.4074 -0.7971
vn -0.4465 0.4085 -0.7961
vn -0.4434 0.4037 -0.8002
vn -0.4215 -0.9010 -0.1028
vn -0.2404 -0.9595 0.1465
vn -0.3887 -0.9187 -0.0707
vn -0.1783 -0.9734 0.1438
vn -0.2900 -0.9563 -0.0383
vn -0.0740 -0.9902 0.1181
vn -0.0942 -0.9909 -0.0961
vn 0.0571 -0.9966 0.0586
vn 0.2531 -0.9143 0.3163
vn 0.1378 -0.9243 0.3560
vn 0.4417 -0.6600 0.6077
vn 0.3691 -0.6869 0.6261
vn 0.2924 -0.7104 0.6402
vn 0.0398 -0.9231 0.3824
vn -0.0338 -0.9180 0.3952
vn 0.2202 -0.7282 0.6490
vn 0.0092 0.9950 -0.0991
vn 0.0824 0.9889 -0.1235
vn 0.2631 0.9496 0.1702
vn 0.1897 0.9568 0.2203
vn 0.4818 0.6918 0.5378
vn 0.4306 0.6829 0.5902
vn -0.3335 0.9019 0.2746
vn -0.1197 0.9926 -0.0188
vn 0.0682 0.9441 0.3225
vn -0.1450 0.8070 0.5725
vn 0.3122 0.6469 0.6958
vn 0.1692 0.4487 0.8775
vn -0.2717 0.9117 -0.3082
vn -0.1410 0.9177 -0.3714
vn -0.5360 0.8441 0.0127
vn -0.0705 0.9228 -0.3789
vn 0.5632 -0.0969 0.8206
vn 0.5435 -0.1174 0.8312
vn 0.4248 -0.4317 0.7957
vn 0.4747 -0.4007 0.7836
vn 0.5284 -0.0981 0.8433
vn 0.5557 -0.0893 0.8266
vn 0.5102 -0.3716 0.7757
vn 0.5275 -0.3460 0.7759
vn 0.5147 0.2114 0.8309
vn 0.5673 0.2459 0.7859
vn 0.4513 0.1473 0.8801
vn 0.5816 0.2519 0.7735
vn 0.4590 -0.8440 -0.2774
vn 0.2915 -0.7841 -0.5480
vn 0.1875 -0.8550 -0.4835
vn 0.3421 -0.9131 -0.2220
vn 0.0432 -0.5817 -0.8123
vn -0.0404 -0.6475 -0.7610
vn -0.0947 -0.6896 -0.7180
vn 0.1194 -0.8933 -0.4333
vn 0.2679 -0.9466 -0.1796
vn 0.0713 -0.9179 -0.3905
vn 0.2153 -0.9659 -0.1434
vn -0.1344 -0.7197 -0.6811
vn 0.0312 -0.9359 -0.3509
vn 0.1725 -0.9789 -0.1095
vn 0.3317 -0.9380 0.1010
vn 0.3836 -0.9202 0.0785
vn 0.2906 -0.9488 0.1239
vn 0.4090 -0.8091 0.4220
vn 0.4397 -0.7965 0.4150
vn 0.4805 -0.7749 0.4108
vn 0.4562 -0.8883 0.0526
vn 0.5661 -0.8241 0.0214
vn 0.5371 -0.7396 0.4055
vn 0.6145 -0.6811 0.3980
vn -0.1817 0.9704 0.1593
vn -0.1997 0.9644 0.1731
vn -0.0769 0.8982 0.4328
vn -0.0646 0.9096 0.4105
vn -0.2234 0.9566 0.1870
vn -0.0919 0.8851 0.4563
vn 0.1003 0.6624 0.7424
vn 0.1050 0.6807 0.7249
vn 0.1130 0.6976 0.7075
vn -0.1598 0.9784 0.1310
vn -0.1686 0.9749 0.1453
vn -0.0538 0.9195 0.3895
vn -0.0449 0.9277 0.3706
vn 0.1241 0.7127 0.6905
vn 0.1393 0.7259 0.6736
vn -0.2636 0.9581 -0.1123
vn -0.2742 0.9560 -0.1041
vn -0.3942 0.8127 -0.4292
vn -0.4068 0.8038 -0.4340
vn -0.2899 0.9518 -0.0998
vn -0.3108 0.9454 -0.0980
vn -0.4205 0.7918 -0.4429
vn -0.4352 0.7774 -0.4542
vn -0.3367 0.9365 -0.0979
vn 0.4425 -0.1097 0.8900
vn 0.4461 -0.0903 0.8904
vn 0.5306 -0.4433 0.7225
vn 0.5039 -0.4787 0.7190
vn 0.4588 -0.0707 0.8857
vn 0.5668 -0.3991 0.7207
vn 0.4569 -0.1316 0.8797
vn 0.4463 -0.1249 0.8861
vn 0.4866 -0.5041 0.7135
vn 0.4772 -0.5183 0.7097
vn 0.3219 0.3102 0.8945
vn 0.3094 0.3052 0.9006
vn 0.3410 0.3169 0.8850
vn 0.3038 0.2999 0.9043
vn 0.3064 0.2939 0.9054
vn -0.3774 0.1121 -0.9192
vn -0.2145 -0.2376 -0.9474
vn -0.1571 -0.1778 -0.9715
vn -0.3449 0.1312 -0.9294
vn 0.1414 -0.4867 -0.8621
vn 0.1974 -0.3938 -0.8977
vn -0.1237 -0.1277 -0.9841
vn -0.3273 0.1448 -0.9338
vn -0.3440 0.1401 -0.9285
vn -0.3244 0.1515 -0.9337
vn -0.1053 -0.0880 -0.9905
vn -0.1208 -0.0879 -0.9888
vn 0.2192 -0.3302 -0.9181
vn -0.5193 0.3744 -0.7682
vn -0.4749 0.4135 -0.7768
vn -0.5537 0.6911 -0.4646
vn -0.4945 0.7316 -0.4693
vn -0.4522 0.4358 -0.7782
vn -0.4464 0.4498 -0.7736
vn -0.4570 0.7583 -0.4650
vn -0.4534 0.4604 -0.7632
vn 0.6937 -0.6197 -0.3671
vn 0.7322 -0.5654 -0.3797
vn 0.5350 -0.4979 -0.6825
vn 0.5040 -0.5578 -0.6595
vn 0.5959 -0.7308 -0.3329
vn 0.4175 -0.6691 -0.6148
vn 0.6946 -0.7194 -0.0103
vn 0.7079 -0.5930 0.3838
vn 0.7700 -0.5126 0.3799
vn 0.7856 -0.6182 -0.0266
vn 0.8238 -0.5664 -0.0247
vn 0.7957 -0.4660 0.3870
vn -0.3167 0.9206 0.2284
vn -0.4040 0.8760 0.2633
vn -0.2333 0.7931 0.5627
vn -0.1610 0.8397 0.5187
vn 0.0240 0.5647 0.8250
vn 0.0685 0.6084 0.7907
vn -0.2592 0.9440 0.2041
vn -0.1166 0.8673 0.4839
vn 0.0918 0.6392 0.7635
vn -0.3742 0.9223 -0.0965
vn -0.4317 0.8977 -0.0886
vn -0.5164 0.8534 -0.0705
vn 0.6520 -0.2649 0.7105
vn 0.4841 -0.0339 0.8744
vn 0.6424 -0.2943 0.7076
vn 0.4863 -0.0374 0.8730
vn 0.6144 -0.3426 0.7108
vn 0.4779 -0.0512 0.8769
vn 0.3109 0.2832 0.9073
vn 0.3063 0.2664 0.9139
vn 0.2888 0.2413 0.9265
vn -0.1532 -0.1234 -0.9805
vn -0.3768 0.1086 -0.9199
vn -0.1838 -0.1781 -0.9667
vn -0.4147 0.0611 -0.9079
vn -0.2273 -0.2680 -0.9362
vn -0.4640 -0.0181 -0.8857
vn -0.3091 -0.4311 -0.8477
vn -0.5427 -0.1861 -0.8190
vn -0.7012 0.1601 -0.6948
vn -0.6366 0.2521 -0.7288
vn -0.7802 -0.0214 -0.6252
vn -0.5754 0.3198 -0.7528
vn -0.3363 -0.3374 -0.8792
vn -0.4486 0.0885 -0.8893
vn -0.3077 -0.3153 -0.8977
vn -0.4326 0.0915 -0.8969
vn -0.2698 -0.2850 -0.9198
vn -0.4100 0.0977 -0.9069
vn -0.4629 0.4703 -0.7514
vn -0.4671 0.4817 -0.7415
vn -0.4679 0.4916 -0.7345
vn -0.0029 -0.9486 -0.3164
vn 0.1370 -0.9875 -0.0784
vn -0.0290 -0.9564 -0.2906
vn 0.1101 -0.9926 -0.0510
vn -0.0505 -0.9603 -0.2744
vn 0.0893 -0.9957 -0.0265
vn 0.2201 -0.9554 0.1967
vn 0.2352 -0.9569 0.1706
vn 0.3664 -0.8023 0.4713
vn 0.3725 -0.8117 0.4499
vn 0.2580 -0.9549 0.1468
vn 0.3864 -0.8142 0.4333
vn -0.1984 0.9724 0.1225
vn -0.1655 0.9788 0.1208
vn -0.0463 0.9318 0.3600
vn -0.0709 0.9264 0.3698
vn 0.1488 0.7321 0.6648
vn 0.1412 0.7224 0.6769
vn -0.2684 0.9525 0.1437
vn -0.1266 0.9042 0.4080
vn 0.1114 0.6888 0.7164
vn -0.3690 0.9207 -0.1268
vn -0.2999 0.9452 -0.1290
vn -0.2679 0.9556 -0.1225
vn 0.4693 -0.1331 0.8729
vn 0.4665 -0.1326 0.8745
vn 0.4715 -0.5225 0.7104
vn 0.4678 -0.5178 0.7163
vn 0.4648 -0.1389 0.8744
vn 0.4655 -0.5065 0.7258
vn 0.3494 0.2787 0.8946
vn 0.3600 0.3100 0.8799
vn 0.3567 0.3207 0.8774
vn -0.1228 -0.9918 -0.0347
vn -0.2437 -0.9598 -0.1394
vn -0.0961 -0.9611 -0.2591
vn -0.0209 -0.9961 -0.0854
vn -0.3189 -0.9086 -0.2696
vn -0.2240 -0.8502 -0.4765
vn 0.0616 -0.9943 0.0874
vn -0.0642 -0.9933 0.0958
vn 0.1481 -0.9297 0.3372
vn -0.0190 -0.9571 0.2891
vn -0.3609 -0.9313 -0.0489
vn -0.3651 -0.9293 -0.0564
vn 0.1573 -0.7751 0.6119
vn -0.0161 -0.8604 0.5094
vn 0.0374 -0.6019 0.7977
vn -0.0989 -0.7385 0.6670
vn -0.5579 -0.6561 0.5083
vn -0.3738 -0.6990 0.6096
vn -0.2148 -0.4573 0.8630
vn -0.5310 -0.3472 0.7730
vn -0.5280 -0.7860 0.3216
vn -0.4997 -0.7864 0.3631
vn -0.7736 -0.5581 0.3000
vn -0.6846 -0.6199 0.3834
vn -0.7696 -0.2836 0.5720
vn -0.8916 -0.2565 0.3732
vn -0.9581 -0.2435 0.1506
vn -0.8783 -0.4517 0.1566
vn -0.9530 -0.2573 -0.1596
vn -0.8798 -0.4674 -0.0870
vn -0.6041 -0.7646 0.2248
vn -0.5826 -0.7733 0.2501
vn -0.8234 -0.3269 -0.4638
vn -0.7896 -0.5167 -0.3310
vn -0.6233 -0.4593 -0.6329
vn -0.6404 -0.6115 -0.4648
vn -0.4728 -0.7517 -0.4598
vn -0.4166 -0.6511 -0.6344
vn 0.7436 -0.5435 -0.3895
vn 0.8334 -0.5456 -0.0877
vn 0.8493 -0.5188 -0.0973
vn 0.7654 -0.5121 -0.3899
vn 0.8126 -0.5005 0.2985
vn 0.8321 -0.4705 0.2938
vn 0.8484 -0.4453 0.2863
vn 0.8653 -0.4904 -0.1037
vn 0.7817 -0.4832 -0.3944
vn 0.6031 -0.4669 -0.6468
vn 0.5701 -0.5060 -0.6473
vn 0.6207 -0.4388 -0.6498
vn 0.3157 -0.3311 -0.8892
vn 0.2973 -0.3561 -0.8859
vn 0.2621 -0.3869 -0.8841
vn 0.2919 -0.3214 0.9008
vn 0.5400 -0.4084 0.7359
vn 0.3664 -0.4666 0.8050
vn -0.0056 -0.5953 0.8035
vn -0.4686 -0.0249 0.8831
vn -0.0630 -0.1705 0.9834
vn -0.2730 -0.5376 0.7978
vn -0.5171 -0.1394 0.8445
vn -0.3903 -0.8119 0.4341
vn -0.3854 -0.8180 0.4270
vn 0.0133 -0.0331 0.9994
vn 0.3755 -0.1986 0.9053
vn -0.4050 0.1366 0.9041
vn -0.3959 0.1571 0.9048
vn 0.0248 -0.0144 0.9996
vn 0.3896 -0.1804 0.9031
vn 0.6554 -0.3486 0.6701
vn 0.6715 -0.3280 0.6644
vn -0.6759 -0.0728 0.7334
vn -0.7089 0.1181 0.6954
vn -0.9080 0.2419 -0.3420
vn -0.9249 0.2728 -0.2649
vn -0.9384 0.3202 0.1303
vn -0.9378 0.3217 0.1307
vn -0.8560 0.3130 0.4113
vn -0.8409 0.2941 0.4542
vn -0.7094 0.2482 0.6597
vn -0.8087 0.2455 0.5345
vn -0.7020 0.2689 0.6595
vn -0.1014 -0.1834 -0.9778
vn -0.1250 -0.1996 -0.9719
vn -0.0850 -0.1629 -0.9830
vn -0.4414 0.0030 -0.8973
vn -0.4536 -0.0155 -0.8910
vn -0.4755 -0.0316 -0.8791
vn -0.7449 0.1345 -0.6534
vn -0.7631 0.1072 -0.6374
vn -0.7363 0.1535 -0.6590
vn -0.8632 0.1711 -0.4749
vn 0.8759 -0.4700 -0.1093
vn 0.7932 -0.4614 -0.3974
vn 0.8585 -0.4296 0.2801
vn 0.8782 -0.3937 0.2714
vn 0.8989 -0.4219 -0.1183
vn 0.8176 -0.4108 -0.4035
vn 0.9295 -0.3461 -0.1276
vn 0.8495 -0.3319 -0.4101
vn 0.9056 -0.3329 0.2629
vn 0.9364 -0.2399 0.2563
vn 0.9638 -0.2310 -0.1330
vn 0.8853 -0.2105 -0.4146
vn 0.6914 -0.2962 -0.6589
vn 0.6587 -0.3713 -0.6544
vn 0.7268 -0.1814 -0.6625
vn 0.4095 -0.1313 -0.9028
vn 0.3788 -0.2216 -0.8986
vn 0.3500 -0.2813 -0.8935
vn 0.6333 -0.4187 -0.6509
vn 0.3279 -0.3163 -0.8902
vn 0.0215 -0.0228 0.9995
vn 0.3928 -0.1811 0.9016
vn -0.4034 0.1410 0.9041
vn -0.4173 0.0998 0.9033
vn 0.0159 -0.0456 0.9988
vn 0.3979 -0.1845 0.8987
vn 0.4153 -0.1803 0.8916
vn 0.4064 -0.1839 0.8950
vn 0.0107 -0.0782 0.9969
vn 0.0066 -0.1249 0.9922
vn -0.4328 0.0367 0.9008
vn -0.4459 -0.0557 0.8933
vn 0.7138 -0.2720 0.6454
vn 0.6933 -0.3049 0.6530
vn 0.7350 -0.2201 0.6413
vn 0.6793 -0.3207 0.6601
vn -0.9450 0.2989 0.1329
vn -0.8633 0.2908 0.4125
vn -0.9306 0.2561 -0.2615
vn -0.9424 0.2140 -0.2570
vn -0.9593 0.2471 0.1367
vn -0.8788 0.2367 0.4143
vn -0.9761 0.1674 0.1388
vn -0.8969 0.1540 0.4145
vn -0.9556 0.1497 -0.2539
vn -0.9656 0.0553 -0.2542
vn -0.9893 0.0512 0.1363
vn -0.9117 0.0331 0.4095
vn -0.7442 0.1174 0.6576
vn -0.7256 0.1966 0.6594
vn -0.7592 0.0016 0.6509
vn -0.7098 0.2480 0.6594
vn -0.4341 -0.0033 -0.9008
vn -0.4389 0.0017 -0.8986
vn -0.0766 -0.1561 -0.9848
vn -0.0612 -0.1420 -0.9880
vn -0.0404 -0.1113 -0.9930
vn -0.4266 -0.0050 -0.9044
vn -0.0202 -0.0647 -0.9977
vn -0.4188 -0.0072 -0.9080
vn -0.7527 0.0348 -0.6575
vn -0.7496 0.0860 -0.6563
vn -0.7447 0.1206 -0.6564
vn -0.7393 0.1445 -0.6577
vn 0.8794 0.3085 -0.3626
vn 0.9642 0.2550 -0.0728
vn 0.9462 0.3205 -0.0451
vn 0.8570 0.3821 -0.3458
vn 0.9463 0.1232 0.2990
vn 0.9314 0.1652 0.3244
vn 0.9199 0.1772 0.3499
vn 0.9378 0.3467 -0.0191
vn 0.8445 0.4162 -0.3370
vn 0.9425 0.3341 0.0099
vn 0.8465 0.4110 -0.3385
vn 0.9151 0.1570 0.3713
vn 0.6468 0.3938 -0.6531
vn 0.6662 0.4021 -0.6281
vn 0.3413 0.2686 -0.9007
vn 0.3620 0.2866 -0.8870
vn 0.6892 0.3731 -0.6211
vn 0.7172 0.3058 -0.6262
vn 0.3875 0.2726 -0.8806
vn 0.4132 0.2293 -0.8813
vn 0.4796 -0.2264 0.8478
vn 0.1110 -0.3762 0.9199
vn 0.1669 -0.4276 0.8884
vn 0.5024 -0.2455 0.8291
vn -0.3216 -0.4918 0.8092
vn -0.2478 -0.5775 0.7779
vn -0.1802 -0.6300 0.7554
vn 0.2155 -0.4561 0.8635
vn 0.5182 -0.2618 0.8142
vn 0.2524 -0.4893 0.8348
vn 0.5322 -0.2909 0.7951
vn -0.1141 -0.6695 0.7340
vn 0.7541 -0.0759 0.6523
vn 0.7540 -0.0521 0.6548
vn 0.7608 -0.0478 0.6472
vn 0.7650 -0.0580 0.6414
vn -0.8025 -0.5103 0.3092
vn -0.8807 -0.4730 0.0251
vn -0.8162 -0.5772 -0.0240
vn -0.7358 -0.6215 0.2690
vn -0.8515 -0.3819 -0.3592
vn -0.7852 -0.4669 -0.4068
vn -0.7273 -0.5180 -0.4503
vn -0.7573 -0.6497 -0.0657
vn -0.6732 -0.7017 0.2334
vn -0.7108 -0.6859 -0.1558
vn -0.6468 -0.7313 0.2165
vn -0.6704 -0.5561 -0.4912
vn -0.4110 -0.7471 0.5224
vn -0.5024 -0.7043 0.5016
vn -0.5679 -0.6304 0.5292
vn -0.6405 -0.5245 0.5610
vn -0.2919 -0.1090 -0.9502
vn -0.3139 -0.0905 -0.9451
vn 0.0097 0.0957 -0.9954
vn 0.0002 0.0907 -0.9959
vn -0.3435 -0.0671 -0.9368
vn 0.0135 0.0874 -0.9961
vn 0.0012 0.0659 -0.9978
vn -0.2693 -0.1402 -0.9528
vn -0.4949 -0.3448 -0.7976
vn -0.5389 -0.3097 -0.7834
vn -0.5886 -0.2801 -0.7583
vn -0.6464 -0.2265 -0.7286
vn 0.9870 -0.0923 -0.1314
vn 0.9092 -0.0646 -0.4113
vn 0.9582 -0.1324 0.2534
vn 0.9650 -0.0318 0.2603
vn 0.9920 0.0395 -0.1201
vn 0.9134 0.0755 -0.4000
vn 0.9826 0.1568 -0.0998
vn 0.9016 0.2013 -0.3828
vn 0.9597 0.0547 0.2757
vn 0.7424 0.2064 -0.6374
vn 0.7553 0.0887 -0.6494
vn 0.4334 0.1614 -0.8866
vn 0.4411 0.0755 -0.8943
vn 0.7508 -0.0430 -0.6592
vn 0.4333 -0.0239 -0.9009
vn 0.0123 -0.1856 0.9826
vn 0.4273 -0.1839 0.8852
vn -0.4451 -0.1661 0.8799
vn -0.4246 -0.2775 0.8618
vn 0.0313 -0.2518 0.9673
vn 0.4411 -0.1940 0.8762
vn 0.4578 -0.2078 0.8644
vn 0.0642 -0.3148 0.9470
vn -0.3829 -0.3860 0.8393
vn 0.7664 -0.0818 0.6371
vn 0.7630 -0.1187 0.6355
vn 0.7528 -0.1665 0.6368
vn -0.9886 -0.0841 0.1245
vn -0.9119 -0.1071 0.3961
vn -0.9628 -0.0566 -0.2641
vn -0.9439 -0.1673 -0.2845
vn -0.9711 -0.2156 0.1028
vn -0.8944 -0.2428 0.3755
vn -0.9360 -0.3449 0.0700
vn -0.8589 -0.3766 0.3470
vn -0.9072 -0.2767 -0.3169
vn -0.7020 -0.3952 0.5925
vn -0.7408 -0.2650 0.6172
vn -0.7595 -0.1333 0.6367
vn -0.0012 -0.0115 -0.9999
vn -0.4061 -0.0130 -0.9137
vn 0.0098 0.0331 -0.9994
vn -0.3906 -0.0257 -0.9202
vn 0.0138 0.0667 -0.9977
vn -0.3700 -0.0446 -0.9280
vn -0.6942 -0.1628 -0.7012
vn -0.7275 -0.0950 -0.6795
vn -0.7461 -0.0285 -0.6652
vn 0.3994 -0.1835 0.8982
vn 0.3092 -0.0570 0.9493
vn 0.3618 0.0187 0.9321
vn 0.4728 -0.1345 0.8708
vn 0.2035 0.0989 0.9741
vn 0.1842 0.1665 0.9687
vn 0.5091 -0.6005 0.6166
vn 0.4753 -0.3428 0.8103
vn 0.5233 -0.3311 0.7852
vn 0.4993 -0.6235 0.6017
vn 0.3749 -0.3916 0.8403
vn 0.2694 -0.2286 0.9355
vn 0.4840 -0.6296 0.6078
vn 0.1940 -0.0836 0.9774
vn 0.1343 0.1471 0.9800
vn -0.3341 -0.9110 0.2417
vn -0.4254 -0.9005 0.0902
vn -0.6507 -0.6631 0.3700
vn -0.4328 -0.6779 0.5942
vn -0.7647 -0.4132 0.4944
vn -0.4480 -0.4456 0.7751
vn -0.5751 0.0020 0.8181
vn -0.5055 -0.2541 0.8245
vn -0.8612 -0.1411 0.4883
vn -0.8416 0.2173 0.4944
vn -0.4803 0.1056 0.8707
vn -0.3800 -0.2262 0.8969
vn -0.3171 -0.4293 0.8457
vn -0.2928 -0.6765 0.6757
vn -0.2385 -0.9139 0.3285
vn -0.2073 0.1225 -0.9706
vn -0.1628 -0.1410 -0.9765
vn -0.0421 -0.1156 -0.9924
vn -0.0879 0.1694 -0.9816
vn -0.1196 -0.5079 -0.8531
vn -0.0254 -0.4918 -0.8704
vn -0.4118 0.5638 -0.7159
vn -0.3054 0.3129 -0.8994
vn -0.1791 0.3809 -0.9071
vn -0.3132 0.6650 -0.6780
vn -0.6834 0.5450 -0.4857
vn -0.6009 0.2535 -0.7581
vn -0.4536 0.0562 -0.8895
vn -0.3465 -0.1926 -0.9180
vn -0.2129 -0.5517 -0.8064
vn 0.7042 -0.1882 -0.6846
vn 0.6889 -0.2053 -0.6952
vn 0.7451 0.1221 -0.6557
vn 0.7304 0.1249 -0.6715
vn 0.7060 0.3627 -0.6083
vn 0.6800 0.3385 -0.6505
vn 0.5964 0.5632 -0.5720
vn 0.5882 0.5131 -0.6251
vn 0.4372 0.7291 -0.5265
vn 0.4551 0.6950 -0.5566
vn 0.4310 0.7281 -0.5329
vn 0.5600 0.5051 -0.6567
vn 0.6421 0.3272 -0.6933
vn 0.7052 0.1107 -0.7003
vn 0.7088 -0.2140 -0.6722
vn -0.0408 -0.9310 -0.3626
vn -0.0394 -0.9336 -0.3562
vn -0.0128 -0.7842 -0.6204
vn -0.0513 -0.7907 -0.6101
vn 0.0204 -0.9294 -0.3685
vn -0.0253 -0.9303 -0.3660
vn -0.0428 -0.8028 -0.5947
vn 0.0044 -0.8502 -0.5265
vn -0.0735 -0.9709 -0.2281
vn -0.1387 -0.9805 -0.1394
vn -0.1484 -0.9833 -0.1051
vn -0.1236 -0.9904 -0.0616
vn 0.3972 -0.7159 -0.5743
vn 0.3339 -0.7191 -0.6094
vn 0.5227 -0.5249 -0.6718
vn 0.5687 -0.5127 -0.6433
vn 0.4676 -0.7578 -0.4550
vn 0.4444 -0.7246 -0.5267
vn 0.6039 -0.5306 -0.5948
vn 0.6052 -0.6135 -0.5073
vn 0.3140 -0.8247 -0.4703
vn 0.2587 -0.8194 -0.5116
vn 0.3448 -0.8372 -0.4246
vn 0.2792 -0.8697 -0.4070
vn 0.2394 -0.8707 -0.4295
vn 0.1816 -0.8666 -0.4648
vn 0.1880 -0.8106 -0.5547
vn 0.1010 -0.8471 -0.5217
vn 0.4123 -0.9083 -0.0712
vn 0.4981 -0.8521 0.1605
vn 0.4841 -0.8324 0.2698
vn 0.3656 -0.9307 -0.0131
vn 0.4360 -0.8495 0.2971
vn 0.2882 -0.9575 0.0071
vn 0.3621 -0.8837 0.2965
vn 0.1836 -0.9829 0.0160
vn 0.0536 -0.9865 -0.1546
vn -0.0007 -0.9753 -0.2211
vn 0.1086 -0.9591 -0.2614
vn 0.1626 -0.9706 -0.1774
vn 0.2497 -0.9490 -0.1925
vn 0.1899 -0.9413 -0.2791
vn 0.2355 -0.9295 -0.2840
vn 0.3028 -0.9280 -0.2170
vn 0.4359 -0.8588 -0.2691
vn 0.4574 -0.8094 -0.3682
vn 0.5600 -0.7344 -0.3835
vn 0.5097 -0.8321 -0.2186
vn 0.4948 -0.8688 -0.0185
vn 0.4276 -0.8891 -0.1634
vn 0.3248 -0.9087 -0.2623
vn 0.2423 -0.9209 -0.3053
vn 0.2543 -0.9042 -0.3431
vn 0.3339 -0.8873 -0.3180
vn 0.3447 -0.8614 -0.3730
vn 0.2683 -0.8842 -0.3823
vn 0.2098 -0.8943 -0.3952
vn 0.1516 -0.8949 -0.4197
vn 0.1959 -0.9139 -0.3555
vn 0.1357 -0.9209 -0.3655
vn 0.1862 -0.9306 -0.3152
vn 0.1144 -0.9445 -0.3080
vn 0.0456 -0.9570 -0.2864
vn 0.0806 -0.9266 -0.3673
vn 0.0983 -0.8892 -0.4468
vn 0.1359 0.9170 0.3751
vn 0.5363 0.3943 0.7463
vn -0.0141 0.7896 0.6134
vn -0.0270 0.9334 0.3578
vn 0.4675 0.1711 0.8673
vn 0.0849 0.5573 0.8260
vn 0.6140 0.7398 -0.2753
vn 0.6206 0.7842 -0.0035
vn 0.0701 0.9893 0.1280
vn 0.2346 0.9510 -0.2013
vn 0.8729 -0.1535 -0.4631
vn 0.8397 -0.3975 -0.3701
vn 0.6363 -0.5120 -0.5771
vn 0.6224 -0.6521 -0.4328
vn 0.4822 -0.8349 0.2655
vn 0.6422 -0.6142 0.4586
vn 0.6308 -0.7347 0.2496
vn 0.5201 -0.8509 0.0736
vn 0.3496 0.8601 -0.3715
vn 0.4644 0.7680 -0.4410
vn 0.3211 0.8278 -0.4600
vn 0.2942 0.8130 -0.5025
vn 0.2237 0.8706 -0.4382
vn 0.1121 0.8755 -0.4699
vn 0.0382 0.9411 -0.3360
vn -0.0510 0.9139 -0.4028
vn 0.0881 0.7654 -0.6375
vn 0.4014 0.5433 -0.7373
vn -0.1271 0.8700 -0.4763
vn -0.3137 0.8423 -0.4382
vn 0.0993 0.4984 -0.8613
vn 0.4297 0.0917 -0.8983
vn 0.6946 0.2386 -0.6786
vn 0.5925 -0.2529 -0.7648
vn -0.1484 0.9736 -0.1736
vn -0.1903 0.9290 -0.3175
vn -0.3392 0.9371 -0.0822
vn -0.3300 0.9009 -0.2818
vn -0.5614 0.8118 -0.1610
vn -0.4348 0.7818 -0.4469
vn -0.4032 0.8121 -0.4219
vn -0.4160 0.8833 -0.2163
vn -0.4118 0.9036 -0.1177
vn -0.3486 0.8970 -0.2719
vn -0.2593 0.9169 -0.3035
vn -0.3948 0.9033 -0.1679
vn -0.4748 0.8571 0.1997
vn -0.4571 0.8875 0.0583
vn -0.4072 0.9131 0.0202
vn -0.4147 0.8839 0.2163
vn -0.5041 0.6812 0.5309
vn -0.4916 0.7998 0.3445
vn -0.4473 0.8045 0.3907
vn -0.5138 0.5956 0.6175
vn -0.5307 0.7749 0.3434
vn -0.5276 0.8287 0.1869
vn -0.4920 0.6695 0.5566
vn -0.4761 0.4601 0.7494
vn -0.6179 0.6946 0.3684
vn -0.6111 0.7746 0.1628
vn -0.5001 0.8650 0.0401
vn -0.5618 0.8263 -0.0408
vn -0.5591 0.3691 0.7424
vn -0.4979 0.5277 0.6882
vn -0.5920 0.2950 0.7500
vn -0.4979 0.4794 0.7227
vn -0.6777 0.5378 0.5015
vn -0.4830 0.6478 0.5891
vn -0.3293 0.6099 0.7208
vn -0.1089 0.4499 0.8864
vn -0.2337 0.4096 0.8818
vn -0.3785 0.4836 0.7893
vn -0.4195 0.5335 0.7344
vn -0.3238 0.3962 0.8592
vn 0.0090 0.2810 0.9597
vn -0.0760 0.3016 0.9504
vn 0.1177 0.2328 0.9654
vn 0.1040 0.1915 0.9760
vn 0.2898 0.1460 0.9459
vn 0.1647 0.3146 0.9348
vn 0.4677 -0.4239 0.7756
vn 0.3878 -0.7505 0.5352
vn 0.1933 -0.5338 0.8232
vn 0.1820 -0.1409 0.9732
vn -0.1238 0.1827 0.9753
vn -0.1427 -0.1129 0.9833
vn 0.4320 -0.8442 0.3172
vn 0.4358 -0.8520 0.2900
vn 0.5183 -0.8543 0.0392
vn 0.5425 -0.8389 0.0434
vn 0.5638 -0.8004 -0.2036
vn 0.5746 -0.7850 -0.2315
vn 0.6106 -0.7458 -0.2665
vn 0.5605 -0.4236 -0.7117
vn 0.6072 -0.5900 -0.5322
vn 0.5925 -0.6518 -0.4733
vn 0.5720 -0.4854 -0.6611
vn 0.6995 -0.4690 -0.5392
vn 0.7228 -0.6414 -0.2572
vn 0.6094 -0.2888 -0.7384
vn 0.7401 0.0692 -0.6690
vn 0.9004 -0.1007 -0.4233
vn 0.9507 -0.2935 -0.0997
vn 0.6385 -0.7665 0.0698
vn 0.8441 -0.4779 0.2433
vn 0.6013 -0.6030 0.5243
vn 0.4779 -0.7985 0.3661
vn 0.3190 0.0242 -0.9474
vn 0.4883 -0.2477 -0.8368
vn 0.5111 -0.2956 -0.8071
vn 0.3571 -0.0250 -0.9337
vn -0.4553 0.7329 -0.5055
vn -0.0353 0.4233 -0.9053
vn 0.0185 0.3817 -0.9241
vn -0.4196 0.7294 -0.5402
vn -0.0583 0.4637 -0.8841
vn 0.2974 0.1418 -0.9442
vn -0.4849 0.7097 -0.5111
vn -0.5264 0.5376 -0.6587
vn -0.0566 0.4799 -0.8755
vn 0.2940 0.3466 -0.8907
vn 0.4928 -0.1031 -0.8640
vn 0.5346 0.2105 -0.8185
vn -0.6835 0.7044 0.1913
vn -0.6478 0.7599 -0.0532
vn -0.6305 0.7731 -0.0684
vn -0.6692 0.7253 0.1617
vn -0.6636 0.6386 0.3896
vn -0.6730 0.6039 0.4271
vn -0.5545 0.3283 0.7647
vn -0.5664 0.3079 0.7644
vn -0.5999 0.2260 0.7675
vn -0.7254 0.5243 0.4460
vn -0.6979 -0.1572 0.6988
vn -0.9307 0.1396 0.3381
vn -0.9524 0.3035 0.0280
vn -0.7404 0.6432 0.1953
vn -0.6968 0.7141 -0.0668
vn -0.8563 0.4363 -0.2765
vn -0.2139 -0.2240 0.9508
vn -0.2530 -0.2086 0.9447
vn 0.1271 -0.6162 0.7773
vn 0.0854 -0.5990 0.7962
vn 0.3225 -0.7863 0.5271
vn 0.2985 -0.7773 0.5538
vn 0.2930 -0.7406 0.6047
vn 0.3247 -0.6319 0.7037
vn 0.0593 -0.5823 0.8108
vn 0.0592 -0.5832 0.8101
vn -0.2772 -0.2487 0.9281
vn -0.2793 -0.4430 0.8519
vn 0.9330 0.3006 0.1980
vn 0.9820 0.1445 0.1215
vn 0.9181 0.3371 -0.2083
vn 0.8658 0.4834 -0.1295
vn 0.7394 0.4649 -0.4869
vn 0.6857 0.5912 -0.4247
vn 0.9382 0.3455 -0.0207
vn 0.9408 0.3148 0.1261
vn 0.8736 0.4590 -0.1618
vn 0.8804 0.4366 -0.1851
vn 0.6743 0.5757 -0.4625
vn 0.6645 0.5598 -0.4950
vn 0.6063 -0.2368 0.7592
vn 0.8528 0.0470 0.5201
vn 0.8486 0.0301 0.5281
vn 0.5858 -0.2587 0.7681
vn 0.8886 -0.0940 0.4490
vn 0.6342 -0.3266 0.7008
vn 0.1877 0.5971 -0.7799
vn 0.2437 0.5541 -0.7959
vn -0.1070 0.5016 -0.8585
vn -0.1533 0.4656 -0.8716
vn -0.5624 0.2907 -0.7741
vn -0.5591 0.1510 -0.8152
vn 0.1596 0.5772 -0.8008
vn -0.1571 0.4373 -0.8855
vn -0.1892 0.3827 -0.9043
vn -0.5263 0.1130 -0.8427
vn 0.4193 0.6112 -0.6713
vn 0.4480 0.6254 -0.6389
vn 0.5040 0.5340 -0.6788
vn -0.9130 -0.4033 0.0619
vn -0.9462 -0.2235 -0.2342
vn -0.6821 -0.5703 0.4577
vn -0.6249 -0.7031 0.3394
vn -0.8098 -0.5842 -0.0538
vn -0.8436 -0.4195 -0.3351
vn -0.7862 -0.6030 -0.1352
vn -0.7920 -0.4833 -0.3730
vn -0.6304 -0.7100 0.3139
vn -0.7441 -0.6114 -0.2693
vn -0.7490 -0.5315 -0.3956
vn -0.7427 -0.2493 -0.6214
vn -0.7913 -0.1973 -0.5788
vn -0.8643 -0.0102 -0.5029
vn 0.3231 -0.4831 0.8137
vn 0.0400 -0.5653 0.8239
vn 0.2994 -0.4489 0.8419
vn 0.0217 -0.5827 0.8124
vn 0.2753 -0.4637 0.8421
vn -0.0022 -0.5946 0.8041
vn -0.2874 -0.6841 0.6704
vn -0.3077 -0.6949 0.6500
vn -0.2895 -0.6098 0.7378
vt 0.821000 0.737800
vt 0.825000 0.738600
vt 0.823100 0.742200
vt 0.819100 0.741300
vt 0.829800 0.731900
vt 0.826500 0.730800
vt 0.828900 0.727000
vt 0.832000 0.728400
vt 0.109200 0.959500
vt 0.108500 0.959900
vt 0.107800 0.958000
vt 0.108400 0.957600
vt 0.108000 0.960200
vt 0.107300 0.958300
vt 0.106400 0.956500
vt 0.106900 0.956200
vt 0.107500 0.955900
vt 0.105200 0.952500
vt 0.106400 0.954200
vt 0.105800 0.954500
vt 0.104500 0.952900
vt 0.105300 0.954800
vt 0.104000 0.953300
vt 0.107100 0.953800
vt 0.108200 0.955500
vt 0.105900 0.952000
vt 0.106800 0.951500
vt 0.107900 0.953300
vt 0.109000 0.955000
vt 0.109100 0.957200
vt 0.110000 0.956700
vt 0.111000 0.958600
vt 0.110000 0.959100
vt 0.935100 0.726100
vt 0.935400 0.727000
vt 0.935100 0.727100
vt 0.934700 0.726200
vt 0.935900 0.727800
vt 0.935600 0.728000
vt 0.935100 0.728200
vt 0.934600 0.727300
vt 0.934200 0.726400
vt 0.933900 0.727600
vt 0.933500 0.726600
vt 0.934500 0.728500
vt 0.933700 0.728900
vt 0.933200 0.727900
vt 0.932700 0.726900
vt 0.932400 0.725800
vt 0.933200 0.725600
vt 0.932100 0.724700
vt 0.933000 0.724500
vt 0.933600 0.724400
vt 0.933800 0.725500
vt 0.934300 0.725300
vt 0.934700 0.725200
vt 0.934100 0.724300
vt 0.934500 0.724200
vt 0.110300 0.964000
vt 0.109400 0.964200
vt 0.109000 0.962000
vt 0.109800 0.961700
vt 0.108500 0.964300
vt 0.108400 0.962200
vt 0.113000 0.963000
vt 0.111600 0.963500
vt 0.110800 0.961300
vt 0.112000 0.960700
vt 0.935400 0.731300
vt 0.934400 0.730100
vt 0.935200 0.729600
vt 0.936100 0.730700
vt 0.935800 0.729200
vt 0.936800 0.730100
vt 0.936300 0.728900
vt 0.937100 0.729700
vt 0.936600 0.728600
vt 0.937500 0.729300
vt 0.150100 0.916100
vt 0.153900 0.917500
vt 0.150400 0.920600
vt 0.147100 0.918600
vt 0.158300 0.919100
vt 0.153200 0.922800
vt 0.148600 0.925800
vt 0.146500 0.923400
vt 0.144100 0.921100
vt 0.142700 0.925700
vt 0.141000 0.922900
vt 0.144200 0.928300
vt 0.140600 0.930300
vt 0.139400 0.927500
vt 0.138000 0.924800
vt 0.902400 0.728400
vt 0.904600 0.728500
vt 0.904200 0.730700
vt 0.901800 0.730600
vt 0.906900 0.728700
vt 0.906400 0.730600
vt 0.906100 0.732600
vt 0.904000 0.732900
vt 0.901500 0.733100
vt 0.899300 0.729900
vt 0.900400 0.727000
vt 0.898600 0.732900
vt 0.895400 0.732100
vt 0.897100 0.728700
vt 0.898500 0.725700
vt 0.084400 0.968500
vt 0.085000 0.968100
vt 0.084600 0.968800
vt 0.084100 0.969000
vt 0.085500 0.968000
vt 0.085200 0.968400
vt 0.085200 0.968700
vt 0.084500 0.969200
vt 0.083800 0.969600
vt 0.085100 0.969600
vt 0.084400 0.969600
vt 0.084900 0.969300
vt 0.085700 0.969200
vt 0.085500 0.968900
vt 0.086000 0.968900
vt 0.949400 0.720700
vt 0.949000 0.720900
vt 0.949300 0.720500
vt 0.949700 0.720400
vt 0.948700 0.720900
vt 0.948900 0.720700
vt 0.948900 0.720500
vt 0.949400 0.720300
vt 0.949900 0.720100
vt 0.949100 0.720000
vt 0.949500 0.720000
vt 0.949200 0.720200
vt 0.948700 0.720200
vt 0.948700 0.720400
vt 0.948500 0.720300
vt 0.143100 0.935200
vt 0.141800 0.932800
vt 0.145600 0.930800
vt 0.147000 0.933100
vt 0.150200 0.928200
vt 0.151500 0.930600
vt 0.160600 0.925400
vt 0.156200 0.927900
vt 0.154900 0.925300
vt 0.159400 0.922600
vt 0.162200 0.927900
vt 0.157700 0.930400
vt 0.164500 0.930600
vt 0.159000 0.933200
vt 0.154200 0.935600
vt 0.152900 0.933000
vt 0.148400 0.935400
vt 0.149800 0.937900
vt 0.146300 0.939800
vt 0.144600 0.937500
vt 0.906500 0.736600
vt 0.907300 0.738400
vt 0.905300 0.739300
vt 0.904500 0.737300
vt 0.908300 0.740100
vt 0.906500 0.741200
vt 0.904300 0.742600
vt 0.903000 0.740500
vt 0.902100 0.738100
vt 0.896300 0.739800
vt 0.899300 0.739000
vt 0.900300 0.741900
vt 0.897200 0.743400
vt 0.901800 0.744500
vt 0.898900 0.747400
vt 0.895700 0.736200
vt 0.898700 0.735900
vt 0.901600 0.735600
vt 0.904100 0.735100
vt 0.906200 0.734600
vt 0.149700 0.944700
vt 0.148100 0.942100
vt 0.151400 0.940500
vt 0.153000 0.943200
vt 0.155300 0.938600
vt 0.156300 0.941800
vt 0.164100 0.939200
vt 0.160200 0.940500
vt 0.159700 0.936700
vt 0.164100 0.935200
vt 0.907900 0.745800
vt 0.907000 0.748000
vt 0.904200 0.746400
vt 0.906100 0.744400
vt 0.906100 0.750200
vt 0.903000 0.749000
vt 0.908000 0.742800
vt 0.909700 0.744300
vt 0.909700 0.741500
vt 0.911400 0.742700
vt 0.123800 0.936200
vt 0.125200 0.938000
vt 0.122500 0.939800
vt 0.121100 0.938100
vt 0.126800 0.939700
vt 0.123800 0.941500
vt 0.120400 0.943600
vt 0.119300 0.941800
vt 0.118300 0.940100
vt 0.112000 0.943700
vt 0.115100 0.941900
vt 0.115900 0.943800
vt 0.112800 0.945500
vt 0.116700 0.945700
vt 0.113500 0.947500
vt 0.922100 0.725200
vt 0.924300 0.724300
vt 0.924500 0.725500
vt 0.922500 0.726300
vt 0.926400 0.723400
vt 0.926400 0.724800
vt 0.926600 0.726100
vt 0.924800 0.726800
vt 0.922900 0.727600
vt 0.920600 0.727000
vt 0.920100 0.725800
vt 0.921000 0.728300
vt 0.919300 0.729000
vt 0.918800 0.727600
vt 0.918100 0.726400
vt 0.129400 0.943200
vt 0.128200 0.941400
vt 0.130200 0.940100
vt 0.131500 0.942000
vt 0.128700 0.938400
vt 0.129900 0.937500
vt 0.131500 0.939300
vt 0.132700 0.941200
vt 0.134000 0.940400
vt 0.133500 0.940700
vt 0.132200 0.938800
vt 0.132800 0.938400
vt 0.130700 0.936800
vt 0.131300 0.936300
vt 0.134600 0.942700
vt 0.133800 0.943100
vt 0.135200 0.942300
vt 0.136300 0.944500
vt 0.135600 0.944800
vt 0.134700 0.945200
vt 0.132500 0.943800
vt 0.130400 0.945000
vt 0.133300 0.945900
vt 0.131200 0.946900
vt 0.917700 0.732500
vt 0.918900 0.732100
vt 0.919300 0.733500
vt 0.918100 0.733900
vt 0.920200 0.731600
vt 0.920700 0.733000
vt 0.921100 0.734400
vt 0.919700 0.734900
vt 0.918600 0.735300
vt 0.915700 0.733200
vt 0.916700 0.732900
vt 0.917100 0.734300
vt 0.916200 0.734600
vt 0.917600 0.735700
vt 0.916700 0.736000
vt 0.916300 0.731600
vt 0.917300 0.731200
vt 0.915400 0.731900
vt 0.915000 0.730500
vt 0.915900 0.730200
vt 0.916900 0.729900
vt 0.918400 0.730800
vt 0.919800 0.730300
vt 0.918000 0.729500
vt 0.136200 0.950000
vt 0.134500 0.950500
vt 0.133900 0.948100
vt 0.135400 0.947500
vt 0.132700 0.951000
vt 0.131800 0.949000
vt 0.136500 0.947200
vt 0.137400 0.949800
vt 0.137400 0.946900
vt 0.138500 0.949600
vt 0.918300 0.739000
vt 0.917500 0.737500
vt 0.918300 0.737200
vt 0.919000 0.738700
vt 0.919200 0.736800
vt 0.919700 0.738400
vt 0.921800 0.737300
vt 0.920700 0.737900
vt 0.920200 0.736400
vt 0.921500 0.735800
vt 0.134200 0.926900
vt 0.136100 0.925900
vt 0.137000 0.928900
vt 0.135300 0.929800
vt 0.138100 0.931700
vt 0.136300 0.932700
vt 0.131900 0.928300
vt 0.133000 0.927600
vt 0.134100 0.930600
vt 0.133100 0.931300
vt 0.135200 0.933400
vt 0.134400 0.934100
vt 0.909700 0.728400
vt 0.910500 0.728200
vt 0.910400 0.729900
vt 0.909300 0.730200
vt 0.911400 0.728000
vt 0.911400 0.729700
vt 0.911400 0.731400
vt 0.910400 0.731700
vt 0.909200 0.732000
vt 0.908300 0.728500
vt 0.908000 0.730400
vt 0.907900 0.732300
vt 0.138800 0.937600
vt 0.137600 0.938300
vt 0.136400 0.936000
vt 0.137500 0.935300
vt 0.136800 0.938700
vt 0.135600 0.936500
vt 0.140500 0.936700
vt 0.139200 0.934300
vt 0.142000 0.938900
vt 0.143800 0.941100
vt 0.142000 0.942000
vt 0.140300 0.939900
vt 0.139100 0.940400
vt 0.140800 0.942600
vt 0.139800 0.943000
vt 0.138200 0.940800
vt 0.912000 0.734600
vt 0.912500 0.736100
vt 0.911400 0.736600
vt 0.910900 0.735000
vt 0.913200 0.737600
vt 0.912300 0.738100
vt 0.911200 0.738600
vt 0.910300 0.737100
vt 0.909600 0.735400
vt 0.908900 0.737700
vt 0.908200 0.735900
vt 0.909900 0.739300
vt 0.907900 0.734100
vt 0.909300 0.733700
vt 0.910500 0.733300
vt 0.911600 0.733000
vt 0.143600 0.947800
vt 0.141600 0.945400
vt 0.142700 0.944900
vt 0.144800 0.947200
vt 0.144000 0.944300
vt 0.146000 0.946600
vt 0.145700 0.943400
vt 0.147900 0.945600
vt 0.911200 0.740700
vt 0.912600 0.742000
vt 0.912300 0.740000
vt 0.913700 0.741300
vt 0.913300 0.739500
vt 0.914500 0.740900
vt 0.914200 0.739100
vt 0.915300 0.740500
vt 0.126400 0.933600
vt 0.127100 0.932700
vt 0.129000 0.934800
vt 0.128200 0.935600
vt 0.127800 0.931700
vt 0.129700 0.934100
vt 0.127000 0.936600
vt 0.125100 0.934900
vt 0.915900 0.727000
vt 0.917000 0.726700
vt 0.917500 0.728100
vt 0.916400 0.728400
vt 0.914600 0.727400
vt 0.915200 0.727200
vt 0.915600 0.728700
vt 0.914800 0.728900
vt 0.135300 0.939600
vt 0.134600 0.940000
vt 0.133400 0.938000
vt 0.134100 0.937500
vt 0.132000 0.935800
vt 0.132800 0.935200
vt 0.136100 0.939200
vt 0.134800 0.937000
vt 0.133600 0.934700
vt 0.137400 0.941200
vt 0.138900 0.943400
vt 0.138000 0.943800
vt 0.136600 0.941600
vt 0.135900 0.942000
vt 0.137100 0.944100
vt 0.913900 0.733900
vt 0.914800 0.733600
vt 0.915300 0.735000
vt 0.914400 0.735300
vt 0.915900 0.736400
vt 0.915000 0.736800
vt 0.913000 0.734200
vt 0.913500 0.735700
vt 0.914100 0.737200
vt 0.912600 0.732700
vt 0.913500 0.732400
vt 0.912400 0.731200
vt 0.913300 0.731000
vt 0.914500 0.732200
vt 0.914200 0.730700
vt 0.138400 0.946600
vt 0.139800 0.949300
vt 0.139500 0.946200
vt 0.141000 0.948900
vt 0.140500 0.945800
vt 0.142300 0.948400
vt 0.915100 0.738600
vt 0.916100 0.740100
vt 0.915900 0.738200
vt 0.916900 0.739700
vt 0.916700 0.737900
vt 0.917600 0.739300
vt 0.129700 0.929900
vt 0.130800 0.929100
vt 0.132200 0.932000
vt 0.131300 0.932700
vt 0.128700 0.930800
vt 0.130400 0.933400
vt 0.913000 0.727700
vt 0.913800 0.727500
vt 0.914000 0.729200
vt 0.913100 0.729300
vt 0.912200 0.727800
vt 0.912300 0.729500
vt 0.122600 0.947200
vt 0.118800 0.949400
vt 0.117700 0.947600
vt 0.121500 0.945400
vt 0.115400 0.951300
vt 0.114400 0.949500
vt 0.125100 0.943300
vt 0.126300 0.945000
vt 0.127300 0.946800
vt 0.123600 0.948900
vt 0.128200 0.948600
vt 0.124600 0.950700
vt 0.119900 0.951100
vt 0.121000 0.952800
vt 0.117800 0.954800
vt 0.116600 0.953100
vt 0.923600 0.730200
vt 0.925500 0.729400
vt 0.926000 0.730800
vt 0.924100 0.731500
vt 0.927300 0.728700
vt 0.927800 0.730000
vt 0.928400 0.731300
vt 0.926500 0.732100
vt 0.924600 0.732900
vt 0.921900 0.730900
vt 0.922300 0.732300
vt 0.922700 0.733600
vt 0.921400 0.729600
vt 0.923200 0.728900
vt 0.925100 0.728100
vt 0.926900 0.727400
vt 0.120300 0.957900
vt 0.119100 0.956300
vt 0.122200 0.954400
vt 0.123500 0.956000
vt 0.125600 0.952400
vt 0.126600 0.954100
vt 0.129600 0.952500
vt 0.128900 0.950600
vt 0.925600 0.735300
vt 0.923700 0.736300
vt 0.923200 0.735000
vt 0.925100 0.734100
vt 0.927100 0.733300
vt 0.927800 0.734500
vt 0.929100 0.732500
vt 0.930000 0.733600
vt 0.107300 0.945800
vt 0.109600 0.944700
vt 0.110300 0.946900
vt 0.108300 0.947900
vt 0.111000 0.948900
vt 0.109200 0.950000
vt 0.104000 0.947500
vt 0.105600 0.946700
vt 0.106700 0.948800
vt 0.105500 0.949500
vt 0.107900 0.950800
vt 0.931900 0.721900
vt 0.932000 0.723400
vt 0.930900 0.723500
vt 0.930800 0.722100
vt 0.931100 0.724900
vt 0.929800 0.725200
vt 0.929700 0.723800
vt 0.929600 0.722300
vt 0.928000 0.722900
vt 0.928200 0.724200
vt 0.928300 0.725600
vt 0.111200 0.953700
vt 0.109900 0.954500
vt 0.108900 0.952700
vt 0.110200 0.951900
vt 0.113000 0.952700
vt 0.111900 0.950900
vt 0.114100 0.954500
vt 0.115300 0.956200
vt 0.113500 0.957300
vt 0.112300 0.955500
vt 0.111000 0.956200
vt 0.112100 0.958000
vt 0.932200 0.728300
vt 0.931700 0.727200
vt 0.932700 0.729400
vt 0.931500 0.730000
vt 0.930900 0.728800
vt 0.930500 0.727600
vt 0.929500 0.729400
vt 0.929000 0.728100
vt 0.930100 0.730600
vt 0.928600 0.726900
vt 0.930100 0.726400
vt 0.931400 0.726100
vt 0.113300 0.960000
vt 0.114500 0.962000
vt 0.114800 0.959100
vt 0.116100 0.961000
vt 0.116700 0.957900
vt 0.118200 0.959500
vt 0.930800 0.731800
vt 0.931600 0.733000
vt 0.932300 0.731200
vt 0.933200 0.732400
vt 0.934300 0.731900
vt 0.933500 0.730600
vt 0.104500 0.950300
vt 0.102900 0.948500
vt 0.103600 0.950900
vt 0.101800 0.949400
vt 0.103000 0.951500
vt 0.101200 0.950100
vt 0.102500 0.952000
vt 0.100700 0.950900
vt 0.933600 0.721900
vt 0.934200 0.722000
vt 0.934100 0.723200
vt 0.933500 0.723200
vt 0.934700 0.722100
vt 0.934500 0.723200
vt 0.932800 0.721900
vt 0.932800 0.723300
vt 0.105700 0.956900
vt 0.104600 0.955200
vt 0.104900 0.955100
vt 0.106000 0.956700
vt 0.103400 0.953800
vt 0.103700 0.953500
vt 0.106900 0.958500
vt 0.106600 0.958700
vt 0.107600 0.960300
vt 0.107300 0.960400
vt 0.106300 0.958800
vt 0.105400 0.957100
vt 0.107100 0.960500
vt 0.106100 0.958900
vt 0.105200 0.957200
vt 0.104400 0.955400
vt 0.104200 0.955600
vt 0.103200 0.954000
vt 0.108000 0.962300
vt 0.107700 0.962300
vt 0.108100 0.964200
vt 0.107800 0.964100
vt 0.936400 0.727600
vt 0.937000 0.728300
vt 0.936800 0.728400
vt 0.936200 0.727700
vt 0.937700 0.728900
vt 0.937600 0.729100
vt 0.107400 0.962300
vt 0.935600 0.725900
vt 0.935900 0.726800
vt 0.935700 0.726900
vt 0.935300 0.726000
vt 0.935000 0.725100
vt 0.935200 0.725000
vt 0.934800 0.724200
vt 0.935000 0.724100
vt 0.935200 0.724100
vt 0.935400 0.725000
vt 0.935700 0.725800
vt 0.936100 0.726700
vt 0.934800 0.723200
vt 0.935000 0.723200
vt 0.934900 0.722200
vt 0.935100 0.722200
vt 0.102000 0.952600
vt 0.102200 0.952300
vt 0.100500 0.951600
vt 0.100600 0.951200
vt 0.101900 0.952800
vt 0.102900 0.954400
vt 0.103000 0.954200
vt 0.104100 0.955600
vt 0.103900 0.955800
vt 0.105100 0.957300
vt 0.104900 0.957400
vt 0.105800 0.959000
vt 0.105400 0.959200
vt 0.104500 0.957600
vt 0.106500 0.960600
vt 0.106000 0.960800
vt 0.105300 0.961000
vt 0.104600 0.959500
vt 0.103800 0.958000
vt 0.103600 0.956100
vt 0.102900 0.956600
vt 0.101900 0.955300
vt 0.102500 0.954700
vt 0.937600 0.726900
vt 0.938000 0.727600
vt 0.937600 0.727800
vt 0.937100 0.727200
vt 0.938400 0.728200
vt 0.938200 0.728400
vt 0.106800 0.962200
vt 0.106400 0.962300
vt 0.107100 0.963800
vt 0.106600 0.963800
vt 0.106100 0.963700
vt 0.105700 0.962400
vt 0.935500 0.724000
vt 0.935800 0.723900
vt 0.936000 0.724700
vt 0.935800 0.724800
vt 0.936300 0.723800
vt 0.936500 0.724600
vt 0.936800 0.725400
vt 0.936400 0.725600
vt 0.936100 0.725700
vt 0.937200 0.726200
vt 0.936700 0.726400
vt 0.101400 0.953700
vt 0.101700 0.953300
vt 0.100900 0.954200
vt 0.100000 0.953200
vt 0.100200 0.952800
vt 0.100500 0.952300
vt 0.935500 0.722300
vt 0.935800 0.722300
vt 0.935800 0.723100
vt 0.935500 0.723100
vt 0.936100 0.722300
vt 0.936300 0.723000
vt 0.103500 0.960100
vt 0.102700 0.958600
vt 0.104100 0.961400
vt 0.102700 0.962000
vt 0.102100 0.960700
vt 0.101400 0.959400
vt 0.100600 0.961500
vt 0.099900 0.960300
vt 0.101100 0.962700
vt 0.099500 0.963500
vt 0.098900 0.962300
vt 0.098300 0.961200
vt 0.099200 0.959100
vt 0.100600 0.958100
vt 0.097600 0.960100
vt 0.097000 0.959100
vt 0.098400 0.958000
vt 0.099800 0.957000
vt 0.101900 0.957300
vt 0.101000 0.956100
vt 0.938700 0.727100
vt 0.939100 0.727700
vt 0.938200 0.726500
vt 0.939100 0.726100
vt 0.939400 0.726600
vt 0.939700 0.727200
vt 0.941500 0.726000
vt 0.940600 0.726600
vt 0.940300 0.726100
vt 0.941300 0.725600
vt 0.940000 0.725600
vt 0.941000 0.725100
vt 0.103600 0.964200
vt 0.102000 0.964800
vt 0.101600 0.963800
vt 0.103100 0.963200
vt 0.100400 0.965400
vt 0.099900 0.964500
vt 0.104500 0.962700
vt 0.104800 0.964000
vt 0.937300 0.724400
vt 0.937600 0.725100
vt 0.937100 0.723600
vt 0.938000 0.723400
vt 0.938200 0.724100
vt 0.938500 0.724800
vt 0.939300 0.723700
vt 0.939500 0.724400
vt 0.939100 0.723100
vt 0.940100 0.722800
vt 0.940300 0.723400
vt 0.940600 0.723900
vt 0.939800 0.725000
vt 0.938800 0.725400
vt 0.940800 0.724500
vt 0.937900 0.725900
vt 0.098400 0.955200
vt 0.099200 0.954200
vt 0.100100 0.955100
vt 0.099000 0.956100
vt 0.097700 0.957100
vt 0.097000 0.956300
vt 0.096300 0.958200
vt 0.095700 0.957400
vt 0.939800 0.721700
vt 0.940000 0.722300
vt 0.938900 0.722500
vt 0.938800 0.721900
vt 0.937900 0.722700
vt 0.937800 0.722100
vt 0.936900 0.722200
vt 0.937000 0.722900
vt 0.091600 0.965100
vt 0.092000 0.965800
vt 0.090100 0.966800
vt 0.089700 0.966200
vt 0.092400 0.966500
vt 0.090400 0.967300
vt 0.088400 0.968100
vt 0.088200 0.967600
vt 0.087900 0.967200
vt 0.086700 0.968300
vt 0.086400 0.968100
vt 0.086900 0.968600
vt 0.086300 0.967700
vt 0.087700 0.966800
vt 0.086200 0.967400
vt 0.087400 0.966300
vt 0.089400 0.965600
vt 0.091200 0.964400
vt 0.089000 0.965100
vt 0.090700 0.963700
vt 0.945700 0.723800
vt 0.945500 0.723300
vt 0.946600 0.722700
vt 0.946800 0.723000
vt 0.945300 0.723000
vt 0.946400 0.722400
vt 0.947400 0.721800
vt 0.947600 0.722000
vt 0.947900 0.722200
vt 0.948400 0.721400
vt 0.948600 0.721400
vt 0.948200 0.721300
vt 0.088600 0.969000
vt 0.086800 0.969300
vt 0.086900 0.968900
vt 0.088600 0.968500
vt 0.090600 0.967900
vt 0.090800 0.968500
vt 0.092700 0.967300
vt 0.092900 0.968000
vt 0.944900 0.722200
vt 0.944800 0.721800
vt 0.946000 0.721400
vt 0.946100 0.721700
vt 0.944600 0.721400
vt 0.945900 0.721000
vt 0.947000 0.720700
vt 0.947100 0.721000
vt 0.947200 0.721200
vt 0.948000 0.720700
vt 0.948200 0.720800
vt 0.947900 0.720500
vt 0.948200 0.721100
vt 0.947300 0.721500
vt 0.946200 0.722000
vt 0.945100 0.722600
vt 0.086600 0.965700
vt 0.088200 0.964100
vt 0.088600 0.964600
vt 0.087100 0.966000
vt 0.089800 0.962500
vt 0.090300 0.963100
vt 0.085900 0.967200
vt 0.085500 0.967100
vt 0.947000 0.720100
vt 0.948100 0.720100
vt 0.948000 0.720300
vt 0.947000 0.720400
vt 0.944400 0.720600
vt 0.945700 0.720300
vt 0.945800 0.720700
vt 0.944500 0.721000
vt 0.097300 0.963200
vt 0.096700 0.962100
vt 0.097800 0.964200
vt 0.096100 0.965000
vt 0.095600 0.964000
vt 0.095100 0.963100
vt 0.093900 0.964900
vt 0.093400 0.964000
vt 0.094300 0.965800
vt 0.092900 0.963200
vt 0.094500 0.962100
vt 0.092400 0.962400
vt 0.094000 0.961300
vt 0.096100 0.961100
vt 0.095500 0.960100
vt 0.942300 0.725100
vt 0.942500 0.725500
vt 0.942100 0.724600
vt 0.943100 0.724100
vt 0.943300 0.724500
vt 0.943500 0.725000
vt 0.944600 0.724400
vt 0.944400 0.724000
vt 0.944200 0.723600
vt 0.094600 0.966600
vt 0.094900 0.967300
vt 0.096500 0.965900
vt 0.096800 0.966700
vt 0.098200 0.965200
vt 0.098600 0.966100
vt 0.941400 0.723000
vt 0.941600 0.723500
vt 0.941200 0.722500
vt 0.942300 0.722100
vt 0.942500 0.722600
vt 0.942700 0.723100
vt 0.943600 0.722200
vt 0.943800 0.722600
vt 0.943500 0.721700
vt 0.944000 0.723100
vt 0.942900 0.723600
vt 0.941800 0.724100
vt 0.092900 0.959800
vt 0.094300 0.958600
vt 0.094900 0.959300
vt 0.093400 0.960500
vt 0.091800 0.961800
vt 0.091300 0.961100
vt 0.943300 0.721300
vt 0.943200 0.720900
vt 0.942200 0.721600
vt 0.942000 0.721200
vt 0.941100 0.722000
vt 0.940900 0.721500
vt 0.250200 0.953700
vt 0.250900 0.954200
vt 0.249400 0.955900
vt 0.248800 0.955500
vt 0.251400 0.954600
vt 0.250000 0.956200
vt 0.248800 0.958100
vt 0.248200 0.957800
vt 0.247600 0.957400
vt 0.245800 0.961500
vt 0.246500 0.959400
vt 0.247200 0.959700
vt 0.246500 0.961800
vt 0.247800 0.960000
vt 0.247100 0.962100
vt 0.245700 0.958900
vt 0.246800 0.956900
vt 0.244900 0.961100
vt 0.243800 0.960600
vt 0.244800 0.958400
vt 0.245800 0.956400
vt 0.248000 0.955000
vt 0.247100 0.954400
vt 0.248500 0.952500
vt 0.249400 0.953200
vt 0.968400 0.772000
vt 0.968600 0.773200
vt 0.968100 0.773300
vt 0.967900 0.772100
vt 0.968900 0.774300
vt 0.968400 0.774400
vt 0.967800 0.774600
vt 0.967500 0.773300
vt 0.967300 0.772200
vt 0.966800 0.773500
vt 0.966600 0.772300
vt 0.967000 0.774800
vt 0.966100 0.774900
vt 0.965900 0.773600
vt 0.965700 0.772400
vt 0.966400 0.771100
vt 0.967200 0.771000
vt 0.965500 0.771200
vt 0.965400 0.769900
vt 0.966300 0.769800
vt 0.967100 0.769700
vt 0.967800 0.771000
vt 0.968300 0.770900
vt 0.967800 0.769700
vt 0.968300 0.769700
vt 0.254100 0.950600
vt 0.254600 0.951300
vt 0.252700 0.952700
vt 0.252000 0.952100
vt 0.255100 0.952100
vt 0.253200 0.953200
vt 0.252000 0.948600
vt 0.253000 0.949600
vt 0.251200 0.951400
vt 0.250100 0.950500
vt 0.969000 0.777500
vt 0.968000 0.777900
vt 0.967500 0.776300
vt 0.968300 0.776000
vt 0.966900 0.778200
vt 0.966400 0.776500
vt 0.969000 0.775800
vt 0.969700 0.777100
vt 0.969500 0.775500
vt 0.970300 0.776700
vt 0.178200 0.937300
vt 0.178600 0.934300
vt 0.182000 0.934900
vt 0.181600 0.938000
vt 0.179400 0.931300
vt 0.182600 0.932000
vt 0.185800 0.932900
vt 0.185300 0.935800
vt 0.185000 0.938700
vt 0.188600 0.937000
vt 0.188400 0.939900
vt 0.189000 0.934100
vt 0.192500 0.935600
vt 0.192000 0.938300
vt 0.191800 0.941100
vt 0.919000 0.764800
vt 0.919300 0.767100
vt 0.916500 0.766300
vt 0.916600 0.763700
vt 0.919600 0.769700
vt 0.916700 0.769100
vt 0.913500 0.768300
vt 0.913700 0.765200
vt 0.914100 0.762500
vt 0.910900 0.763600
vt 0.912300 0.760700
vt 0.910200 0.767000
vt 0.906100 0.765200
vt 0.908300 0.761600
vt 0.910500 0.759000
vt 0.269200 0.970600
vt 0.268700 0.970200
vt 0.269400 0.970300
vt 0.269800 0.970500
vt 0.268400 0.970000
vt 0.268800 0.969900
vt 0.269100 0.969700
vt 0.269700 0.970100
vt 0.270300 0.970500
vt 0.269100 0.969400
vt 0.269700 0.969700
vt 0.269000 0.969000
vt 0.269300 0.969100
vt 0.986000 0.769700
vt 0.985700 0.769700
vt 0.985900 0.769500
vt 0.986500 0.769400
vt 0.986000 0.769300
vt 0.986600 0.769200
vt 0.986400 0.768700
vt 0.986800 0.768900
vt 0.986400 0.769000
vt 0.985900 0.768800
vt 0.987200 0.769100
vt 0.985900 0.769100
vt 0.985600 0.768900
vt 0.202000 0.934400
vt 0.205600 0.936300
vt 0.204400 0.938500
vt 0.200800 0.936700
vt 0.208800 0.937900
vt 0.207500 0.940000
vt 0.206200 0.942100
vt 0.203300 0.940600
vt 0.199800 0.938900
vt 0.197000 0.934800
vt 0.198100 0.932500
vt 0.196100 0.937200
vt 0.193300 0.933000
vt 0.194500 0.930700
vt 0.199600 0.930300
vt 0.203300 0.932200
vt 0.196100 0.928500
vt 0.198100 0.926600
vt 0.201300 0.928400
vt 0.204700 0.930200
vt 0.206800 0.934000
vt 0.209800 0.935600
vt 0.208000 0.931800
vt 0.210800 0.933200
vt 0.928400 0.774700
vt 0.928700 0.776900
vt 0.927100 0.777200
vt 0.926800 0.774800
vt 0.929100 0.779000
vt 0.927500 0.779400
vt 0.925800 0.779800
vt 0.925400 0.777400
vt 0.925000 0.775000
vt 0.923500 0.777700
vt 0.923000 0.775100
vt 0.923800 0.780200
vt 0.921700 0.780900
vt 0.921300 0.778100
vt 0.920700 0.775200
vt 0.920100 0.772400
vt 0.922600 0.772500
vt 0.922200 0.770000
vt 0.924500 0.770100
vt 0.924700 0.772500
vt 0.926600 0.772500
vt 0.926600 0.770200
vt 0.928400 0.770200
vt 0.928300 0.772400
vt 0.208000 0.926500
vt 0.210300 0.927600
vt 0.209100 0.929700
vt 0.206300 0.928200
vt 0.212600 0.928800
vt 0.211700 0.930900
vt 0.203100 0.923600
vt 0.205500 0.925100
vt 0.203400 0.926600
vt 0.200500 0.925000
vt 0.926300 0.783900
vt 0.924100 0.785100
vt 0.924000 0.782700
vt 0.926000 0.782000
vt 0.922000 0.786200
vt 0.922000 0.783600
vt 0.930400 0.782700
vt 0.928300 0.783300
vt 0.927900 0.781400
vt 0.929600 0.781000
vt 0.217900 0.952100
vt 0.218600 0.950100
vt 0.220800 0.951100
vt 0.220200 0.953000
vt 0.219200 0.948100
vt 0.221400 0.949100
vt 0.223900 0.950300
vt 0.223200 0.952200
vt 0.222500 0.954000
vt 0.225800 0.953600
vt 0.225200 0.955400
vt 0.226600 0.951700
vt 0.229200 0.953100
vt 0.228400 0.955000
vt 0.227800 0.956700
vt 0.951500 0.767100
vt 0.951500 0.768600
vt 0.949200 0.768600
vt 0.949100 0.767100
vt 0.951700 0.770100
vt 0.949300 0.770200
vt 0.947000 0.770300
vt 0.946900 0.768700
vt 0.946600 0.767100
vt 0.944700 0.768800
vt 0.944600 0.767100
vt 0.944800 0.770400
vt 0.942900 0.770500
vt 0.942800 0.768800
vt 0.942500 0.767100
vt 0.220900 0.944100
vt 0.220000 0.946100
vt 0.218500 0.945400
vt 0.219400 0.943300
vt 0.217700 0.947400
vt 0.216600 0.947000
vt 0.217500 0.944900
vt 0.215900 0.946800
vt 0.216700 0.944600
vt 0.215200 0.946500
vt 0.216100 0.944300
vt 0.219500 0.938100
vt 0.220100 0.938500
vt 0.218800 0.940500
vt 0.218200 0.940200
vt 0.220800 0.938900
vt 0.219500 0.940800
vt 0.220500 0.941400
vt 0.222000 0.942200
vt 0.221800 0.939500
vt 0.223200 0.940400
vt 0.943100 0.773800
vt 0.943200 0.775500
vt 0.941700 0.775500
vt 0.941600 0.773900
vt 0.943200 0.777100
vt 0.941700 0.777200
vt 0.940600 0.777200
vt 0.940500 0.775600
vt 0.940400 0.773900
vt 0.939500 0.775600
vt 0.939400 0.774000
vt 0.939600 0.777300
vt 0.938600 0.777300
vt 0.938400 0.775600
vt 0.938400 0.774000
vt 0.939400 0.772300
vt 0.940400 0.772300
vt 0.938300 0.772400
vt 0.938400 0.770700
vt 0.939300 0.770600
vt 0.940300 0.770600
vt 0.941500 0.772200
vt 0.943000 0.772100
vt 0.941500 0.770500
vt 0.223800 0.935100
vt 0.224700 0.936000
vt 0.223200 0.937800
vt 0.222300 0.937000
vt 0.225700 0.937000
vt 0.224500 0.938700
vt 0.221600 0.936400
vt 0.223200 0.934400
vt 0.220900 0.935800
vt 0.222500 0.933600
vt 0.939300 0.781000
vt 0.938900 0.779100
vt 0.939800 0.779000
vt 0.940100 0.780900
vt 0.940800 0.779000
vt 0.940900 0.780800
vt 0.941900 0.778900
vt 0.942000 0.780600
vt 0.943300 0.778800
vt 0.943100 0.780500
vt 0.206300 0.948000
vt 0.205000 0.947000
vt 0.206700 0.945100
vt 0.208000 0.946000
vt 0.203700 0.946000
vt 0.204800 0.944100
vt 0.208300 0.943200
vt 0.209700 0.944000
vt 0.208100 0.949600
vt 0.207200 0.948800
vt 0.209100 0.946700
vt 0.210000 0.947200
vt 0.210800 0.944500
vt 0.211700 0.945000
vt 0.934200 0.766700
vt 0.933900 0.768700
vt 0.932800 0.768600
vt 0.933200 0.766600
vt 0.933700 0.770700
vt 0.932500 0.770600
vt 0.931300 0.770500
vt 0.931700 0.768500
vt 0.932200 0.766500
vt 0.929300 0.766300
vt 0.930800 0.766400
vt 0.930300 0.768300
vt 0.928700 0.768200
vt 0.930000 0.770300
vt 0.212500 0.939700
vt 0.213500 0.940300
vt 0.212300 0.942400
vt 0.211200 0.941900
vt 0.214300 0.940700
vt 0.213100 0.942800
vt 0.211000 0.939000
vt 0.209700 0.941100
vt 0.212000 0.936600
vt 0.212900 0.934200
vt 0.214300 0.934900
vt 0.213500 0.937400
vt 0.214500 0.938000
vt 0.215400 0.935500
vt 0.216200 0.936000
vt 0.215300 0.938400
vt 0.931100 0.774400
vt 0.932300 0.774300
vt 0.932400 0.776200
vt 0.931300 0.776400
vt 0.933500 0.774200
vt 0.933600 0.776000
vt 0.933900 0.777800
vt 0.932800 0.778000
vt 0.931700 0.778300
vt 0.929800 0.774600
vt 0.930000 0.776700
vt 0.930500 0.778700
vt 0.929800 0.772400
vt 0.931100 0.772500
vt 0.932300 0.772500
vt 0.933500 0.772500
vt 0.218000 0.930300
vt 0.217100 0.933300
vt 0.216100 0.932800
vt 0.216800 0.930000
vt 0.215000 0.932300
vt 0.215700 0.929700
vt 0.213600 0.931700
vt 0.214200 0.929200
vt 0.932900 0.782000
vt 0.931600 0.782400
vt 0.931000 0.780600
vt 0.932200 0.780200
vt 0.934800 0.781600
vt 0.933800 0.781800
vt 0.933300 0.779900
vt 0.934300 0.779700
vt 0.215300 0.951600
vt 0.214300 0.951500
vt 0.215100 0.949100
vt 0.216000 0.949300
vt 0.213400 0.951400
vt 0.214200 0.948900
vt 0.217100 0.949600
vt 0.216600 0.951800
vt 0.940300 0.767100
vt 0.941400 0.767100
vt 0.941400 0.768800
vt 0.940400 0.768900
vt 0.938800 0.767000
vt 0.939600 0.767000
vt 0.939400 0.768900
vt 0.938500 0.768900
vt 0.214400 0.946200
vt 0.215400 0.944000
vt 0.213500 0.945800
vt 0.214700 0.943600
vt 0.215800 0.941500
vt 0.216500 0.941900
vt 0.215000 0.941100
vt 0.213900 0.943200
vt 0.212600 0.945400
vt 0.216100 0.938900
vt 0.217100 0.936500
vt 0.217900 0.937100
vt 0.216800 0.939300
vt 0.217600 0.939800
vt 0.218700 0.937600
vt 0.937300 0.775700
vt 0.937200 0.774100
vt 0.937400 0.777400
vt 0.936200 0.777500
vt 0.936000 0.775800
vt 0.935900 0.774100
vt 0.934800 0.775900
vt 0.934700 0.774200
vt 0.935000 0.777600
vt 0.934700 0.772500
vt 0.935900 0.772400
vt 0.934800 0.770700
vt 0.936000 0.770700
vt 0.937200 0.772400
vt 0.937200 0.770700
vt 0.220100 0.935200
vt 0.221500 0.932700
vt 0.219100 0.934500
vt 0.220400 0.931900
vt 0.218100 0.933900
vt 0.219200 0.931100
vt 0.935500 0.779500
vt 0.936000 0.781500
vt 0.936600 0.779400
vt 0.937100 0.781300
vt 0.937800 0.779200
vt 0.938200 0.781100
vt 0.210700 0.950700
vt 0.209400 0.950100
vt 0.211000 0.947700
vt 0.212100 0.948200
vt 0.212000 0.951100
vt 0.213200 0.948600
vt 0.936600 0.766800
vt 0.937700 0.766900
vt 0.937400 0.768800
vt 0.936300 0.768800
vt 0.935400 0.766700
vt 0.935100 0.768700
vt 0.195500 0.939700
vt 0.195100 0.942300
vt 0.199000 0.941200
vt 0.198400 0.943600
vt 0.201000 0.944800
vt 0.202100 0.942700
vt 0.924500 0.765900
vt 0.926900 0.766100
vt 0.926700 0.768100
vt 0.924400 0.767900
vt 0.921900 0.767600
vt 0.921700 0.765300
vt 0.189900 0.931500
vt 0.191200 0.929000
vt 0.186800 0.930200
vt 0.188200 0.927700
vt 0.182400 0.925700
vt 0.185300 0.926500
vt 0.183700 0.929200
vt 0.180700 0.928500
vt 0.187500 0.923700
vt 0.190200 0.925200
vt 0.184500 0.922600
vt 0.187200 0.918500
vt 0.190200 0.921400
vt 0.192700 0.923300
vt 0.193000 0.926800
vt 0.195300 0.924900
vt 0.918700 0.778500
vt 0.918000 0.775300
vt 0.919400 0.781700
vt 0.917100 0.782800
vt 0.916000 0.779200
vt 0.915000 0.775500
vt 0.909400 0.776500
vt 0.912100 0.775700
vt 0.913500 0.780100
vt 0.911400 0.781400
vt 0.915200 0.784200
vt 0.913700 0.785700
vt 0.907600 0.771200
vt 0.910800 0.771200
vt 0.914100 0.771800
vt 0.917200 0.772200
vt 0.198900 0.921300
vt 0.201000 0.922500
vt 0.198000 0.923600
vt 0.195700 0.922100
vt 0.196400 0.919500
vt 0.197600 0.920400
vt 0.193700 0.920600
vt 0.192500 0.918900
vt 0.919500 0.789600
vt 0.919300 0.791000
vt 0.917200 0.787700
vt 0.918400 0.786200
vt 0.919200 0.792400
vt 0.916300 0.789200
vt 0.920700 0.787900
vt 0.920100 0.784800
vt 0.236200 0.951600
vt 0.238400 0.952500
vt 0.237200 0.954700
vt 0.235000 0.953700
vt 0.240400 0.953400
vt 0.239100 0.955700
vt 0.237900 0.957900
vt 0.236000 0.956900
vt 0.233900 0.955700
vt 0.231100 0.949300
vt 0.233800 0.950500
vt 0.232700 0.952500
vt 0.230100 0.951200
vt 0.231700 0.954500
vt 0.234900 0.948500
vt 0.237400 0.949500
vt 0.232200 0.947400
vt 0.233300 0.945600
vt 0.236000 0.946600
vt 0.238500 0.947500
vt 0.239700 0.950400
vt 0.241700 0.951200
vt 0.240900 0.948300
vt 0.242900 0.949000
vt 0.960200 0.773100
vt 0.960400 0.774400
vt 0.958500 0.774600
vt 0.958400 0.773200
vt 0.960600 0.775800
vt 0.958700 0.776000
vt 0.956700 0.776200
vt 0.956500 0.774700
vt 0.956400 0.773200
vt 0.954400 0.774900
vt 0.954200 0.773300
vt 0.954500 0.776400
vt 0.952100 0.776600
vt 0.952100 0.775000
vt 0.951900 0.773300
vt 0.951800 0.771700
vt 0.954100 0.771700
vt 0.953900 0.770200
vt 0.956000 0.770200
vt 0.956200 0.771700
vt 0.958200 0.771700
vt 0.958000 0.770300
vt 0.959800 0.770300
vt 0.960000 0.771700
vt 0.240400 0.944100
vt 0.242800 0.944600
vt 0.241900 0.946400
vt 0.239500 0.945800
vt 0.245100 0.945100
vt 0.244000 0.947100
vt 0.235300 0.942400
vt 0.237900 0.943300
vt 0.236900 0.944900
vt 0.234300 0.943900
vt 0.956800 0.779100
vt 0.954500 0.779400
vt 0.954500 0.777900
vt 0.956700 0.777700
vt 0.952200 0.779700
vt 0.952200 0.778100
vt 0.960700 0.778600
vt 0.958800 0.778900
vt 0.958700 0.777500
vt 0.960600 0.777200
vt 0.236000 0.962000
vt 0.236900 0.959900
vt 0.238600 0.960900
vt 0.237600 0.963000
vt 0.239600 0.958700
vt 0.241100 0.959500
vt 0.240100 0.961700
vt 0.239200 0.964000
vt 0.242300 0.965500
vt 0.240700 0.964800
vt 0.241600 0.962400
vt 0.243000 0.963000
vt 0.242500 0.960100
vt 0.965300 0.766500
vt 0.965300 0.768300
vt 0.964100 0.768400
vt 0.963900 0.766700
vt 0.964300 0.770000
vt 0.963000 0.770100
vt 0.962700 0.768600
vt 0.962400 0.767000
vt 0.961200 0.768700
vt 0.960900 0.767300
vt 0.961500 0.770200
vt 0.959500 0.768900
vt 0.959300 0.767600
vt 0.243400 0.955000
vt 0.244700 0.955700
vt 0.243600 0.957800
vt 0.242200 0.957200
vt 0.242000 0.954200
vt 0.240800 0.956500
vt 0.243400 0.952000
vt 0.244800 0.952800
vt 0.244700 0.949900
vt 0.246100 0.950700
vt 0.246000 0.953600
vt 0.247400 0.951600
vt 0.963400 0.772700
vt 0.964600 0.772600
vt 0.964800 0.773800
vt 0.963600 0.774000
vt 0.965000 0.775200
vt 0.963700 0.775400
vt 0.961900 0.772900
vt 0.962100 0.774200
vt 0.962200 0.775600
vt 0.961700 0.771600
vt 0.963200 0.771400
vt 0.964400 0.771300
vt 0.248900 0.949600
vt 0.250500 0.947600
vt 0.247500 0.948700
vt 0.249000 0.946600
vt 0.247100 0.945900
vt 0.245900 0.947800
vt 0.964000 0.778500
vt 0.962400 0.778600
vt 0.962300 0.777100
vt 0.963900 0.776900
vt 0.965500 0.778400
vt 0.965200 0.776700
vt 0.244200 0.963400
vt 0.243700 0.965900
vt 0.245300 0.963800
vt 0.245000 0.966300
vt 0.246200 0.964100
vt 0.246000 0.966400
vt 0.246800 0.964200
vt 0.246900 0.966400
vt 0.967500 0.766600
vt 0.968200 0.766800
vt 0.967900 0.768300
vt 0.967200 0.768200
vt 0.968900 0.767000
vt 0.968400 0.768400
vt 0.966300 0.768200
vt 0.966400 0.766500
vt 0.230800 0.956300
vt 0.230100 0.958100
vt 0.233000 0.957600
vt 0.232300 0.959400
vt 0.235000 0.958800
vt 0.234100 0.960700
vt 0.957800 0.768900
vt 0.957500 0.767500
vt 0.955800 0.768800
vt 0.955700 0.767400
vt 0.953800 0.768700
vt 0.953600 0.767200
vt 0.227400 0.949800
vt 0.228400 0.947900
vt 0.224700 0.948400
vt 0.225600 0.946500
vt 0.222100 0.947100
vt 0.223000 0.945200
vt 0.224100 0.943300
vt 0.226600 0.944700
vt 0.225200 0.941600
vt 0.227700 0.942900
vt 0.229400 0.946100
vt 0.230500 0.944300
vt 0.949700 0.775100
vt 0.949600 0.773400
vt 0.949700 0.776700
vt 0.947300 0.776900
vt 0.947300 0.775200
vt 0.947200 0.773600
vt 0.945000 0.773700
vt 0.945100 0.775300
vt 0.945100 0.777000
vt 0.944900 0.772000
vt 0.947100 0.771900
vt 0.949500 0.771800
vt 0.229900 0.939700
vt 0.232600 0.941000
vt 0.231500 0.942600
vt 0.228900 0.941300
vt 0.227800 0.938300
vt 0.226500 0.939900
vt 0.947300 0.780100
vt 0.945200 0.780300
vt 0.945100 0.778700
vt 0.947400 0.778500
vt 0.949800 0.779900
vt 0.949700 0.778300
vt 0.249600 0.958500
vt 0.248600 0.960400
vt 0.248200 0.960300
vt 0.249200 0.958300
vt 0.247900 0.962300
vt 0.247500 0.962200
vt 0.250400 0.956500
vt 0.250700 0.956700
vt 0.251800 0.954900
vt 0.251000 0.956900
vt 0.249900 0.958700
vt 0.248900 0.960500
vt 0.248400 0.962400
vt 0.248200 0.962400
vt 0.249100 0.960600
vt 0.253400 0.953600
vt 0.255200 0.952500
vt 0.255300 0.952900
vt 0.253600 0.953900
vt 0.969500 0.774200
vt 0.970000 0.775300
vt 0.969800 0.775400
vt 0.969300 0.774300
vt 0.970700 0.776300
vt 0.970500 0.776500
vt 0.970200 0.775200
vt 0.970900 0.776200
vt 0.969700 0.774200
vt 0.255300 0.953200
vt 0.253700 0.954100
vt 0.969100 0.771900
vt 0.969200 0.773100
vt 0.969000 0.773100
vt 0.968800 0.772000
vt 0.968600 0.770800
vt 0.968900 0.770800
vt 0.968600 0.769600
vt 0.968900 0.769600
vt 0.969300 0.771900
vt 0.969100 0.770800
vt 0.969500 0.773100
vt 0.969500 0.771900
vt 0.969600 0.773000
vt 0.969900 0.774100
vt 0.968800 0.768400
vt 0.969000 0.768400
vt 0.969100 0.767100
vt 0.969300 0.767200
vt 0.247600 0.964300
vt 0.247300 0.964300
vt 0.247600 0.966200
vt 0.247300 0.966300
vt 0.247900 0.964200
vt 0.250400 0.959000
vt 0.251500 0.957300
vt 0.251900 0.957600
vt 0.250900 0.959200
vt 0.252700 0.955800
vt 0.253000 0.956200
vt 0.253600 0.956700
vt 0.252600 0.958100
vt 0.251600 0.959700
vt 0.249900 0.960900
vt 0.249500 0.960800
vt 0.250700 0.961300
vt 0.250100 0.962900
vt 0.249300 0.962600
vt 0.248800 0.962500
vt 0.971200 0.773800
vt 0.971600 0.774700
vt 0.971000 0.774900
vt 0.970600 0.774000
vt 0.971900 0.775700
vt 0.971500 0.775800
vt 0.254000 0.954700
vt 0.254200 0.955100
vt 0.255800 0.954600
vt 0.254800 0.955700
vt 0.255500 0.954200
vt 0.969900 0.769600
vt 0.970600 0.769600
vt 0.970600 0.770600
vt 0.970000 0.770700
vt 0.970800 0.771700
vt 0.970100 0.771800
vt 0.970200 0.774100
vt 0.969900 0.773000
vt 0.970300 0.772900
vt 0.969800 0.771800
vt 0.970900 0.772800
vt 0.249700 0.964400
vt 0.249000 0.964200
vt 0.249400 0.965700
vt 0.248800 0.965800
vt 0.970200 0.767500
vt 0.970600 0.767600
vt 0.970700 0.768600
vt 0.970000 0.768500
vt 0.253600 0.958900
vt 0.252700 0.960300
vt 0.254600 0.957600
vt 0.255900 0.958600
vt 0.255000 0.959800
vt 0.254200 0.961100
vt 0.256500 0.960800
vt 0.255700 0.962000
vt 0.257300 0.959600
vt 0.258700 0.960700
vt 0.258000 0.961800
vt 0.257300 0.962900
vt 0.255000 0.963300
vt 0.253400 0.962500
vt 0.256600 0.964100
vt 0.256100 0.965300
vt 0.254400 0.964600
vt 0.252800 0.963900
vt 0.251900 0.961800
vt 0.251300 0.963300
vt 0.972500 0.774400
vt 0.972900 0.775200
vt 0.972200 0.773500
vt 0.973400 0.773200
vt 0.973700 0.774000
vt 0.973900 0.774800
vt 0.976500 0.773900
vt 0.975200 0.774300
vt 0.974900 0.773600
vt 0.976300 0.773200
vt 0.974700 0.772800
vt 0.976100 0.772500
vt 0.257400 0.956700
vt 0.258700 0.957800
vt 0.258000 0.958700
vt 0.256700 0.957600
vt 0.260100 0.959000
vt 0.259400 0.959800
vt 0.255600 0.956600
vt 0.256600 0.955700
vt 0.971600 0.770500
vt 0.971800 0.771500
vt 0.971600 0.769500
vt 0.972800 0.769500
vt 0.972900 0.770400
vt 0.973000 0.771400
vt 0.974300 0.770300
vt 0.974400 0.771100
vt 0.974200 0.769400
vt 0.975600 0.769300
vt 0.975700 0.770100
vt 0.975800 0.770900
vt 0.974500 0.772000
vt 0.973200 0.772300
vt 0.975900 0.771700
vt 0.971900 0.772600
vt 0.252000 0.966100
vt 0.250700 0.965900
vt 0.250900 0.964600
vt 0.252400 0.965100
vt 0.254000 0.965700
vt 0.253600 0.966700
vt 0.255600 0.966300
vt 0.255200 0.967300
vt 0.975500 0.767900
vt 0.975600 0.768600
vt 0.974200 0.768600
vt 0.974200 0.767900
vt 0.972800 0.768600
vt 0.972800 0.767800
vt 0.971700 0.767700
vt 0.971600 0.768600
vt 0.263600 0.966600
vt 0.264000 0.965800
vt 0.265600 0.966900
vt 0.265200 0.967500
vt 0.264500 0.965100
vt 0.266000 0.966400
vt 0.267300 0.967500
vt 0.267000 0.968000
vt 0.266800 0.968400
vt 0.268200 0.968800
vt 0.268100 0.969200
vt 0.268300 0.968500
vt 0.267800 0.969500
vt 0.266500 0.968900
vt 0.267600 0.969700
vt 0.266300 0.969300
vt 0.264900 0.968100
vt 0.263100 0.967300
vt 0.264600 0.968800
vt 0.262800 0.968100
vt 0.981900 0.772200
vt 0.981700 0.771700
vt 0.983100 0.771200
vt 0.983200 0.771600
vt 0.981600 0.771100
vt 0.982900 0.770700
vt 0.984200 0.770300
vt 0.984300 0.770600
vt 0.984600 0.770900
vt 0.985300 0.770200
vt 0.985600 0.770300
vt 0.985100 0.770000
vt 0.986600 0.769700
vt 0.268100 0.966900
vt 0.269000 0.968200
vt 0.268600 0.968300
vt 0.267700 0.967200
vt 0.269900 0.969400
vt 0.266400 0.965900
vt 0.266900 0.965400
vt 0.265000 0.964500
vt 0.265600 0.963900
vt 0.981400 0.770100
vt 0.981300 0.769500
vt 0.982700 0.769400
vt 0.982700 0.769800
vt 0.981200 0.768900
vt 0.982600 0.768900
vt 0.983900 0.768900
vt 0.984000 0.769200
vt 0.984000 0.769600
vt 0.985000 0.769200
vt 0.985100 0.769400
vt 0.985000 0.768900
vt 0.985100 0.769700
vt 0.984100 0.770000
vt 0.982800 0.770300
vt 0.981500 0.770600
vt 0.266200 0.970300
vt 0.264200 0.970000
vt 0.264400 0.969400
vt 0.266200 0.969800
vt 0.262300 0.969600
vt 0.262500 0.968800
vt 0.267600 0.970100
vt 0.267700 0.970500
vt 0.984100 0.768200
vt 0.985300 0.768400
vt 0.985100 0.768700
vt 0.984000 0.768500
vt 0.981200 0.767800
vt 0.982600 0.768000
vt 0.982600 0.768400
vt 0.981200 0.768400
vt 0.259500 0.962800
vt 0.258800 0.963800
vt 0.260200 0.961800
vt 0.261600 0.962800
vt 0.261000 0.963700
vt 0.260400 0.964700
vt 0.262500 0.964800
vt 0.261900 0.965600
vt 0.263100 0.964000
vt 0.261400 0.966500
vt 0.259800 0.965700
vt 0.261000 0.967400
vt 0.259300 0.966700
vt 0.258200 0.964900
vt 0.257700 0.966000
vt 0.977600 0.772800
vt 0.977800 0.773500
vt 0.977500 0.772200
vt 0.978800 0.771900
vt 0.979000 0.772500
vt 0.979100 0.773100
vt 0.980500 0.772700
vt 0.980300 0.772100
vt 0.980200 0.771500
vt 0.263600 0.963300
vt 0.264200 0.962600
vt 0.262200 0.962100
vt 0.262800 0.961300
vt 0.260800 0.960900
vt 0.261400 0.960100
vt 0.977100 0.770000
vt 0.977200 0.770700
vt 0.977000 0.769200
vt 0.978400 0.769100
vt 0.978500 0.769800
vt 0.978600 0.770500
vt 0.979900 0.769600
vt 0.980000 0.770300
vt 0.979800 0.769000
vt 0.980100 0.770900
vt 0.978700 0.771200
vt 0.977300 0.771500
vt 0.257300 0.967000
vt 0.256900 0.967900
vt 0.259000 0.967600
vt 0.258600 0.968500
vt 0.260700 0.968300
vt 0.260500 0.969100
vt 0.979800 0.768400
vt 0.979700 0.767800
vt 0.978300 0.768500
vt 0.978300 0.767800
vt 0.976900 0.768500
vt 0.976900 0.767900
vt 0.253100 0.855400
vt 0.253800 0.855000
vt 0.254700 0.857100
vt 0.254100 0.857600
vt 0.254400 0.854700
vt 0.255300 0.856800
vt 0.256500 0.858700
vt 0.255900 0.859100
vt 0.255200 0.859500
vt 0.258100 0.863100
vt 0.256600 0.861300
vt 0.257200 0.860900
vt 0.258800 0.862600
vt 0.257800 0.860500
vt 0.259300 0.862100
vt 0.255800 0.861900
vt 0.254500 0.860000
vt 0.257300 0.863700
vt 0.256400 0.864400
vt 0.254900 0.862500
vt 0.253600 0.860600
vt 0.253300 0.858100
vt 0.252300 0.858600
vt 0.251100 0.856500
vt 0.252200 0.855900
vt 0.943200 0.855300
vt 0.942200 0.856100
vt 0.941900 0.855600
vt 0.942800 0.854800
vt 0.941300 0.857000
vt 0.941000 0.856600
vt 0.940500 0.856100
vt 0.941400 0.855100
vt 0.942400 0.854300
vt 0.940900 0.854500
vt 0.941900 0.853700
vt 0.939900 0.855500
vt 0.939200 0.854800
vt 0.940300 0.853800
vt 0.941300 0.852900
vt 0.942900 0.852900
vt 0.943400 0.853500
vt 0.942300 0.852100
vt 0.943500 0.851300
vt 0.944100 0.852100
vt 0.944500 0.852800
vt 0.943800 0.854100
vt 0.944100 0.854500
vt 0.944900 0.853400
vt 0.945200 0.853800
vt 0.251700 0.850400
vt 0.252700 0.850300
vt 0.253200 0.852700
vt 0.252300 0.853000
vt 0.253700 0.850100
vt 0.253900 0.852500
vt 0.248900 0.851600
vt 0.250300 0.851000
vt 0.251200 0.853500
vt 0.250000 0.854200
vt 0.938600 0.858900
vt 0.937700 0.858100
vt 0.938800 0.856800
vt 0.939500 0.857400
vt 0.936800 0.857400
vt 0.938000 0.856000
vt 0.940100 0.857800
vt 0.939300 0.859200
vt 0.940600 0.858200
vt 0.940000 0.859500
vt 0.199600 0.913600
vt 0.196900 0.911600
vt 0.199000 0.909500
vt 0.201800 0.911500
vt 0.194100 0.909400
vt 0.196200 0.907300
vt 0.198700 0.905100
vt 0.201400 0.907200
vt 0.204000 0.909300
vt 0.204100 0.904800
vt 0.206700 0.906800
vt 0.201500 0.902700
vt 0.204700 0.900200
vt 0.207000 0.902300
vt 0.209500 0.904300
vt 0.918900 0.808200
vt 0.916900 0.809800
vt 0.915600 0.807100
vt 0.918000 0.805600
vt 0.914700 0.811500
vt 0.913200 0.808700
vt 0.911700 0.805600
vt 0.914600 0.804200
vt 0.917100 0.802900
vt 0.913800 0.800900
vt 0.917100 0.800500
vt 0.910400 0.801900
vt 0.908900 0.796800
vt 0.913500 0.797700
vt 0.917100 0.798000
vt 0.278400 0.845000
vt 0.277800 0.845300
vt 0.278200 0.844700
vt 0.278700 0.844400
vt 0.277400 0.845500
vt 0.277600 0.845100
vt 0.277600 0.844800
vt 0.278300 0.844300
vt 0.278900 0.843900
vt 0.277700 0.843900
vt 0.278300 0.843900
vt 0.277900 0.844200
vt 0.277100 0.844300
vt 0.277300 0.844600
vt 0.276800 0.844600
vt 0.955700 0.870700
vt 0.955300 0.870200
vt 0.955800 0.870500
vt 0.956100 0.870800
vt 0.955100 0.869900
vt 0.955500 0.870000
vt 0.955700 0.870000
vt 0.956100 0.870400
vt 0.956600 0.870900
vt 0.956400 0.870000
vt 0.956500 0.870500
vt 0.956200 0.870200
vt 0.956000 0.869600
vt 0.955800 0.869700
vt 0.955700 0.869400
vt 0.208700 0.890400
vt 0.212500 0.887900
vt 0.214000 0.890200
vt 0.210300 0.892700
vt 0.215700 0.885800
vt 0.217200 0.888100
vt 0.218400 0.890500
vt 0.215400 0.892500
vt 0.211900 0.894900
vt 0.206400 0.895300
vt 0.204800 0.893000
vt 0.208200 0.897500
vt 0.202700 0.897900
vt 0.200900 0.895600
vt 0.203200 0.890600
vt 0.207200 0.888100
vt 0.199400 0.893000
vt 0.198200 0.890300
vt 0.201900 0.888000
vt 0.205700 0.885700
vt 0.210900 0.885700
vt 0.209300 0.883400
vt 0.212400 0.881500
vt 0.214100 0.883600
vt 0.913600 0.819300
vt 0.915200 0.821000
vt 0.913300 0.822700
vt 0.911600 0.821000
vt 0.916600 0.822600
vt 0.914800 0.824200
vt 0.913200 0.825900
vt 0.911600 0.824400
vt 0.909700 0.822800
vt 0.910100 0.815200
vt 0.911900 0.817400
vt 0.909800 0.819200
vt 0.907800 0.817100
vt 0.907800 0.820900
vt 0.905600 0.819000
vt 0.912400 0.813300
vt 0.914100 0.815600
vt 0.916300 0.813900
vt 0.917900 0.816100
vt 0.915800 0.817600
vt 0.917300 0.819500
vt 0.918600 0.821100
vt 0.919400 0.818100
vt 0.920700 0.819900
vt 0.209000 0.877300
vt 0.210500 0.879400
vt 0.207700 0.881200
vt 0.206000 0.879000
vt 0.204300 0.883200
vt 0.203100 0.880700
vt 0.196100 0.884200
vt 0.199600 0.882400
vt 0.200700 0.885300
vt 0.197100 0.887300
vt 0.906800 0.826100
vt 0.904200 0.824300
vt 0.905900 0.822700
vt 0.908100 0.824400
vt 0.901700 0.822600
vt 0.903600 0.820800
vt 0.910100 0.826100
vt 0.908800 0.827800
vt 0.911900 0.827600
vt 0.910900 0.829500
vt 0.233900 0.884500
vt 0.232300 0.883000
vt 0.234000 0.881800
vt 0.235800 0.883100
vt 0.230500 0.881500
vt 0.232300 0.880300
vt 0.234500 0.878900
vt 0.236100 0.880300
vt 0.237700 0.881700
vt 0.238600 0.878800
vt 0.240200 0.880200
vt 0.237000 0.877300
vt 0.239700 0.875600
vt 0.241200 0.877100
vt 0.242700 0.878600
vt 0.937200 0.836800
vt 0.936100 0.838000
vt 0.934800 0.836200
vt 0.935800 0.835000
vt 0.935000 0.839200
vt 0.933600 0.837500
vt 0.932300 0.835700
vt 0.933500 0.834400
vt 0.934500 0.833100
vt 0.932300 0.832800
vt 0.933500 0.831500
vt 0.931100 0.834100
vt 0.930000 0.832700
vt 0.931300 0.831400
vt 0.932600 0.830000
vt 0.227600 0.878100
vt 0.228900 0.879900
vt 0.227700 0.880800
vt 0.226300 0.878900
vt 0.229300 0.882500
vt 0.228400 0.883200
vt 0.226800 0.881400
vt 0.225500 0.879500
vt 0.226200 0.881900
vt 0.224800 0.880000
vt 0.227800 0.883700
vt 0.227200 0.884300
vt 0.225600 0.882300
vt 0.224300 0.880300
vt 0.223600 0.877900
vt 0.224300 0.877500
vt 0.223000 0.878300
vt 0.221800 0.876000
vt 0.222500 0.875700
vt 0.223300 0.875300
vt 0.225200 0.876900
vt 0.226500 0.876100
vt 0.224200 0.874800
vt 0.225600 0.874000
vt 0.925400 0.833000
vt 0.926200 0.834000
vt 0.924700 0.835100
vt 0.923900 0.834200
vt 0.927100 0.835100
vt 0.925600 0.836300
vt 0.924100 0.837400
vt 0.923200 0.836300
vt 0.922400 0.835300
vt 0.923200 0.833300
vt 0.924700 0.832200
vt 0.921800 0.834500
vt 0.921100 0.833600
vt 0.922500 0.832400
vt 0.924000 0.831200
vt 0.926200 0.831000
vt 0.926900 0.831900
vt 0.925400 0.830100
vt 0.927000 0.829000
vt 0.927700 0.829800
vt 0.928300 0.830700
vt 0.927600 0.832800
vt 0.929100 0.831600
vt 0.928600 0.833900
vt 0.221700 0.870400
vt 0.222900 0.870100
vt 0.223500 0.872500
vt 0.222400 0.872900
vt 0.224200 0.869700
vt 0.224900 0.871800
vt 0.221500 0.873200
vt 0.220600 0.870600
vt 0.220600 0.873500
vt 0.219500 0.870700
vt 0.918200 0.836500
vt 0.919600 0.835000
vt 0.920300 0.835800
vt 0.918800 0.837100
vt 0.920900 0.836600
vt 0.919300 0.837800
vt 0.920800 0.839300
vt 0.920100 0.838500
vt 0.921600 0.837400
vt 0.922500 0.838400
vt 0.224100 0.893500
vt 0.222400 0.894300
vt 0.221600 0.891600
vt 0.223100 0.890800
vt 0.220700 0.895000
vt 0.219500 0.892900
vt 0.220600 0.889100
vt 0.222100 0.888100
vt 0.226600 0.892500
vt 0.225400 0.893000
vt 0.224300 0.890100
vt 0.225300 0.889500
vt 0.223200 0.887400
vt 0.224000 0.886800
vt 0.927700 0.822800
vt 0.925800 0.823800
vt 0.925200 0.822800
vt 0.927200 0.821800
vt 0.923900 0.824800
vt 0.923200 0.823700
vt 0.922500 0.822600
vt 0.924500 0.821700
vt 0.926600 0.820900
vt 0.924900 0.818200
vt 0.925700 0.819600
vt 0.923700 0.820400
vt 0.922700 0.818900
vt 0.921700 0.821300
vt 0.219500 0.883300
vt 0.220600 0.882700
vt 0.221900 0.884900
vt 0.220900 0.885600
vt 0.221400 0.882200
vt 0.222700 0.884400
vt 0.218000 0.884300
vt 0.219400 0.886600
vt 0.216400 0.882100
vt 0.214500 0.880000
vt 0.216000 0.879000
vt 0.217900 0.881100
vt 0.219000 0.880500
vt 0.217200 0.878400
vt 0.218100 0.877900
vt 0.219800 0.880000
vt 0.918800 0.824900
vt 0.919700 0.826000
vt 0.918200 0.827300
vt 0.917200 0.826400
vt 0.920600 0.826900
vt 0.919100 0.828200
vt 0.917600 0.829600
vt 0.916700 0.828800
vt 0.915700 0.828000
vt 0.917800 0.823800
vt 0.916100 0.825400
vt 0.914500 0.827000
vt 0.919700 0.822500
vt 0.920600 0.823700
vt 0.921400 0.824800
vt 0.922200 0.825800
vt 0.213800 0.873100
vt 0.216100 0.875500
vt 0.215100 0.876200
vt 0.212800 0.874000
vt 0.214000 0.877000
vt 0.211900 0.874900
vt 0.212500 0.878000
vt 0.210400 0.876100
vt 0.913300 0.828800
vt 0.912100 0.830500
vt 0.914400 0.829700
vt 0.913300 0.831500
vt 0.914800 0.832900
vt 0.914100 0.832200
vt 0.915400 0.830400
vt 0.916200 0.831200
vt 0.232200 0.886500
vt 0.231700 0.887400
vt 0.229700 0.885600
vt 0.230300 0.884800
vt 0.231100 0.888300
vt 0.229000 0.886300
vt 0.231100 0.884000
vt 0.233000 0.885500
vt 0.930500 0.830300
vt 0.932000 0.829100
vt 0.929900 0.829500
vt 0.931400 0.828200
vt 0.930500 0.826900
vt 0.930900 0.827500
vt 0.929300 0.828700
vt 0.928700 0.827900
vt 0.225000 0.882800
vt 0.223600 0.880700
vt 0.226500 0.884900
vt 0.225700 0.885500
vt 0.224300 0.883300
vt 0.222900 0.881200
vt 0.222200 0.881700
vt 0.223500 0.883800
vt 0.224900 0.886200
vt 0.220700 0.879600
vt 0.219000 0.877300
vt 0.220000 0.876900
vt 0.221500 0.879100
vt 0.222300 0.878700
vt 0.220900 0.876400
vt 0.921700 0.831300
vt 0.923100 0.830200
vt 0.920300 0.832600
vt 0.919400 0.831500
vt 0.920800 0.830200
vt 0.922300 0.829100
vt 0.920000 0.829200
vt 0.921400 0.828000
vt 0.918500 0.830500
vt 0.923000 0.826900
vt 0.923800 0.828000
vt 0.924600 0.825900
vt 0.925400 0.826900
vt 0.924600 0.829100
vt 0.926200 0.828000
vt 0.219500 0.873900
vt 0.218100 0.871200
vt 0.218400 0.874300
vt 0.216600 0.871600
vt 0.217200 0.874900
vt 0.215200 0.872400
vt 0.917100 0.832100
vt 0.915700 0.833800
vt 0.918000 0.833100
vt 0.916600 0.834700
vt 0.918800 0.834000
vt 0.917400 0.835600
vt 0.229100 0.890600
vt 0.227800 0.891600
vt 0.226300 0.888800
vt 0.227300 0.888000
vt 0.230100 0.889500
vt 0.228200 0.887100
vt 0.929100 0.824900
vt 0.929800 0.825900
vt 0.928000 0.826900
vt 0.927200 0.825900
vt 0.928400 0.823800
vt 0.926500 0.824800
vt 0.210300 0.899600
vt 0.212400 0.901700
vt 0.213600 0.897100
vt 0.215400 0.899100
vt 0.218100 0.897100
vt 0.216700 0.894800
vt 0.921900 0.813700
vt 0.923400 0.816000
vt 0.921400 0.817000
vt 0.919900 0.814800
vt 0.918400 0.812400
vt 0.920400 0.811000
vt 0.199400 0.900400
vt 0.197500 0.897900
vt 0.196500 0.902600
vt 0.194500 0.900000
vt 0.189500 0.903600
vt 0.191800 0.901900
vt 0.193900 0.904800
vt 0.191600 0.906700
vt 0.190100 0.898800
vt 0.192900 0.897100
vt 0.187600 0.900400
vt 0.186200 0.897000
vt 0.188700 0.895600
vt 0.191600 0.894000
vt 0.196000 0.895200
vt 0.194700 0.892300
vt 0.906000 0.809900
vt 0.908100 0.812800
vt 0.905700 0.814900
vt 0.903200 0.812400
vt 0.903300 0.817000
vt 0.900700 0.814900
vt 0.900600 0.802700
vt 0.903500 0.806600
vt 0.900300 0.809500
vt 0.896900 0.805900
vt 0.897600 0.812600
vt 0.893400 0.809700
vt 0.904500 0.799600
vt 0.906900 0.804000
vt 0.908800 0.807600
vt 0.910700 0.810700
vt 0.189700 0.887500
vt 0.192900 0.885900
vt 0.193700 0.889100
vt 0.190600 0.890800
vt 0.184400 0.890300
vt 0.187000 0.888900
vt 0.187800 0.892300
vt 0.185300 0.893600
vt 0.896800 0.819700
vt 0.894400 0.819100
vt 0.895800 0.815800
vt 0.898600 0.817400
vt 0.892000 0.818500
vt 0.892800 0.814700
vt 0.899200 0.821100
vt 0.901200 0.819100
vt 0.242600 0.868000
vt 0.245300 0.866200
vt 0.246700 0.868300
vt 0.244000 0.870100
vt 0.247700 0.864500
vt 0.249100 0.866600
vt 0.250400 0.868700
vt 0.248000 0.870300
vt 0.245300 0.872000
vt 0.241100 0.871900
vt 0.239800 0.870000
vt 0.242500 0.873800
vt 0.238300 0.873800
vt 0.237000 0.871900
vt 0.238600 0.868000
vt 0.241300 0.866000
vt 0.235800 0.870000
vt 0.234800 0.868000
vt 0.237400 0.866000
vt 0.240100 0.864000
vt 0.243900 0.864100
vt 0.246300 0.862400
vt 0.242600 0.862100
vt 0.244900 0.860400
vt 0.937400 0.848100
vt 0.936200 0.849100
vt 0.934900 0.847600
vt 0.936200 0.846600
vt 0.935000 0.850200
vt 0.933700 0.848600
vt 0.932300 0.847000
vt 0.933600 0.846000
vt 0.935000 0.844900
vt 0.932300 0.841600
vt 0.933700 0.843300
vt 0.932300 0.844400
vt 0.930900 0.842700
vt 0.930900 0.845400
vt 0.929500 0.843700
vt 0.933700 0.840400
vt 0.935000 0.842200
vt 0.936300 0.841000
vt 0.937500 0.842800
vt 0.936300 0.843900
vt 0.937500 0.845500
vt 0.938800 0.844500
vt 0.939900 0.846100
vt 0.938700 0.847100
vt 0.238000 0.860400
vt 0.240100 0.858600
vt 0.241300 0.860300
vt 0.239000 0.862200
vt 0.242200 0.856700
vt 0.243500 0.858600
vt 0.233200 0.864100
vt 0.235600 0.862300
vt 0.236500 0.864100
vt 0.233900 0.866000
vt 0.929800 0.848900
vt 0.928200 0.847100
vt 0.929600 0.846300
vt 0.931000 0.848000
vt 0.926600 0.845300
vt 0.928100 0.844500
vt 0.932600 0.852200
vt 0.931200 0.850500
vt 0.932400 0.849600
vt 0.933800 0.851200
vt 0.256900 0.870300
vt 0.254900 0.871400
vt 0.253600 0.869400
vt 0.255400 0.868300
vt 0.252800 0.872500
vt 0.251600 0.870700
vt 0.252400 0.867400
vt 0.254000 0.866300
vt 0.260100 0.868300
vt 0.258500 0.869300
vt 0.256900 0.867300
vt 0.258100 0.866300
vt 0.255300 0.865300
vt 0.946600 0.849500
vt 0.944900 0.850400
vt 0.944200 0.849300
vt 0.945700 0.848300
vt 0.942800 0.850200
vt 0.942000 0.849000
vt 0.943300 0.848000
vt 0.944800 0.847100
vt 0.942300 0.846700
vt 0.943600 0.845700
vt 0.941000 0.847700
vt 0.941200 0.845200
vt 0.942500 0.844300
vt 0.251200 0.862200
vt 0.252500 0.861300
vt 0.253800 0.863300
vt 0.252600 0.864200
vt 0.249600 0.863200
vt 0.251000 0.865300
vt 0.248200 0.861100
vt 0.246800 0.859100
vt 0.248500 0.858000
vt 0.249800 0.860100
vt 0.251200 0.859300
vt 0.249900 0.857200
vt 0.939600 0.850900
vt 0.940500 0.852000
vt 0.939500 0.852900
vt 0.938500 0.851800
vt 0.938300 0.853900
vt 0.937300 0.852800
vt 0.938600 0.849600
vt 0.937400 0.850600
vt 0.936200 0.851600
vt 0.939800 0.848600
vt 0.940800 0.850000
vt 0.941600 0.851100
vt 0.248600 0.854900
vt 0.247300 0.852600
vt 0.247100 0.855900
vt 0.245800 0.853700
vt 0.245400 0.857100
vt 0.244000 0.855200
vt 0.934800 0.855100
vt 0.933700 0.853700
vt 0.935000 0.852600
vt 0.936100 0.853900
vt 0.935800 0.856300
vt 0.937100 0.855000
vt 0.259200 0.865500
vt 0.261100 0.867200
vt 0.260000 0.864700
vt 0.262200 0.866200
vt 0.260700 0.864000
vt 0.262700 0.865300
vt 0.261200 0.863400
vt 0.263300 0.864400
vt 0.947600 0.851500
vt 0.947800 0.852200
vt 0.946300 0.852800
vt 0.946000 0.852100
vt 0.948000 0.853000
vt 0.946500 0.853300
vt 0.945500 0.851300
vt 0.947100 0.850500
vt 0.243900 0.875400
vt 0.245200 0.877000
vt 0.246500 0.873700
vt 0.247800 0.875300
vt 0.249200 0.872100
vt 0.250300 0.873900
vt 0.940000 0.843500
vt 0.941200 0.842500
vt 0.938700 0.841700
vt 0.939900 0.840700
vt 0.937400 0.839900
vt 0.938500 0.838800
vt 0.235600 0.875600
vt 0.234200 0.873800
vt 0.233000 0.877200
vt 0.231700 0.875400
vt 0.230800 0.878700
vt 0.229400 0.876900
vt 0.228300 0.874900
vt 0.230600 0.873500
vt 0.227400 0.872900
vt 0.229600 0.871400
vt 0.233100 0.871800
vt 0.232100 0.869800
vt 0.929600 0.838100
vt 0.931000 0.839800
vt 0.929500 0.840900
vt 0.928100 0.839200
vt 0.928000 0.841900
vt 0.926600 0.840300
vt 0.928300 0.836500
vt 0.926800 0.837700
vt 0.925200 0.838700
vt 0.929700 0.835300
vt 0.931000 0.836900
vt 0.932300 0.838700
vt 0.228300 0.867400
vt 0.230700 0.865800
vt 0.231400 0.867800
vt 0.229000 0.869400
vt 0.226200 0.868600
vt 0.226800 0.870700
vt 0.923500 0.841900
vt 0.922200 0.840600
vt 0.923700 0.839700
vt 0.925100 0.841200
vt 0.925100 0.843600
vt 0.926600 0.842800
vt 0.258200 0.860200
vt 0.259700 0.861800
vt 0.256900 0.858400
vt 0.255700 0.856500
vt 0.254800 0.854500
vt 0.255200 0.854300
vt 0.254400 0.852300
vt 0.254700 0.852300
vt 0.254100 0.850200
vt 0.254500 0.850300
vt 0.941800 0.857500
vt 0.941100 0.858500
vt 0.940900 0.858400
vt 0.941600 0.857300
vt 0.940500 0.859700
vt 0.940300 0.859600
vt 0.942000 0.857600
vt 0.941300 0.858700
vt 0.943600 0.855800
vt 0.942600 0.856600
vt 0.942500 0.856400
vt 0.943400 0.855600
vt 0.944400 0.854800
vt 0.944500 0.855000
vt 0.945400 0.854100
vt 0.945600 0.854400
vt 0.943900 0.856100
vt 0.943700 0.856000
vt 0.944700 0.855200
vt 0.944800 0.855400
vt 0.942800 0.856800
vt 0.946700 0.853700
vt 0.946800 0.853900
vt 0.948000 0.853300
vt 0.948000 0.853500
vt 0.259900 0.861500
vt 0.261600 0.862700
vt 0.261400 0.863000
vt 0.263400 0.863700
vt 0.263300 0.864100
vt 0.948000 0.853700
vt 0.946900 0.854100
vt 0.257400 0.853600
vt 0.258200 0.855200
vt 0.257400 0.855600
vt 0.256600 0.853900
vt 0.259200 0.856800
vt 0.258500 0.857300
vt 0.260300 0.858400
vt 0.259600 0.859000
vt 0.261500 0.859700
vt 0.260900 0.860400
vt 0.941700 0.858900
vt 0.942300 0.858000
vt 0.942600 0.858300
vt 0.942000 0.859200
vt 0.943100 0.858700
vt 0.942500 0.859600
vt 0.941800 0.860300
vt 0.941400 0.860100
vt 0.256400 0.850600
vt 0.256900 0.852000
vt 0.256100 0.852200
vt 0.255800 0.850600
vt 0.942200 0.857900
vt 0.943000 0.857000
vt 0.943100 0.857200
vt 0.946000 0.854900
vt 0.946200 0.855300
vt 0.945200 0.855900
vt 0.945000 0.855600
vt 0.946600 0.855900
vt 0.945600 0.856500
vt 0.944700 0.857200
vt 0.944300 0.856700
vt 0.943400 0.857400
vt 0.943900 0.857900
vt 0.262700 0.860800
vt 0.262200 0.861500
vt 0.263800 0.861800
vt 0.263600 0.862300
vt 0.948200 0.854500
vt 0.948400 0.854900
vt 0.947500 0.855400
vt 0.947200 0.854800
vt 0.947000 0.854500
vt 0.259400 0.854600
vt 0.260400 0.856100
vt 0.258700 0.853100
vt 0.260200 0.852400
vt 0.260900 0.853700
vt 0.261800 0.855100
vt 0.262600 0.852800
vt 0.263400 0.854100
vt 0.261900 0.851500
vt 0.263600 0.850700
vt 0.264200 0.851800
vt 0.265000 0.853000
vt 0.264200 0.855300
vt 0.262700 0.856500
vt 0.265800 0.854200
vt 0.266600 0.855200
vt 0.265100 0.856500
vt 0.263700 0.857700
vt 0.261400 0.857500
vt 0.262500 0.858800
vt 0.943300 0.860200
vt 0.942700 0.861000
vt 0.943900 0.859400
vt 0.944800 0.860300
vt 0.944200 0.861000
vt 0.943700 0.861600
vt 0.945300 0.862000
vt 0.944800 0.862600
vt 0.945900 0.861300
vt 0.946900 0.862400
vt 0.946400 0.863000
vt 0.945900 0.863500
vt 0.262600 0.848600
vt 0.263100 0.849600
vt 0.261300 0.850400
vt 0.260900 0.849300
vt 0.259700 0.851100
vt 0.259100 0.850000
vt 0.258100 0.851700
vt 0.257800 0.850300
vt 0.946300 0.857300
vt 0.945400 0.858000
vt 0.947100 0.856800
vt 0.947800 0.857900
vt 0.947000 0.858400
vt 0.946300 0.859000
vt 0.947900 0.859600
vt 0.947200 0.860100
vt 0.948600 0.859100
vt 0.949500 0.860300
vt 0.948800 0.860800
vt 0.948200 0.861300
vt 0.946500 0.860700
vt 0.945500 0.859700
vt 0.947500 0.861800
vt 0.944600 0.858700
vt 0.265400 0.859600
vt 0.264600 0.860700
vt 0.263500 0.859800
vt 0.264600 0.858700
vt 0.266000 0.857400
vt 0.266800 0.858300
vt 0.267400 0.856100
vt 0.268100 0.857000
vt 0.950700 0.859500
vt 0.950100 0.859900
vt 0.949300 0.858600
vt 0.950000 0.858200
vt 0.948600 0.857400
vt 0.949300 0.857000
vt 0.948900 0.855900
vt 0.948000 0.856300
vt 0.271700 0.848700
vt 0.271200 0.847900
vt 0.273100 0.846900
vt 0.273500 0.847500
vt 0.270800 0.847200
vt 0.272800 0.846300
vt 0.274600 0.845600
vt 0.274800 0.846000
vt 0.275100 0.846400
vt 0.276200 0.845200
vt 0.276500 0.845500
vt 0.276000 0.845000
vt 0.276700 0.845800
vt 0.275400 0.846800
vt 0.276800 0.846100
vt 0.275700 0.847200
vt 0.273900 0.848000
vt 0.272200 0.849300
vt 0.274300 0.848500
vt 0.272700 0.850000
vt 0.950700 0.867600
vt 0.951100 0.867200
vt 0.952300 0.868200
vt 0.952100 0.868500
vt 0.951400 0.866800
vt 0.952600 0.867800
vt 0.953700 0.868800
vt 0.953500 0.869100
vt 0.953400 0.869500
vt 0.954500 0.869700
vt 0.954500 0.870100
vt 0.954600 0.869500
vt 0.274400 0.844600
vt 0.276000 0.844200
vt 0.275900 0.844600
vt 0.274400 0.845100
vt 0.272500 0.845800
vt 0.272300 0.845200
vt 0.270500 0.846500
vt 0.270200 0.845800
vt 0.952300 0.866000
vt 0.952700 0.865700
vt 0.953600 0.866900
vt 0.953300 0.867200
vt 0.953100 0.865300
vt 0.954000 0.866600
vt 0.954800 0.867800
vt 0.954500 0.868100
vt 0.954200 0.868300
vt 0.955200 0.869000
vt 0.955100 0.869200
vt 0.955400 0.868800
vt 0.954800 0.869400
vt 0.954000 0.868500
vt 0.952900 0.867500
vt 0.951800 0.866400
vt 0.276500 0.847800
vt 0.275100 0.849400
vt 0.274700 0.849000
vt 0.276000 0.847500
vt 0.273700 0.851100
vt 0.273200 0.850500
vt 0.277100 0.846300
vt 0.277500 0.846400
vt 0.955500 0.867700
vt 0.956000 0.868800
vt 0.955700 0.868800
vt 0.955100 0.867700
vt 0.954000 0.864800
vt 0.954800 0.866200
vt 0.954400 0.866400
vt 0.953600 0.865100
vt 0.265900 0.850900
vt 0.266600 0.852000
vt 0.265300 0.849800
vt 0.267100 0.849000
vt 0.267700 0.849900
vt 0.268300 0.850900
vt 0.269400 0.848900
vt 0.270000 0.849800
vt 0.268900 0.848100
vt 0.270600 0.850600
vt 0.269000 0.851800
vt 0.271200 0.851400
vt 0.269600 0.852700
vt 0.267400 0.853000
vt 0.268100 0.854000
vt 0.947500 0.864000
vt 0.947100 0.864500
vt 0.948000 0.863500
vt 0.949100 0.864600
vt 0.948700 0.865100
vt 0.948200 0.865500
vt 0.949900 0.866100
vt 0.949500 0.866600
vt 0.950300 0.865700
vt 0.268500 0.847300
vt 0.268200 0.846600
vt 0.266700 0.848100
vt 0.266200 0.847300
vt 0.264800 0.848900
vt 0.264400 0.848000
vt 0.950200 0.863700
vt 0.949200 0.862500
vt 0.949800 0.862000
vt 0.950700 0.863200
vt 0.950400 0.861500
vt 0.951300 0.862800
vt 0.951700 0.864400
vt 0.951200 0.864800
vt 0.952200 0.864100
vt 0.950700 0.865300
vt 0.949600 0.864100
vt 0.948600 0.863000
vt 0.270900 0.854100
vt 0.269500 0.855600
vt 0.268800 0.854800
vt 0.270300 0.853400
vt 0.272300 0.852600
vt 0.271700 0.852000
vt 0.952400 0.862100
vt 0.953200 0.863400
vt 0.952700 0.863700
vt 0.951800 0.862400
vt 0.951600 0.860800
vt 0.951000 0.861200
vt 0.158900 0.823900
vt 0.159000 0.823000
vt 0.161400 0.823500
vt 0.161400 0.824300
vt 0.159000 0.822300
vt 0.161400 0.822700
vt 0.163900 0.822900
vt 0.163900 0.823600
vt 0.163900 0.824400
vt 0.168800 0.823900
vt 0.166300 0.824300
vt 0.166300 0.823500
vt 0.168700 0.823000
vt 0.166300 0.822700
vt 0.168700 0.822300
vt 0.166300 0.825300
vt 0.163900 0.825400
vt 0.168900 0.825000
vt 0.169000 0.826300
vt 0.166400 0.826500
vt 0.163900 0.826600
vt 0.161400 0.825300
vt 0.161300 0.826500
vt 0.158700 0.826300
vt 0.158800 0.825000
vt 0.850700 0.861100
vt 0.849500 0.860700
vt 0.849700 0.860200
vt 0.850900 0.860600
vt 0.848200 0.860400
vt 0.848300 0.859900
vt 0.848500 0.859200
vt 0.849900 0.859500
vt 0.851200 0.859900
vt 0.850200 0.858700
vt 0.851400 0.859100
vt 0.848700 0.858300
vt 0.849000 0.857300
vt 0.850400 0.857700
vt 0.851800 0.858100
vt 0.852700 0.859600
vt 0.852400 0.860300
vt 0.853100 0.858600
vt 0.854500 0.859200
vt 0.854000 0.860200
vt 0.853700 0.861000
vt 0.852100 0.861000
vt 0.852000 0.861500
vt 0.853400 0.861600
vt 0.853200 0.862100
vt 0.153600 0.822100
vt 0.154100 0.821200
vt 0.156500 0.822200
vt 0.156300 0.823200
vt 0.154500 0.820200
vt 0.156700 0.821400
vt 0.153000 0.825300
vt 0.153300 0.823700
vt 0.156100 0.824400
vt 0.155900 0.825900
vt 0.845000 0.859000
vt 0.845200 0.857800
vt 0.847000 0.858000
vt 0.846900 0.859000
vt 0.845300 0.856500
vt 0.847300 0.856900
vt 0.846800 0.859800
vt 0.845100 0.859800
vt 0.846700 0.860400
vt 0.845200 0.860600
vt 0.179300 0.892200
vt 0.178100 0.895700
vt 0.177100 0.893900
vt 0.178900 0.890600
vt 0.176400 0.900900
vt 0.175000 0.896700
vt 0.174200 0.893400
vt 0.176400 0.891200
vt 0.178500 0.889000
vt 0.175900 0.888400
vt 0.178100 0.886400
vt 0.173600 0.890300
vt 0.173200 0.887100
vt 0.175500 0.885600
vt 0.177800 0.883900
vt 0.879800 0.820600
vt 0.877700 0.819500
vt 0.879600 0.818100
vt 0.881800 0.819800
vt 0.875400 0.818100
vt 0.877200 0.816200
vt 0.879300 0.814400
vt 0.881600 0.816800
vt 0.883900 0.819000
vt 0.883500 0.816000
vt 0.885300 0.819200
vt 0.881400 0.812800
vt 0.883300 0.811600
vt 0.885200 0.815400
vt 0.886700 0.819300
vt 0.164500 0.795800
vt 0.164500 0.796500
vt 0.164100 0.795800
vt 0.164100 0.795300
vt 0.164400 0.797000
vt 0.164100 0.796600
vt 0.163800 0.796400
vt 0.163800 0.795600
vt 0.163700 0.794800
vt 0.163000 0.795800
vt 0.163400 0.795300
vt 0.163400 0.795800
vt 0.163000 0.796500
vt 0.163400 0.796600
vt 0.163100 0.797000
vt 0.843900 0.880100
vt 0.844100 0.879500
vt 0.844200 0.880100
vt 0.844100 0.880600
vt 0.844300 0.879200
vt 0.844400 0.879500
vt 0.844400 0.880400
vt 0.844200 0.881000
vt 0.845000 0.880400
vt 0.844600 0.880700
vt 0.844700 0.880300
vt 0.845100 0.879900
vt 0.844900 0.879700
vt 0.845200 0.879500
vt 0.166200 0.875200
vt 0.169100 0.874900
vt 0.169400 0.877800
vt 0.166600 0.878200
vt 0.171900 0.874600
vt 0.172200 0.877300
vt 0.172400 0.880500
vt 0.169800 0.881200
vt 0.167000 0.881800
vt 0.170200 0.884800
vt 0.167500 0.885500
vt 0.172800 0.883800
vt 0.170600 0.888400
vt 0.167900 0.889300
vt 0.164700 0.886000
vt 0.164100 0.882200
vt 0.165200 0.889800
vt 0.162400 0.889900
vt 0.161800 0.886100
vt 0.161300 0.882500
vt 0.163600 0.878700
vt 0.163200 0.875700
vt 0.160700 0.879100
vt 0.160200 0.876200
vt 0.868200 0.818600
vt 0.867400 0.820200
vt 0.865400 0.819100
vt 0.866000 0.817400
vt 0.866700 0.821700
vt 0.864800 0.820700
vt 0.863000 0.819800
vt 0.863400 0.818200
vt 0.863900 0.816200
vt 0.870200 0.814700
vt 0.869100 0.816800
vt 0.866800 0.815400
vt 0.867700 0.813000
vt 0.864500 0.814000
vt 0.865200 0.811500
vt 0.872900 0.816400
vt 0.871600 0.818300
vt 0.873900 0.819800
vt 0.872700 0.821300
vt 0.870500 0.820000
vt 0.869500 0.821400
vt 0.871500 0.822700
vt 0.870500 0.823900
vt 0.868700 0.822700
vt 0.155600 0.882200
vt 0.154900 0.879600
vt 0.157800 0.879400
vt 0.158400 0.882500
vt 0.154300 0.877000
vt 0.157300 0.876700
vt 0.156500 0.888700
vt 0.156000 0.885400
vt 0.158900 0.885900
vt 0.159400 0.889500
vt 0.860200 0.814200
vt 0.860500 0.811500
vt 0.862500 0.812700
vt 0.862000 0.815100
vt 0.860900 0.808800
vt 0.863000 0.810100
vt 0.859300 0.818500
vt 0.859700 0.816400
vt 0.861600 0.817200
vt 0.861100 0.819100
vt 0.173400 0.858200
vt 0.171600 0.859200
vt 0.171400 0.857100
vt 0.173200 0.855900
vt 0.169600 0.860300
vt 0.169500 0.858100
vt 0.169400 0.855400
vt 0.171300 0.854400
vt 0.173000 0.853500
vt 0.171200 0.851400
vt 0.173000 0.850400
vt 0.169200 0.852200
vt 0.169100 0.848700
vt 0.171200 0.848000
vt 0.173000 0.847400
vt 0.863600 0.845000
vt 0.862100 0.844900
vt 0.863100 0.842800
vt 0.864700 0.842900
vt 0.860400 0.844700
vt 0.861400 0.842600
vt 0.862400 0.840700
vt 0.864100 0.840900
vt 0.865900 0.840900
vt 0.865100 0.839200
vt 0.866900 0.839500
vt 0.863300 0.838900
vt 0.864000 0.837400
vt 0.865900 0.837800
vt 0.867900 0.838000
vt 0.165100 0.861500
vt 0.167400 0.861100
vt 0.167500 0.862600
vt 0.165200 0.863100
vt 0.169700 0.861800
vt 0.169700 0.862900
vt 0.167500 0.863700
vt 0.165200 0.864200
vt 0.167500 0.864500
vt 0.165200 0.865000
vt 0.169800 0.863700
vt 0.169900 0.864500
vt 0.167600 0.865200
vt 0.165200 0.865600
vt 0.162700 0.865800
vt 0.162800 0.865100
vt 0.160100 0.865800
vt 0.160200 0.864900
vt 0.160300 0.864000
vt 0.162800 0.864300
vt 0.162800 0.863200
vt 0.162700 0.861500
vt 0.160300 0.862900
vt 0.160300 0.861200
vt 0.861100 0.833400
vt 0.860700 0.834600
vt 0.858900 0.833600
vt 0.859500 0.832400
vt 0.860100 0.835900
vt 0.858300 0.835000
vt 0.856700 0.833900
vt 0.857300 0.832600
vt 0.857800 0.831400
vt 0.862100 0.831200
vt 0.861600 0.832300
vt 0.860000 0.831400
vt 0.860500 0.830300
vt 0.858400 0.830400
vt 0.859000 0.829400
vt 0.863300 0.833200
vt 0.862900 0.834300
vt 0.863700 0.832100
vt 0.865400 0.833000
vt 0.865100 0.834100
vt 0.864800 0.835100
vt 0.862600 0.835400
vt 0.862100 0.836700
vt 0.864500 0.836200
vt 0.155100 0.862600
vt 0.155500 0.861200
vt 0.157900 0.862100
vt 0.157700 0.863400
vt 0.155800 0.859800
vt 0.158000 0.860500
vt 0.157400 0.864400
vt 0.154600 0.863700
vt 0.157200 0.865400
vt 0.154200 0.864800
vt 0.855400 0.827700
vt 0.857200 0.828500
vt 0.856700 0.829400
vt 0.854900 0.828500
vt 0.856200 0.830400
vt 0.854500 0.829300
vt 0.853700 0.831500
vt 0.854100 0.830400
vt 0.855700 0.831500
vt 0.855100 0.832800
vt 0.177300 0.870900
vt 0.177300 0.872500
vt 0.174500 0.872500
vt 0.174400 0.871000
vt 0.177200 0.874100
vt 0.174600 0.874400
vt 0.171700 0.872600
vt 0.171500 0.871000
vt 0.177000 0.868300
vt 0.177100 0.869600
vt 0.174100 0.869700
vt 0.173900 0.868400
vt 0.171200 0.869800
vt 0.170900 0.868700
vt 0.871300 0.830400
vt 0.869400 0.829200
vt 0.870000 0.828200
vt 0.871800 0.829400
vt 0.867600 0.828100
vt 0.868200 0.827100
vt 0.868900 0.826100
vt 0.870600 0.827200
vt 0.872300 0.828400
vt 0.871400 0.826200
vt 0.873100 0.827400
vt 0.869700 0.825000
vt 0.872300 0.825100
vt 0.873900 0.826300
vt 0.165700 0.871500
vt 0.165600 0.870300
vt 0.168400 0.870000
vt 0.168600 0.871200
vt 0.165500 0.869200
vt 0.168200 0.868900
vt 0.165900 0.873000
vt 0.168900 0.872700
vt 0.162900 0.873500
vt 0.159900 0.874000
vt 0.159700 0.872400
vt 0.162700 0.871900
vt 0.162700 0.870700
vt 0.159700 0.871200
vt 0.159800 0.870000
vt 0.162700 0.869600
vt 0.865500 0.824100
vt 0.864900 0.825200
vt 0.863400 0.824400
vt 0.863900 0.823300
vt 0.864400 0.826300
vt 0.862900 0.825500
vt 0.861300 0.824700
vt 0.861800 0.823600
vt 0.862200 0.822500
vt 0.866100 0.822900
vt 0.864300 0.822000
vt 0.862600 0.821300
vt 0.867900 0.823900
vt 0.867200 0.825000
vt 0.866500 0.826100
vt 0.865900 0.827100
vt 0.153200 0.871000
vt 0.156600 0.870500
vt 0.156600 0.871700
vt 0.153400 0.872400
vt 0.156600 0.873100
vt 0.153500 0.873700
vt 0.156900 0.874700
vt 0.153900 0.875300
vt 0.858500 0.821200
vt 0.858900 0.819900
vt 0.860700 0.820500
vt 0.860300 0.821800
vt 0.859900 0.822900
vt 0.858000 0.822200
vt 0.859500 0.823900
vt 0.857500 0.823200
vt 0.175000 0.862400
vt 0.172400 0.863600
vt 0.172200 0.862700
vt 0.174500 0.861500
vt 0.171900 0.861800
vt 0.174100 0.860600
vt 0.171700 0.860700
vt 0.173700 0.859400
vt 0.866400 0.836700
vt 0.868400 0.837200
vt 0.866800 0.835800
vt 0.868800 0.836400
vt 0.869300 0.834900
vt 0.869100 0.835600
vt 0.867100 0.834900
vt 0.867400 0.833900
vt 0.167700 0.866000
vt 0.165300 0.866400
vt 0.170100 0.865400
vt 0.170400 0.866500
vt 0.167800 0.866900
vt 0.165300 0.867300
vt 0.165400 0.868200
vt 0.168000 0.867900
vt 0.170600 0.867600
vt 0.162700 0.868600
vt 0.159800 0.868900
vt 0.159900 0.867800
vt 0.162700 0.867600
vt 0.162700 0.866700
vt 0.160000 0.866700
vt 0.863200 0.828700
vt 0.862600 0.829900
vt 0.861100 0.829100
vt 0.861700 0.827800
vt 0.859600 0.828200
vt 0.860200 0.827000
vt 0.863800 0.827400
vt 0.862300 0.826600
vt 0.860800 0.825800
vt 0.865300 0.828300
vt 0.864700 0.829600
vt 0.867000 0.829300
vt 0.866400 0.830500
vt 0.864200 0.830900
vt 0.865900 0.831800
vt 0.157000 0.866600
vt 0.153800 0.866300
vt 0.156800 0.867800
vt 0.153500 0.867800
vt 0.156700 0.869200
vt 0.153400 0.869400
vt 0.858900 0.825100
vt 0.857000 0.824300
vt 0.858400 0.826200
vt 0.856400 0.825500
vt 0.857800 0.827400
vt 0.855900 0.826600
vt 0.176100 0.865200
vt 0.176600 0.866700
vt 0.173500 0.867200
vt 0.173200 0.865900
vt 0.175600 0.863800
vt 0.172800 0.864700
vt 0.870200 0.832700
vt 0.869800 0.833800
vt 0.867800 0.832800
vt 0.868300 0.831600
vt 0.870800 0.831500
vt 0.868800 0.830400
vt 0.175200 0.882600
vt 0.177500 0.881300
vt 0.174900 0.879600
vt 0.177300 0.878700
vt 0.174700 0.876900
vt 0.177300 0.876400
vt 0.873400 0.823800
vt 0.875200 0.824900
vt 0.874700 0.822400
vt 0.876400 0.823500
vt 0.876100 0.821000
vt 0.878100 0.822100
vt 0.171100 0.891800
vt 0.168400 0.892800
vt 0.171600 0.895100
vt 0.168800 0.896200
vt 0.172100 0.898500
vt 0.169000 0.899600
vt 0.172100 0.902000
vt 0.168800 0.902900
vt 0.166000 0.903700
vt 0.166200 0.900300
vt 0.163200 0.904000
vt 0.163400 0.900600
vt 0.163200 0.897100
vt 0.166000 0.897000
vt 0.165700 0.893500
vt 0.162900 0.893600
vt 0.873200 0.809200
vt 0.871600 0.812000
vt 0.868800 0.810100
vt 0.870000 0.806900
vt 0.866000 0.808400
vt 0.866700 0.805000
vt 0.876400 0.804100
vt 0.874800 0.806400
vt 0.871100 0.803400
vt 0.872500 0.800400
vt 0.867300 0.801200
vt 0.868000 0.796600
vt 0.878300 0.809600
vt 0.876400 0.811800
vt 0.880200 0.807800
vt 0.874500 0.814100
vt 0.157200 0.896000
vt 0.156900 0.892400
vt 0.159900 0.893100
vt 0.160200 0.896700
vt 0.156900 0.903400
vt 0.157100 0.899700
vt 0.160300 0.900300
vt 0.160000 0.903800
vt 0.860700 0.802800
vt 0.860100 0.799700
vt 0.863700 0.800100
vt 0.863600 0.803700
vt 0.859500 0.796700
vt 0.863400 0.796500
vt 0.860800 0.805800
vt 0.863400 0.807000
vt 0.163900 0.834400
vt 0.166600 0.834400
vt 0.166600 0.837600
vt 0.164000 0.837700
vt 0.169200 0.834400
vt 0.169200 0.837600
vt 0.169100 0.841200
vt 0.166700 0.841300
vt 0.164100 0.841400
vt 0.166700 0.845200
vt 0.164200 0.845300
vt 0.169100 0.844900
vt 0.166800 0.849100
vt 0.164400 0.849300
vt 0.161700 0.845300
vt 0.161500 0.841400
vt 0.161900 0.849200
vt 0.159500 0.849000
vt 0.159200 0.845200
vt 0.159000 0.841400
vt 0.161300 0.837700
vt 0.161200 0.834400
vt 0.158700 0.837700
vt 0.158500 0.834400
vt 0.855300 0.848000
vt 0.854600 0.850100
vt 0.853000 0.849500
vt 0.853700 0.847300
vt 0.853900 0.852100
vt 0.852300 0.851500
vt 0.850800 0.851000
vt 0.851500 0.848900
vt 0.852200 0.846700
vt 0.857000 0.843600
vt 0.856100 0.845800
vt 0.854500 0.845100
vt 0.855300 0.842900
vt 0.853000 0.844400
vt 0.853800 0.842100
vt 0.858700 0.844200
vt 0.857800 0.846400
vt 0.859500 0.846800
vt 0.858600 0.849000
vt 0.857000 0.848500
vt 0.856200 0.850600
vt 0.857700 0.851100
vt 0.856900 0.853200
vt 0.855400 0.852600
vt 0.154700 0.841000
vt 0.154200 0.837800
vt 0.156400 0.837700
vt 0.156700 0.841200
vt 0.153700 0.834500
vt 0.156100 0.834500
vt 0.155300 0.848100
vt 0.155000 0.844600
vt 0.157000 0.844900
vt 0.157300 0.848600
vt 0.849600 0.845300
vt 0.850500 0.842700
vt 0.851700 0.843600
vt 0.850900 0.845900
vt 0.851400 0.840200
vt 0.852500 0.841200
vt 0.847900 0.849900
vt 0.848800 0.847600
vt 0.850100 0.848200
vt 0.849400 0.850400
vt 0.174100 0.834300
vt 0.171700 0.834400
vt 0.171800 0.831800
vt 0.174400 0.831800
vt 0.169300 0.831700
vt 0.169200 0.829600
vt 0.171900 0.829500
vt 0.174600 0.829300
vt 0.174700 0.825300
vt 0.174700 0.827300
vt 0.171900 0.827600
vt 0.171700 0.825900
vt 0.169100 0.827800
vt 0.857800 0.860800
vt 0.856100 0.859900
vt 0.856600 0.858700
vt 0.858300 0.859400
vt 0.855000 0.858000
vt 0.855600 0.856600
vt 0.857200 0.857200
vt 0.858900 0.857900
vt 0.857800 0.855500
vt 0.859400 0.856000
vt 0.856200 0.855000
vt 0.858500 0.853600
vt 0.859900 0.854100
vt 0.163800 0.829700
vt 0.163800 0.828000
vt 0.166500 0.827900
vt 0.166500 0.829700
vt 0.163800 0.831800
vt 0.166600 0.831800
vt 0.161100 0.831800
vt 0.158400 0.831800
vt 0.158500 0.829600
vt 0.161100 0.829700
vt 0.161200 0.827900
vt 0.158600 0.827800
vt 0.852600 0.855600
vt 0.852200 0.857000
vt 0.850800 0.856500
vt 0.851200 0.855100
vt 0.849300 0.856100
vt 0.849700 0.854600
vt 0.853200 0.853900
vt 0.851700 0.853400
vt 0.850200 0.852900
vt 0.854700 0.854500
vt 0.854100 0.856100
vt 0.853500 0.857500
vt 0.155800 0.827600
vt 0.153000 0.827300
vt 0.155800 0.829600
vt 0.153000 0.829400
vt 0.155900 0.831800
vt 0.153300 0.831900
vt 0.846300 0.853600
vt 0.847100 0.851700
vt 0.848700 0.852300
vt 0.848100 0.854100
vt 0.845800 0.855000
vt 0.847600 0.855600
vt 0.171600 0.824400
vt 0.174300 0.823700
vt 0.171400 0.823200
vt 0.174000 0.822100
vt 0.171100 0.822200
vt 0.173500 0.821100
vt 0.170900 0.821400
vt 0.173100 0.820100
vt 0.856600 0.863000
vt 0.856000 0.863500
vt 0.854700 0.862500
vt 0.855100 0.861800
vt 0.855500 0.864100
vt 0.854400 0.863000
vt 0.855600 0.861000
vt 0.857200 0.861900
vt 0.171200 0.844500
vt 0.173200 0.844000
vt 0.171300 0.841000
vt 0.173300 0.840600
vt 0.171500 0.837500
vt 0.173700 0.837500
vt 0.859300 0.851500
vt 0.860700 0.851900
vt 0.860100 0.849400
vt 0.861600 0.849600
vt 0.861100 0.847100
vt 0.862600 0.847300
vt 0.167000 0.852700
vt 0.164600 0.853000
vt 0.167200 0.856000
vt 0.164800 0.856300
vt 0.167300 0.858800
vt 0.165000 0.859200
vt 0.162500 0.859200
vt 0.162300 0.856300
vt 0.160100 0.858900
vt 0.159900 0.856000
vt 0.162100 0.852900
vt 0.159700 0.852700
vt 0.858700 0.839400
vt 0.857800 0.841500
vt 0.856100 0.840700
vt 0.856900 0.838600
vt 0.854600 0.839800
vt 0.855300 0.837600
vt 0.859400 0.837600
vt 0.857600 0.836700
vt 0.856000 0.835700
vt 0.861400 0.838300
vt 0.860500 0.840100
vt 0.859600 0.842100
vt 0.155800 0.854600
vt 0.155500 0.851300
vt 0.157500 0.852100
vt 0.157800 0.855300
vt 0.155800 0.857200
vt 0.157900 0.858100
vt 0.852900 0.835400
vt 0.853300 0.833400
vt 0.854600 0.834600
vt 0.854000 0.836600
vt 0.852100 0.837800
vt 0.853300 0.838800
vt 0.163900 0.821900
vt 0.166200 0.821800
vt 0.166300 0.822200
vt 0.163900 0.822300
vt 0.168500 0.821400
vt 0.168600 0.821800
vt 0.161400 0.822200
vt 0.161500 0.821800
vt 0.159100 0.821800
vt 0.159200 0.821400
vt 0.168400 0.821100
vt 0.166200 0.821400
vt 0.156900 0.820900
vt 0.157100 0.820600
vt 0.154800 0.819900
vt 0.155200 0.819600
vt 0.848000 0.861100
vt 0.846700 0.861100
vt 0.846700 0.860800
vt 0.848100 0.860800
vt 0.845300 0.861200
vt 0.845300 0.860900
vt 0.848000 0.861300
vt 0.846700 0.861300
vt 0.850500 0.861800
vt 0.849300 0.861400
vt 0.849400 0.861100
vt 0.850600 0.861500
vt 0.851800 0.861900
vt 0.851700 0.862200
vt 0.853000 0.862500
vt 0.852900 0.862700
vt 0.850400 0.862000
vt 0.849200 0.861600
vt 0.854100 0.863300
vt 0.854000 0.863500
vt 0.855200 0.864300
vt 0.855000 0.864400
vt 0.170500 0.820600
vt 0.170700 0.820900
vt 0.172500 0.819500
vt 0.172800 0.819800
vt 0.163900 0.820800
vt 0.161600 0.820700
vt 0.161700 0.820200
vt 0.163800 0.820200
vt 0.159500 0.820400
vt 0.159600 0.819900
vt 0.159900 0.819000
vt 0.161800 0.819200
vt 0.163800 0.819300
vt 0.166000 0.820200
vt 0.166100 0.820700
vt 0.165900 0.819200
vt 0.167800 0.819000
vt 0.168000 0.819900
vt 0.168200 0.820400
vt 0.155900 0.819100
vt 0.157700 0.819800
vt 0.157500 0.820000
vt 0.155800 0.819200
vt 0.847800 0.861800
vt 0.846600 0.861800
vt 0.846700 0.861600
vt 0.847900 0.861600
vt 0.845500 0.861800
vt 0.845400 0.861700
vt 0.845400 0.861600
vt 0.846700 0.861500
vt 0.846600 0.862200
vt 0.845400 0.862200
vt 0.847700 0.862200
vt 0.847600 0.862900
vt 0.846500 0.862900
vt 0.845400 0.862700
vt 0.157900 0.819300
vt 0.156300 0.818600
vt 0.156600 0.818100
vt 0.158200 0.818500
vt 0.849100 0.861900
vt 0.849000 0.862100
vt 0.852400 0.863800
vt 0.852100 0.864500
vt 0.851000 0.864000
vt 0.851300 0.863300
vt 0.849900 0.863600
vt 0.850100 0.862900
vt 0.848900 0.862500
vt 0.850300 0.862500
vt 0.848700 0.863200
vt 0.169800 0.819300
vt 0.170000 0.819800
vt 0.169500 0.818500
vt 0.171000 0.818100
vt 0.171400 0.818600
vt 0.171700 0.819100
vt 0.854500 0.864800
vt 0.854300 0.865200
vt 0.853400 0.864500
vt 0.853600 0.864100
vt 0.854000 0.865500
vt 0.853000 0.865100
vt 0.852600 0.863400
vt 0.161900 0.817700
vt 0.163800 0.817800
vt 0.160100 0.817500
vt 0.160400 0.815700
vt 0.162100 0.815900
vt 0.163800 0.815900
vt 0.162200 0.813900
vt 0.163800 0.813900
vt 0.160600 0.813800
vt 0.160800 0.811700
vt 0.162300 0.811800
vt 0.163800 0.811900
vt 0.165500 0.813900
vt 0.165600 0.815900
vt 0.165400 0.811800
vt 0.166800 0.811700
vt 0.167000 0.813800
vt 0.167300 0.815700
vt 0.165700 0.817700
vt 0.167500 0.817500
vt 0.846400 0.863900
vt 0.845400 0.863900
vt 0.847400 0.864000
vt 0.847100 0.865400
vt 0.846200 0.865300
vt 0.845300 0.865100
vt 0.844900 0.868100
vt 0.845100 0.866600
vt 0.845900 0.866700
vt 0.845600 0.868200
vt 0.846800 0.866900
vt 0.846400 0.868400
vt 0.157700 0.815300
vt 0.158000 0.813400
vt 0.159300 0.813600
vt 0.158900 0.815500
vt 0.158300 0.811400
vt 0.159500 0.811600
vt 0.158600 0.817200
vt 0.157100 0.816700
vt 0.850600 0.865000
vt 0.849500 0.864600
vt 0.851600 0.865500
vt 0.851000 0.866700
vt 0.850100 0.866300
vt 0.849100 0.866000
vt 0.849500 0.867700
vt 0.848600 0.867400
vt 0.850400 0.868100
vt 0.849800 0.869500
vt 0.849000 0.869200
vt 0.848100 0.868900
vt 0.847700 0.867100
vt 0.848100 0.865600
vt 0.847300 0.868600
vt 0.848400 0.864300
vt 0.170000 0.815300
vt 0.170500 0.816700
vt 0.169100 0.817100
vt 0.168700 0.815500
vt 0.168400 0.813600
vt 0.169600 0.813400
vt 0.168100 0.811600
vt 0.169300 0.811400
vt 0.851200 0.870200
vt 0.850500 0.869800
vt 0.851200 0.868500
vt 0.851900 0.868800
vt 0.851900 0.867200
vt 0.852700 0.867500
vt 0.853300 0.866500
vt 0.852500 0.866000
vt 0.163800 0.803700
vt 0.162800 0.803600
vt 0.163000 0.801500
vt 0.163800 0.801500
vt 0.161800 0.803500
vt 0.162200 0.801400
vt 0.162600 0.799400
vt 0.163200 0.799400
vt 0.163800 0.799400
vt 0.163300 0.797800
vt 0.163800 0.797700
vt 0.162900 0.797900
vt 0.164200 0.797800
vt 0.164400 0.799400
vt 0.164600 0.797900
vt 0.165000 0.799400
vt 0.164600 0.801500
vt 0.164800 0.803600
vt 0.165400 0.801400
vt 0.165700 0.803500
vt 0.843800 0.874200
vt 0.844400 0.874300
vt 0.844200 0.875900
vt 0.843700 0.875900
vt 0.845000 0.874500
vt 0.844700 0.876000
vt 0.844500 0.877400
vt 0.844100 0.877400
vt 0.843700 0.877500
vt 0.844100 0.878600
vt 0.843800 0.878800
vt 0.844400 0.878500
vt 0.161500 0.799000
vt 0.162300 0.797400
vt 0.162600 0.797700
vt 0.162100 0.799300
vt 0.161500 0.801200
vt 0.160800 0.801100
vt 0.161000 0.803400
vt 0.160100 0.803200
vt 0.846200 0.874800
vt 0.846800 0.875000
vt 0.846200 0.876400
vt 0.845700 0.876300
vt 0.847400 0.875200
vt 0.846700 0.876600
vt 0.846000 0.877900
vt 0.845700 0.877700
vt 0.845300 0.877600
vt 0.845200 0.878800
vt 0.844900 0.878800
vt 0.845500 0.878900
vt 0.844600 0.878700
vt 0.844900 0.877500
vt 0.845200 0.876100
vt 0.845600 0.874600
vt 0.166000 0.798900
vt 0.166800 0.801100
vt 0.166100 0.801200
vt 0.165500 0.799300
vt 0.167500 0.803200
vt 0.166600 0.803400
vt 0.165000 0.797700
vt 0.165300 0.797400
vt 0.846700 0.878500
vt 0.845800 0.879400
vt 0.845700 0.879100
vt 0.846400 0.878100
vt 0.848500 0.875700
vt 0.847600 0.877100
vt 0.847100 0.876800
vt 0.847900 0.875500
vt 0.162400 0.809800
vt 0.163800 0.809900
vt 0.161000 0.809700
vt 0.161300 0.807700
vt 0.162500 0.807800
vt 0.163800 0.807800
vt 0.162600 0.805700
vt 0.163800 0.805800
vt 0.161500 0.805600
vt 0.165000 0.805700
vt 0.165100 0.807800
vt 0.166100 0.805600
vt 0.166400 0.807700
vt 0.165300 0.809800
vt 0.166600 0.809700
vt 0.845300 0.869700
vt 0.844600 0.869600
vt 0.846100 0.869900
vt 0.845700 0.871400
vt 0.845000 0.871200
vt 0.844300 0.871100
vt 0.844100 0.872600
vt 0.844700 0.872800
vt 0.845300 0.872900
vt 0.160500 0.805500
vt 0.159600 0.805300
vt 0.160100 0.807500
vt 0.159100 0.807400
vt 0.159800 0.809600
vt 0.158700 0.809400
vt 0.848400 0.870700
vt 0.847600 0.870400
vt 0.849200 0.870900
vt 0.848600 0.872400
vt 0.847900 0.872100
vt 0.847100 0.871900
vt 0.847300 0.873600
vt 0.846700 0.873300
vt 0.848000 0.873800
vt 0.846000 0.873100
vt 0.846400 0.871600
vt 0.846800 0.870100
vt 0.167800 0.809600
vt 0.168900 0.809400
vt 0.167500 0.807500
vt 0.168500 0.807400
vt 0.167100 0.805500
vt 0.168000 0.805300
vt 0.848600 0.874000
vt 0.849200 0.874300
vt 0.849300 0.872600
vt 0.849900 0.872900
vt 0.849900 0.871200
vt 0.850600 0.871500
vt 0.858800 0.790400
vt 0.862100 0.789200
vt 0.862800 0.792800
vt 0.859100 0.793500
vt 0.865300 0.788100
vt 0.866200 0.791900
vt 0.161500 0.910900
vt 0.158000 0.910700
vt 0.159200 0.907300
vt 0.162500 0.907400
vt 0.154400 0.910200
vt 0.155600 0.906800
vt 0.156300 0.914200
vt 0.152200 0.913200
vt 0.160100 0.914600
vt 0.893100 0.725900
vt 0.894500 0.724000
vt 0.895600 0.726500
vt 0.894000 0.728600
vt 0.896000 0.722100
vt 0.897200 0.723900
vt 0.181900 0.899200
vt 0.179800 0.900000
vt 0.179600 0.896100
vt 0.181300 0.895600
vt 0.180100 0.892200
vt 0.180900 0.892200
vt 0.886400 0.810500
vt 0.887900 0.814900
vt 0.886400 0.815100
vt 0.884700 0.810900
vt 0.888400 0.819200
vt 0.887600 0.819300
vt 0.889100 0.810100
vt 0.890100 0.814600
vt 0.890200 0.818800
vt 0.182600 0.891200
vt 0.183200 0.894700
vt 0.184000 0.898200
vt 0.196900 0.917100
vt 0.193800 0.915200
vt 0.195200 0.913400
vt 0.198300 0.915300
vt 0.190700 0.913100
vt 0.192300 0.911200
vt 0.911800 0.789500
vt 0.915100 0.792500
vt 0.914100 0.794800
vt 0.910500 0.792400
vt 0.918500 0.794600
vt 0.917800 0.796300
vt 0.912700 0.787400
vt 0.915700 0.790700
vt 0.918900 0.793500
vt 0.192800 0.917100
vt 0.189200 0.915200
vt 0.196600 0.918300
vt 0.172700 0.930800
vt 0.176100 0.931000
vt 0.175300 0.934100
vt 0.171800 0.934200
vt 0.174700 0.937400
vt 0.171300 0.937600
vt 0.907300 0.754900
vt 0.908900 0.756900
vt 0.906000 0.758800
vt 0.904200 0.755700
vt 0.903000 0.760800
vt 0.900900 0.756800
vt 0.899500 0.752400
vt 0.903100 0.752300
vt 0.906700 0.752600
vt 0.167700 0.938400
vt 0.168100 0.934400
vt 0.169000 0.930800
vt 0.185600 0.906600
vt 0.187500 0.905100
vt 0.189700 0.908400
vt 0.188000 0.910100
vt 0.181700 0.909700
vt 0.183800 0.908000
vt 0.186300 0.912000
vt 0.184200 0.913800
vt 0.179200 0.905700
vt 0.181400 0.904000
vt 0.183500 0.902900
vt 0.185500 0.901700
vt 0.175900 0.925400
vt 0.179100 0.925500
vt 0.177500 0.928200
vt 0.174200 0.928000
vt 0.170200 0.924700
vt 0.172800 0.925300
vt 0.170800 0.927800
vt 0.167800 0.927100
vt 0.174500 0.922900
vt 0.177400 0.922700
vt 0.172100 0.922500
vt 0.173300 0.920900
vt 0.175300 0.920500
vt 0.178200 0.919800
vt 0.181000 0.922400
vt 0.181900 0.919000
vt 0.165700 0.916200
vt 0.162700 0.917500
vt 0.163400 0.914100
vt 0.166200 0.913100
vt 0.164400 0.910500
vt 0.167100 0.909800
vt 0.165300 0.907000
vt 0.168100 0.906400
vt 0.171200 0.905800
vt 0.174200 0.906100
vt 0.172300 0.909700
vt 0.169800 0.909400
vt 0.168700 0.912500
vt 0.170800 0.912600
vt 0.169700 0.914600
vt 0.168100 0.915200
vt 0.166800 0.921300
vt 0.168200 0.923300
vt 0.165600 0.925500
vt 0.164000 0.923200
vt 0.163000 0.920500
vt 0.165900 0.918900
vt 0.168300 0.917500
vt 0.170500 0.916000
vt 0.171500 0.917800
vt 0.169200 0.919600
vt 0.170400 0.921300
vt 0.172500 0.919600
vt 0.175000 0.918200
vt 0.177800 0.916800
vt 0.173900 0.915900
vt 0.176500 0.913900
vt 0.172500 0.913900
vt 0.174600 0.911400
vt 0.176900 0.908400
vt 0.179200 0.911800
vt 0.181100 0.915400
vt 0.890100 0.740600
vt 0.890300 0.736600
vt 0.892900 0.736300
vt 0.893200 0.740300
vt 0.890500 0.733000
vt 0.892700 0.732700
vt 0.890700 0.749400
vt 0.890200 0.744900
vt 0.893700 0.744400
vt 0.894500 0.748800
vt 0.887500 0.748600
vt 0.887100 0.744500
vt 0.882600 0.746500
vt 0.882300 0.742900
vt 0.884300 0.734300
vt 0.888300 0.733900
vt 0.887700 0.737100
vt 0.883300 0.737000
vt 0.895700 0.753400
vt 0.892000 0.754100
vt 0.897500 0.758100
vt 0.894000 0.759000
vt 0.899900 0.762600
vt 0.896400 0.763800
vt 0.902500 0.767300
vt 0.899300 0.768900
vt 0.892500 0.763800
vt 0.890300 0.758300
vt 0.895400 0.769800
vt 0.889200 0.769500
vt 0.886500 0.761700
vt 0.884700 0.755900
vt 0.888600 0.753200
vt 0.883400 0.750800
vt 0.905000 0.772500
vt 0.902400 0.774500
vt 0.907400 0.778000
vt 0.905600 0.780100
vt 0.910000 0.783000
vt 0.908600 0.785200
vt 0.907000 0.788200
vt 0.904600 0.791400
vt 0.900500 0.785500
vt 0.903300 0.782600
vt 0.899300 0.776200
vt 0.895700 0.778400
vt 0.892900 0.792000
vt 0.896900 0.788700
vt 0.901100 0.794700
vt 0.897100 0.797900
vt 0.885500 0.797900
vt 0.889100 0.795200
vt 0.893300 0.801100
vt 0.889700 0.803700
vt 0.884200 0.788300
vt 0.887900 0.785100
vt 0.880900 0.791400
vt 0.874600 0.784100
vt 0.878100 0.781000
vt 0.881500 0.777500
vt 0.891900 0.781600
vt 0.885200 0.773800
vt 0.886400 0.805200
vt 0.882600 0.799900
vt 0.883600 0.806000
vt 0.880200 0.801300
vt 0.881800 0.806700
vt 0.878200 0.802500
vt 0.874400 0.798400
vt 0.871100 0.794300
vt 0.873200 0.792200
vt 0.876500 0.796500
vt 0.878600 0.794200
vt 0.874600 0.789200
vt 0.868800 0.790600
vt 0.870500 0.788600
vt 0.867100 0.786900
vt 0.868800 0.785800
vt 0.890500 0.730000
vt 0.892300 0.729500
vt 0.890300 0.727000
vt 0.891700 0.726500
vt 0.888900 0.731100
vt 0.885500 0.731700
vt 0.888600 0.729900
vt 0.889500 0.728400
vt 0.867500 0.783700
vt 0.871000 0.786000
vt 0.866200 0.781500
vt 0.869000 0.782200
vt 0.867800 0.730900
vt 0.876600 0.733100
vt 0.875100 0.735200
vt 0.866200 0.732700
vt 0.882500 0.739800
vt 0.874200 0.737400
vt 0.865100 0.734400
vt 0.864500 0.738900
vt 0.864600 0.736400
vt 0.873800 0.739900
vt 0.873900 0.742900
vt 0.857700 0.733400
vt 0.858300 0.731700
vt 0.857300 0.735500
vt 0.851800 0.732800
vt 0.852500 0.730900
vt 0.853300 0.729300
vt 0.859300 0.730200
vt 0.854200 0.727900
vt 0.855300 0.726300
vt 0.860700 0.728700
vt 0.865300 0.746400
vt 0.864700 0.742400
vt 0.874400 0.746900
vt 0.875400 0.751600
vt 0.866500 0.754600
vt 0.866100 0.750500
vt 0.876800 0.756600
vt 0.877400 0.761600
vt 0.857200 0.745100
vt 0.857100 0.741600
vt 0.857000 0.748900
vt 0.848900 0.744700
vt 0.849800 0.741100
vt 0.850500 0.738000
vt 0.857100 0.738300
vt 0.851100 0.735200
vt 0.863700 0.763400
vt 0.865500 0.759100
vt 0.875800 0.766100
vt 0.873100 0.770100
vt 0.870200 0.773700
vt 0.861300 0.767100
vt 0.867000 0.776100
vt 0.858400 0.770000
vt 0.849100 0.765800
vt 0.851800 0.762200
vt 0.840600 0.762600
vt 0.843000 0.758500
vt 0.845400 0.753800
vt 0.854100 0.757900
vt 0.855900 0.753300
vt 0.847400 0.749100
vt 0.863200 0.776800
vt 0.855100 0.771700
vt 0.859200 0.776700
vt 0.852100 0.771900
vt 0.872300 0.727200
vt 0.880400 0.728500
vt 0.878400 0.730800
vt 0.870000 0.729000
vt 0.862700 0.726900
vt 0.857000 0.724400
vt 0.857800 0.722700
vt 0.865100 0.725000
vt 0.843100 0.770700
vt 0.846100 0.768500
vt 0.834100 0.769400
vt 0.838100 0.766000
vt 0.846000 0.724900
vt 0.849500 0.727200
vt 0.848500 0.729000
vt 0.844600 0.727100
vt 0.847400 0.731100
vt 0.843200 0.729500
vt 0.837700 0.719100
vt 0.841700 0.722000
vt 0.840100 0.724500
vt 0.835900 0.721900
vt 0.838400 0.727300
vt 0.834000 0.725000
vt 0.848700 0.720600
vt 0.847300 0.722800
vt 0.843300 0.719600
vt 0.845100 0.717100
vt 0.850500 0.725500
vt 0.851700 0.723600
vt 0.839800 0.735300
vt 0.844900 0.736300
vt 0.843600 0.739300
vt 0.837900 0.738300
vt 0.842100 0.742700
vt 0.836000 0.741500
vt 0.834500 0.733600
vt 0.832300 0.736800
vt 0.827300 0.735200
vt 0.830200 0.740000
vt 0.836500 0.730400
vt 0.841600 0.732300
vt 0.846200 0.733600
vt 0.836300 0.755500
vt 0.838300 0.751100
vt 0.834400 0.759600
vt 0.829500 0.757000
vt 0.830700 0.753200
vt 0.832300 0.749200
vt 0.825400 0.751300
vt 0.826700 0.747500
vt 0.824600 0.755100
vt 0.820600 0.749900
vt 0.821700 0.746000
vt 0.828300 0.743600
vt 0.834100 0.745200
vt 0.840300 0.746700
vt 0.853300 0.721400
vt 0.855100 0.719100
vt 0.850400 0.718100
vt 0.852400 0.715500
vt 0.847200 0.714500
vt 0.849500 0.711700
vt 0.828700 0.760600
vt 0.824200 0.758800
vt 0.828400 0.763500
vt 0.824200 0.762300
vt 0.832800 0.763200
vt 0.831200 0.766500
s 1
usemtl 07___Default
f 5/1/1 6/2/2 4/3/3 3/4/4
f 8/5/5 9/6/6 10/7/7 11/8/8
f 17/9/9 18/10/10 19/11/11 20/12/12
f 18/10/10 21/13/13 22/14/14 19/11/11
f 23/15/15 24/16/16 19/11/11 22/14/14
f 24/16/16 25/17/17 20/12/12 19/11/11
f 26/18/18 27/19/19 28/20/20 29/21/21
f 27/19/19 25/17/17 24/16/16 28/20/20
f 23/15/15 30/22/22 28/20/20 24/16/16
f 30/22/22 31/23/23 29/21/21 28/20/20
f 25/17/17 27/19/19 32/24/24 33/25/25
f 27/19/19 26/18/18 34/26/26 32/24/24
f 35/27/27 36/28/28 32/24/24 34/26/26
f 36/28/28 37/29/29 33/25/25 32/24/24
f 25/17/17 33/25/25 38/30/30 20/12/12
f 33/25/25 37/29/29 39/31/31 38/30/30
f 40/32/32 41/33/33 38/30/30 39/31/31
f 41/33/33 17/9/9 20/12/12 38/30/30
f 42/34/34 43/35/35 44/36/36 45/37/37
f 43/35/35 46/38/38 47/39/39 44/36/36
f 48/40/40 49/41/41 44/36/36 47/39/39
f 49/41/41 50/42/42 45/37/37 44/36/36
f 50/42/42 49/41/41 51/43/43 52/44/44
f 49/41/41 48/40/40 53/45/45 51/43/43
f 54/46/46 55/47/47 51/43/43 53/45/45
f 55/47/47 56/48/48 52/44/44 51/43/43
f 56/48/48 57/49/49 58/50/50 52/44/44
f 57/49/49 59/51/51 60/52/52 58/50/50
f 61/53/53 62/54/54 58/50/50 60/52/52
f 62/54/54 50/42/42 52/44/44 58/50/50
f 42/34/34 45/37/37 63/55/55 64/56/56
f 45/37/37 50/42/42 62/54/54 63/55/55
f 61/53/53 65/57/57 63/55/55 62/54/54
f 65/57/57 66/58/58 64/56/56 63/55/55
f 67/59/59 68/60/60 69/61/61 70/62/62
f 68/60/60 71/63/63 72/64/64 69/61/61
f 21/13/13 18/10/10 69/61/61 72/64/64
f 18/10/10 17/9/9 70/62/62 69/61/61
f 73/65/65 74/66/66 75/67/67 76/68/68
f 74/66/66 67/59/59 70/62/62 75/67/67
f 17/9/9 41/33/33 75/67/67 70/62/62
f 41/33/33 40/32/32 76/68/68 75/67/67
f 73/69/65 77/70/69 78/71/70 74/72/66
f 77/70/69 54/46/46 53/45/45 78/71/70
f 48/40/40 79/73/71 78/71/70 53/45/45
f 79/73/71 67/74/59 74/72/66 78/71/70
f 67/74/59 79/73/71 80/75/72 68/76/60
f 79/73/71 48/40/40 47/39/39 80/75/72
f 46/38/38 81/77/73 80/75/72 47/39/39
f 81/77/73 71/78/63 68/76/60 80/75/72
f 82/79/74 83/80/75 84/81/76 85/82/77
f 83/80/75 86/83/78 87/84/79 84/81/76
f 88/85/80 89/86/81 84/81/76 87/84/79
f 89/86/81 90/87/82 85/82/77 84/81/76
f 90/87/82 89/86/81 91/88/83 92/89/84
f 89/86/81 88/85/80 93/90/85 91/88/83
f 94/91/86 95/92/87 91/88/83 93/90/85
f 95/92/87 96/93/88 92/89/84 91/88/83
f 90/94/82 92/95/84 97/96/89 98/97/90
f 92/95/84 96/98/88 99/99/91 97/96/89
f 100/100/92 101/101/93 97/96/89 99/99/91
f 101/101/93 102/102/94 98/97/90 97/96/89
f 90/94/82 98/97/90 103/103/95 85/104/77
f 98/97/90 102/102/94 104/105/96 103/103/95
f 105/106/97 106/107/98 103/103/95 104/105/96
f 106/107/98 82/108/74 85/104/77 103/103/95
f 107/109/99 108/110/100 109/111/101 110/112/102
f 108/110/100 111/113/103 112/114/104 109/111/101
f 113/115/105 114/116/106 109/111/101 112/114/104
f 114/116/106 115/117/107 110/112/102 109/111/101
f 116/118/108 117/119/109 118/120/110 119/121/111
f 117/119/109 115/117/107 114/116/106 118/120/110
f 113/115/105 120/122/112 118/120/110 114/116/106
f 120/122/112 121/123/113 119/121/111 118/120/110
f 116/124/108 122/125/114 123/126/115 117/127/109
f 122/125/114 124/128/116 125/129/117 123/126/115
f 126/130/118 127/131/119 123/126/115 125/129/117
f 127/131/119 115/132/107 117/127/109 123/126/115
f 107/133/99 110/134/102 128/135/120 129/136/121
f 110/134/102 115/132/107 127/131/119 128/135/120
f 126/130/118 130/137/122 128/135/120 127/131/119
f 130/137/122 131/138/123 129/136/121 128/135/120
f 132/139/124 133/140/125 134/141/126 135/142/127
f 133/140/125 94/91/86 93/90/85 134/141/126
f 88/85/80 136/143/128 134/141/126 93/90/85
f 136/143/128 137/144/129 135/142/127 134/141/126
f 138/145/130 139/146/131 140/147/132 141/148/133
f 139/146/131 137/144/129 136/143/128 140/147/132
f 88/85/80 87/84/79 140/147/132 136/143/128
f 87/84/79 86/83/78 141/148/133 140/147/132
f 138/145/130 142/149/134 143/150/135 139/146/131
f 142/149/134 144/151/136 145/152/137 143/150/135
f 146/153/138 147/154/139 143/150/135 145/152/137
f 147/154/139 137/144/129 139/146/131 143/150/135
f 137/144/129 147/154/139 148/155/140 135/142/127
f 147/154/139 146/153/138 149/156/141 148/155/140
f 150/157/142 151/158/143 148/155/140 149/156/141
f 151/158/143 132/139/124 135/142/127 148/155/140
f 152/159/144 153/160/145 154/161/146 155/162/147
f 153/160/145 156/163/148 157/164/149 154/161/146
f 158/165/150 159/166/151 154/161/146 157/164/149
f 159/166/151 160/167/152 155/162/147 154/161/146
f 161/168/153 162/169/154 163/170/155 164/171/156
f 162/169/154 160/167/152 159/166/151 163/170/155
f 158/165/150 165/172/157 163/170/155 159/166/151
f 165/172/157 166/173/158 164/171/156 163/170/155
f 161/168/153 167/174/159 168/175/160 162/169/154
f 167/174/159 105/106/97 104/105/96 168/175/160
f 102/102/94 169/176/161 168/175/160 104/105/96
f 169/176/161 160/167/152 162/169/154 168/175/160
f 152/159/144 155/162/147 170/177/162 171/178/163
f 155/162/147 160/167/152 169/176/161 170/177/162
f 102/102/94 101/101/93 170/177/162 169/176/161
f 101/101/93 100/100/92 171/178/163 170/177/162
f 172/179/164 173/180/165 174/181/166 175/182/167
f 173/180/165 150/157/142 149/156/141 174/181/166
f 146/153/138 176/183/168 174/181/166 149/156/141
f 176/183/168 177/184/169 175/182/167 174/181/166
f 178/185/170 179/186/171 180/187/172 181/188/173
f 179/186/171 177/184/169 176/183/168 180/187/172
f 146/153/138 145/152/137 180/187/172 176/183/168
f 145/152/137 144/151/136 181/188/173 180/187/172
f 177/189/169 179/190/171 182/191/174 183/192/175
f 179/190/171 178/193/170 184/194/176 182/191/174
f 166/173/158 165/172/157 182/191/174 184/194/176
f 165/172/157 158/165/150 183/192/175 182/191/174
f 177/189/169 183/192/175 185/195/177 175/196/167
f 183/192/175 158/165/150 157/164/149 185/195/177
f 156/163/148 186/197/178 185/195/177 157/164/149
f 186/197/178 172/198/164 175/196/167 185/195/177
f 187/199/179 188/200/180 189/201/181 190/202/182
f 188/200/180 191/203/183 192/204/184 189/201/181
f 193/205/185 194/206/186 189/201/181 192/204/184
f 194/206/186 195/207/187 190/202/182 189/201/181
f 196/208/188 197/209/189 198/210/190 199/211/191
f 197/209/189 195/207/187 194/206/186 198/210/190
f 193/205/185 200/212/192 198/210/190 194/206/186
f 200/212/192 201/213/193 199/211/191 198/210/190
f 195/214/187 197/215/189 202/216/194 203/217/195
f 197/215/189 196/218/188 204/219/196 202/216/194
f 205/220/197 206/221/198 202/216/194 204/219/196
f 206/221/198 207/222/199 203/217/195 202/216/194
f 195/214/187 203/217/195 208/223/200 190/224/182
f 203/217/195 207/222/199 209/225/201 208/223/200
f 210/226/202 211/227/203 208/223/200 209/225/201
f 211/227/203 187/228/179 190/224/182 208/223/200
f 212/229/204 213/230/205 214/231/206 215/232/207
f 213/230/205 191/203/183 216/233/208 214/231/206
f 217/234/209 218/235/210 214/231/206 216/233/208
f 218/235/210 219/236/211 215/232/207 214/231/206
f 220/237/212 221/238/213 222/239/214 223/240/215
f 221/238/213 219/236/211 218/235/210 222/239/214
f 217/234/209 224/241/216 222/239/214 218/235/210
f 224/241/216 225/242/217 223/240/215 222/239/214
f 219/236/211 221/238/213 226/243/218 227/244/219
f 221/238/213 220/237/212 228/245/220 226/243/218
f 229/246/221 230/247/222 226/243/218 228/245/220
f 230/247/222 231/248/223 227/244/219 226/243/218
f 212/229/204 215/232/207 232/249/224 233/250/225
f 215/232/207 219/236/211 227/244/219 232/249/224
f 231/248/223 234/251/226 232/249/224 227/244/219
f 234/251/226 235/252/227 233/250/225 232/249/224
f 236/253/228 237/254/229 238/255/230 239/256/231
f 237/254/229 240/257/232 241/258/233 238/255/230
f 242/259/234 243/260/235 238/255/230 241/258/233
f 243/260/235 244/261/236 239/256/231 238/255/230
f 245/262/237 246/263/238 247/264/239 248/265/240
f 246/263/238 236/253/228 239/256/231 247/264/239
f 244/261/236 249/266/241 247/264/239 239/256/231
f 249/266/241 250/267/242 248/265/240 247/264/239
f 236/253/228 246/263/238 251/268/243 252/269/244
f 246/263/238 245/262/237 253/270/245 251/268/243
f 254/271/246 255/272/247 251/268/243 253/270/245
f 255/272/247 256/273/248 252/269/244 251/268/243
f 240/257/232 237/254/229 257/274/249 258/275/250
f 237/254/229 236/253/228 252/269/244 257/274/249
f 256/273/248 259/276/251 257/274/249 252/269/244
f 259/276/251 210/226/202 258/275/250 257/274/249
f 260/277/252 261/278/253 262/279/254 263/280/255
f 261/278/253 264/281/256 265/282/257 262/279/254
f 235/252/227 234/251/226 262/279/254 265/282/257
f 234/251/226 231/248/223 263/280/255 262/279/254
f 260/277/252 263/280/255 266/283/258 267/284/259
f 263/280/255 231/248/223 230/247/222 266/283/258
f 229/246/221 268/285/260 266/283/258 230/247/222
f 268/285/260 269/286/261 267/284/259 266/283/258
f 269/287/261 270/288/262 271/289/263 267/290/259
f 270/288/262 250/267/242 249/266/241 271/289/263
f 244/261/236 272/291/264 271/289/263 249/266/241
f 272/291/264 260/292/252 267/290/259 271/289/263
f 264/293/256 261/294/253 273/295/265 274/296/266
f 261/294/253 260/292/252 272/291/264 273/295/265
f 244/261/236 243/260/235 273/295/265 272/291/264
f 243/260/235 242/259/234 274/296/266 273/295/265
f 275/297/267 276/298/268 277/299/269 278/300/270
f 276/298/268 96/93/88 95/92/87 277/299/269
f 94/91/86 279/301/271 277/299/269 95/92/87
f 279/301/271 280/302/272 278/300/270 277/299/269
f 281/303/273 282/304/274 283/305/275 284/306/276
f 282/304/274 275/297/267 278/300/270 283/305/275
f 280/302/272 285/307/277 283/305/275 278/300/270
f 285/307/277 286/308/278 284/306/276 283/305/275
f 275/309/267 282/310/274 287/311/279 288/312/280
f 282/310/274 281/313/273 289/314/281 287/311/279
f 290/315/282 291/316/283 287/311/279 289/314/281
f 291/316/283 292/317/284 288/312/280 287/311/279
f 96/98/88 276/318/268 293/319/285 99/99/91
f 276/318/268 275/309/267 288/312/280 293/319/285
f 292/317/284 294/320/286 293/319/285 288/312/280
f 294/320/286 100/100/92 99/99/91 293/319/285
f 295/321/287 296/322/288 297/323/289 298/324/290
f 296/322/288 299/325/291 300/326/292 297/323/289
f 286/308/278 285/307/277 297/323/289 300/326/292
f 285/307/277 280/302/272 298/324/290 297/323/289
f 132/139/124 301/327/293 302/328/294 133/140/125
f 301/327/293 295/321/287 298/324/290 302/328/294
f 280/302/272 279/301/271 302/328/294 298/324/290
f 279/301/271 94/91/86 133/140/125 302/328/294
f 132/139/124 151/158/143 303/329/295 301/327/293
f 151/158/143 150/157/142 304/330/296 303/329/295
f 305/331/297 306/332/298 303/329/295 304/330/296
f 306/332/298 295/321/287 301/327/293 303/329/295
f 295/321/287 306/332/298 307/333/299 296/322/288
f 306/332/298 305/331/297 308/334/300 307/333/299
f 309/335/301 310/336/302 307/333/299 308/334/300
f 310/336/302 299/325/291 296/322/288 307/333/299
f 311/337/303 312/338/304 313/339/305 314/340/306
f 312/338/304 315/341/307 316/342/308 313/339/305
f 317/343/309 318/344/310 313/339/305 316/342/308
f 318/344/310 319/345/311 314/340/306 313/339/305
f 319/345/311 318/344/310 320/346/312 321/347/313
f 318/344/310 317/343/309 322/348/314 320/346/312
f 156/163/148 153/160/145 320/346/312 322/348/314
f 153/160/145 152/159/144 321/347/313 320/346/312
f 319/345/311 321/347/313 323/349/315 324/350/316
f 321/347/313 152/159/144 171/178/163 323/349/315
f 100/100/92 294/320/286 323/349/315 171/178/163
f 294/320/286 292/317/284 324/350/316 323/349/315
f 311/337/303 314/340/306 325/351/317 326/352/318
f 314/340/306 319/345/311 324/350/316 325/351/317
f 292/317/284 291/316/283 325/351/317 324/350/316
f 291/316/283 290/315/282 326/352/318 325/351/317
f 327/353/319 328/354/320 329/355/321 330/356/322
f 328/354/320 309/335/301 308/334/300 329/355/321
f 305/331/297 331/357/323 329/355/321 308/334/300
f 331/357/323 332/358/324 330/356/322 329/355/321
f 332/358/324 331/357/323 333/359/325 334/360/326
f 331/357/323 305/331/297 304/330/296 333/359/325
f 150/157/142 173/180/165 333/359/325 304/330/296
f 173/180/165 172/179/164 334/360/326 333/359/325
f 172/198/164 186/197/178 335/361/327 334/362/326
f 186/197/178 156/163/148 322/348/314 335/361/327
f 317/343/309 336/363/328 335/361/327 322/348/314
f 336/363/328 332/364/324 334/362/326 335/361/327
f 332/364/324 336/363/328 337/365/329 330/366/322
f 336/363/328 317/343/309 316/342/308 337/365/329
f 315/341/307 338/367/330 337/365/329 316/342/308
f 338/367/330 327/368/319 330/366/322 337/365/329
f 339/369/331 340/370/332 341/371/333 342/372/334
f 340/370/332 343/373/335 344/374/336 341/371/333
f 225/242/217 224/241/216 341/371/333 344/374/336
f 224/241/216 217/234/209 342/372/334 341/371/333
f 339/369/331 342/372/334 345/375/337 346/376/338
f 342/372/334 217/234/209 216/233/208 345/375/337
f 191/203/183 188/200/180 345/375/337 216/233/208
f 188/200/180 187/199/179 346/376/338 345/375/337
f 339/377/331 346/378/338 347/379/339 348/380/340
f 346/378/338 187/228/179 211/227/203 347/379/339
f 210/226/202 259/276/251 347/379/339 211/227/203
f 259/276/251 256/273/248 348/380/340 347/379/339
f 343/381/335 340/382/332 349/383/341 350/384/342
f 340/382/332 339/377/331 348/380/340 349/383/341
f 256/273/248 255/272/247 349/383/341 348/380/340
f 255/272/247 254/271/246 350/384/342 349/383/341
f 351/385/343 352/386/344 353/387/345 354/388/346
f 352/386/344 220/237/212 223/240/215 353/387/345
f 225/242/217 355/389/347 353/387/345 223/240/215
f 355/389/347 356/390/348 354/388/346 353/387/345
f 299/325/291 357/391/349 358/392/350 300/326/292
f 357/391/349 351/385/343 354/388/346 358/392/350
f 356/390/348 359/393/351 358/392/350 354/388/346
f 359/393/351 286/308/278 300/326/292 358/392/350
f 299/325/291 310/336/302 360/394/352 357/391/349
f 310/336/302 309/335/301 361/395/353 360/394/352
f 362/396/354 363/397/355 360/394/352 361/395/353
f 363/397/355 351/385/343 357/391/349 360/394/352
f 351/385/343 363/397/355 364/398/356 352/386/344
f 363/397/355 362/396/354 365/399/357 364/398/356
f 229/246/221 228/245/220 364/398/356 365/399/357
f 228/245/220 220/237/212 352/386/344 364/398/356
f 366/400/358 367/401/359 368/402/360 369/403/361
f 367/401/359 245/262/237 248/265/240 368/402/360
f 250/267/242 370/404/362 368/402/360 248/265/240
f 370/404/362 371/405/363 369/403/361 368/402/360
f 311/337/303 372/406/364 373/407/365 312/338/304
f 372/406/364 366/400/358 369/403/361 373/407/365
f 371/405/363 374/408/366 373/407/365 369/403/361
f 374/408/366 315/341/307 312/338/304 373/407/365
f 366/400/358 372/406/364 375/409/367 376/410/368
f 372/406/364 311/337/303 326/352/318 375/409/367
f 290/315/282 377/411/369 375/409/367 326/352/318
f 377/411/369 378/412/370 376/410/368 375/409/367
f 245/262/237 367/401/359 379/413/371 253/270/245
f 367/401/359 366/400/358 376/410/368 379/413/371
f 378/412/370 380/414/372 379/413/371 376/410/368
f 380/414/372 254/271/246 253/270/245 379/413/371
f 269/286/261 268/285/260 381/415/373 382/416/374
f 268/285/260 229/246/221 365/399/357 381/415/373
f 362/396/354 383/417/375 381/415/373 365/399/357
f 383/417/375 384/418/376 382/416/374 381/415/373
f 384/418/376 383/417/375 385/419/377 386/420/378
f 383/417/375 362/396/354 361/395/353 385/419/377
f 309/335/301 328/354/320 385/419/377 361/395/353
f 328/354/320 327/353/319 386/420/378 385/419/377
f 327/368/319 338/367/330 387/421/379 386/422/378
f 338/367/330 315/341/307 374/408/366 387/421/379
f 371/405/363 388/423/380 387/421/379 374/408/366
f 388/423/380 384/424/376 386/422/378 387/421/379
f 384/424/376 388/423/380 389/425/381 382/426/374
f 388/423/380 371/405/363 370/404/362 389/425/381
f 250/267/242 270/288/262 389/425/381 370/404/362
f 270/288/262 269/287/261 382/426/374 389/425/381
f 390/427/382 391/428/383 392/429/384 393/430/385
f 391/428/383 281/303/273 284/306/276 392/429/384
f 286/308/278 359/393/351 392/429/384 284/306/276
f 359/393/351 356/390/348 393/430/385 392/429/384
f 343/373/335 394/431/386 395/432/387 344/374/336
f 394/431/386 390/427/382 393/430/385 395/432/387
f 356/390/348 355/389/347 395/432/387 393/430/385
f 355/389/347 225/242/217 344/374/336 395/432/387
f 390/433/382 394/434/386 396/435/388 397/436/389
f 394/434/386 343/381/335 350/384/342 396/435/388
f 254/271/246 380/414/372 396/435/388 350/384/342
f 380/414/372 378/412/370 397/436/389 396/435/388
f 281/313/273 391/437/383 398/438/390 289/314/281
f 391/437/383 390/433/382 397/436/389 398/438/390
f 378/412/370 377/411/369 398/438/390 397/436/389
f 377/411/369 290/315/282 289/314/281 398/438/390
f 399/439/391 400/440/392 401/441/393 402/442/394
f 400/440/392 403/443/395 404/444/396 401/441/393
f 201/213/193 200/212/192 401/441/393 404/444/396
f 200/212/192 193/205/185 402/442/394 401/441/393
f 399/439/391 402/442/394 405/445/397 406/446/398
f 402/442/394 193/205/185 192/204/184 405/445/397
f 191/203/183 213/230/205 405/445/397 192/204/184
f 213/230/205 212/229/204 406/446/398 405/445/397
f 399/439/391 406/446/398 407/447/399 408/448/400
f 406/446/398 212/229/204 233/250/225 407/447/399
f 235/252/227 409/449/401 407/447/399 233/250/225
f 409/449/401 410/450/402 408/448/400 407/447/399
f 399/439/391 408/448/400 411/451/403 400/440/392
f 408/448/400 410/450/402 412/452/404 411/451/403
f 413/453/405 414/454/406 411/451/403 412/452/404
f 414/454/406 403/443/395 400/440/392 411/451/403
f 415/455/407 416/456/408 417/457/409 418/458/410
f 416/456/408 419/459/411 420/460/412 417/457/409
f 421/461/413 422/462/414 417/457/409 420/460/412
f 422/462/414 423/463/415 418/458/410 417/457/409
f 240/257/232 424/464/416 425/465/417 241/258/233
f 424/464/416 415/455/407 418/458/410 425/465/417
f 423/463/415 426/466/418 425/465/417 418/458/410
f 426/466/418 242/259/234 241/258/233 425/465/417
f 415/455/407 424/464/416 427/467/419 428/468/420
f 424/464/416 240/257/232 258/275/250 427/467/419
f 210/226/202 209/225/201 427/467/419 258/275/250
f 209/225/201 207/222/199 428/468/420 427/467/419
f 419/459/411 416/456/408 429/469/421 430/470/422
f 416/456/408 415/455/407 428/468/420 429/469/421
f 207/222/199 206/221/198 429/469/421 428/468/420
f 206/221/198 205/220/197 430/470/422 429/469/421
f 431/471/423 432/472/424 433/473/425 434/474/426
f 432/472/424 413/453/405 412/452/404 433/473/425
f 410/450/402 435/475/427 433/473/425 412/452/404
f 435/475/427 436/476/428 434/474/426 433/473/425
f 264/281/256 437/477/429 438/478/430 265/282/257
f 437/477/429 436/476/428 435/475/427 438/478/430
f 410/450/402 409/449/401 438/478/430 435/475/427
f 409/449/401 235/252/227 265/282/257 438/478/430
f 436/479/428 437/480/429 439/481/431 440/482/432
f 437/480/429 264/293/256 274/296/266 439/481/431
f 242/259/234 426/466/418 439/481/431 274/296/266
f 426/466/418 423/463/415 440/482/432 439/481/431
f 436/479/428 440/482/432 441/483/433 434/484/426
f 440/482/432 423/463/415 422/462/414 441/483/433
f 421/461/413 442/485/434 441/483/433 422/462/414
f 442/485/434 431/486/423 434/484/426 441/483/433
f 443/487/435 444/488/436 445/489/437 446/490/438
f 444/488/436 196/208/188 199/211/191 445/489/437
f 201/213/193 447/491/439 445/489/437 199/211/191
f 447/491/439 448/492/440 446/490/438 445/489/437
f 449/493/441 450/494/442 451/495/443 452/496/444
f 450/494/442 443/487/435 446/490/438 451/495/443
f 448/492/440 453/497/445 451/495/443 446/490/438
f 453/497/445 35/27/27 452/496/444 451/495/443
f 449/498/441 454/499/446 455/500/447 450/501/442
f 454/499/446 59/51/51 456/502/448 455/500/447
f 457/503/449 458/504/450 455/500/447 456/502/448
f 458/504/450 443/505/435 450/501/442 455/500/447
f 196/218/188 444/506/436 459/507/451 204/219/196
f 444/506/436 443/505/435 458/504/450 459/507/451
f 457/503/449 460/508/452 459/507/451 458/504/450
f 460/508/452 205/220/197 204/219/196 459/507/451
f 461/509/453 462/510/454 463/511/455 464/512/456
f 462/510/454 37/29/29 36/28/28 463/511/455
f 35/27/27 453/497/445 463/511/455 36/28/28
f 453/497/445 448/492/440 464/512/456 463/511/455
f 403/443/395 465/513/457 466/514/458 404/444/396
f 465/513/457 461/509/453 464/512/456 466/514/458
f 448/492/440 447/491/439 466/514/458 464/512/456
f 447/491/439 201/213/193 404/444/396 466/514/458
f 403/443/395 414/454/406 467/515/459 465/513/457
f 414/454/406 413/453/405 468/516/460 467/515/459
f 469/517/461 470/518/462 467/515/459 468/516/460
f 470/518/462 461/509/453 465/513/457 467/515/459
f 461/509/453 470/518/462 471/519/463 462/510/454
f 470/518/462 469/517/461 472/520/464 471/519/463
f 40/32/32 39/31/31 471/519/463 472/520/464
f 39/31/31 37/29/29 462/510/454 471/519/463
f 56/48/48 55/47/47 473/521/465 474/522/466
f 55/47/47 54/46/46 475/523/467 473/521/465
f 476/524/468 477/525/469 473/521/465 475/523/467
f 477/525/469 478/526/470 474/522/466 473/521/465
f 478/526/470 477/525/469 479/527/471 480/528/472
f 477/525/469 476/524/468 481/529/473 479/527/471
f 421/461/413 420/460/412 479/527/471 481/529/473
f 420/460/412 419/459/411 480/528/472 479/527/471
f 478/526/470 480/528/472 482/530/474 483/531/475
f 480/528/472 419/459/411 430/470/422 482/530/474
f 205/220/197 460/508/452 482/530/474 430/470/422
f 460/508/452 457/503/449 483/531/475 482/530/474
f 478/526/470 483/531/475 484/532/476 474/522/466
f 483/531/475 457/503/449 456/502/448 484/532/476
f 59/51/51 57/49/49 484/532/476 456/502/448
f 57/49/49 56/48/48 474/522/466 484/532/476
f 73/65/65 76/68/68 485/533/477 486/534/478
f 76/68/68 40/32/32 472/520/464 485/533/477
f 469/517/461 487/535/479 485/533/477 472/520/464
f 487/535/479 488/536/480 486/534/478 485/533/477
f 488/536/480 487/535/479 489/537/481 490/538/482
f 487/535/479 469/517/461 468/516/460 489/537/481
f 413/453/405 432/472/424 489/537/481 468/516/460
f 432/472/424 431/471/423 490/538/482 489/537/481
f 431/486/423 442/485/434 491/539/483 490/540/482
f 442/485/434 421/461/413 481/529/473 491/539/483
f 476/524/468 492/541/484 491/539/483 481/529/473
f 492/541/484 488/542/480 490/540/482 491/539/483
f 73/69/65 486/543/478 493/544/485 77/70/69
f 486/543/478 488/542/480 492/541/484 493/544/485
f 476/524/468 475/523/467 493/544/485 492/541/484
f 475/523/467 54/46/46 77/70/69 493/544/485
f 449/493/441 452/496/444 494/545/486 495/546/487
f 452/496/444 35/27/27 34/26/26 494/545/486
f 26/18/18 496/547/488 494/545/486 34/26/26
f 496/547/488 497/548/489 495/546/487 494/545/486
f 497/548/489 496/547/488 498/549/490 499/550/491
f 496/547/488 26/18/18 29/21/21 498/549/490
f 31/23/23 500/551/492 498/549/490 29/21/21
f 500/551/492 501/552/493 499/550/491 498/549/490
f 497/553/489 499/554/491 502/555/494 503/556/495
f 499/554/491 501/557/493 504/558/496 502/555/494
f 66/58/58 65/57/57 502/555/494 504/558/496
f 65/57/57 61/53/53 503/556/495 502/555/494
f 449/498/441 495/559/487 505/560/497 454/499/446
f 495/559/487 497/553/489 503/556/495 505/560/497
f 61/53/53 60/52/52 505/560/497 503/556/495
f 60/52/52 59/51/51 454/499/446 505/560/497
f 506/561/498 507/562/499 508/563/500 509/564/501
f 507/562/499 510/565/502 511/566/503 508/563/500
f 31/23/23 30/22/22 508/563/500 511/566/503
f 30/22/22 23/15/15 509/564/501 508/563/500
f 506/561/498 509/564/501 512/567/504 513/568/505
f 509/564/501 23/15/15 22/14/14 512/567/504
f 21/13/13 514/569/506 512/567/504 22/14/14
f 514/569/506 515/570/507 513/568/505 512/567/504
f 506/561/498 513/568/505 516/571/508 517/572/509
f 513/568/505 515/570/507 518/573/510 516/571/508
f 519/574/511 520/575/512 517/572/509 516/571/508
f 506/561/498 517/572/509 521/576/513 507/562/499
f 517/572/509 520/575/512 522/577/514 521/576/513
f 523/578/515 510/565/502 507/562/499 521/576/513
f 515/570/507 514/569/506 524/579/516 525/580/517
f 514/569/506 21/13/13 72/64/64 524/579/516
f 71/63/63 526/581/518 524/579/516 72/64/64
f 526/581/518 527/582/519 525/580/517 524/579/516
f 528/583/520 529/584/521 530/585/522 531/586/523
f 529/584/521 527/587/519 526/588/518 530/585/522
f 71/78/63 81/77/73 530/585/522 526/588/518
f 81/77/73 46/38/38 531/586/523 530/585/522
f 515/570/507 525/580/517 535/589/524 518/573/510
f 536/590/525 537/591/526 538/592/527 539/593/528
f 537/591/526 528/583/520 531/586/523 538/592/527
f 46/38/38 43/35/35 538/592/527 531/586/523
f 43/35/35 42/34/34 539/593/528 538/592/527
f 536/590/525 539/593/528 540/594/529 541/595/530
f 539/593/528 42/34/34 64/56/56 540/594/529
f 66/58/58 542/596/531 540/594/529 64/56/56
f 542/596/531 543/597/532 541/595/530 540/594/529
f 543/597/532 544/598/533 545/599/534 541/595/530
f 547/600/535 536/590/525 541/595/530 545/599/534
f 536/590/525 547/600/535 548/601/536 537/591/526
f 543/597/532 542/596/531 549/602/537 550/603/538
f 542/596/531 66/58/58 504/558/496 549/602/537
f 501/557/493 551/604/539 549/602/537 504/558/496
f 551/604/539 552/605/540 550/603/538 549/602/537
f 510/565/502 553/606/541 554/607/542 511/566/503
f 553/606/541 552/608/540 551/609/539 554/607/542
f 501/552/493 500/551/492 554/607/542 551/609/539
f 500/551/492 31/23/23 511/566/503 554/607/542
f 510/565/502 523/578/515 555/610/543 553/606/541
f 559/611/544 560/612/545 561/613/546 562/614/547
f 520/575/512 563/615/548 561/613/546 522/577/514
f 563/615/548 564/616/549 562/614/547 561/613/546
f 564/616/549 566/617/550 567/618/551 568/619/552
f 566/617/550 565/620/553 569/621/554 567/618/551
f 570/622/555 571/623/556 567/618/551 569/621/554
f 571/623/556 572/624/557 568/619/552 567/618/551
f 564/616/549 568/619/552 573/625/558 562/614/547
f 568/619/552 572/624/557 574/626/559 573/625/558
f 575/627/560 576/628/561 573/625/558 574/626/559
f 576/628/561 559/611/544 562/614/547 573/625/558
f 584/629/562 585/630/563 581/631/564 583/632/565
f 585/630/563 586/633/566 582/634/567 581/631/564
f 565/620/553 578/635/568 587/636/569 569/621/554
f 578/635/568 577/637/570 582/638/567 587/636/569
f 586/639/566 588/640/571 587/636/569 582/638/567
f 588/640/571 570/622/555 569/621/554 587/636/569
f 592/641/572 593/642/573 594/643/574 590/644/575
f 593/642/573 595/645/576 596/646/577 594/643/574
f 597/647/578 598/648/579 594/643/574 596/646/577
f 598/648/579 589/649/580 590/644/575 594/643/574
f 597/647/578 600/650/581 599/651/582 598/648/579
f 600/650/581 584/629/562 583/632/565 599/651/582
f 559/611/544 576/628/561 605/652/583 604/653/584
f 576/628/561 575/627/560 606/654/585 605/652/583
f 607/655/586 608/656/587 605/652/583 606/654/585
f 608/656/587 603/657/588 604/653/584 605/652/583
f 603/658/588 608/659/587 609/660/589 601/661/590
f 608/659/587 607/662/586 610/663/591 609/660/589
f 595/645/576 593/642/573 609/660/589 610/663/591
f 593/642/573 592/641/572 601/661/590 609/660/589
f 572/624/557 571/623/556 611/664/592 612/665/593
f 571/623/556 570/622/555 613/666/594 611/664/592
f 614/667/595 615/668/596 611/664/592 613/666/594
f 615/668/596 616/669/597 612/665/593 611/664/592
f 616/669/597 615/668/596 617/670/598 618/671/599
f 615/668/596 614/667/595 619/672/600 617/670/598
f 620/673/601 621/674/602 617/670/598 619/672/600
f 621/674/602 622/675/603 618/671/599 617/670/598
f 616/669/597 618/671/599 623/676/604 624/677/605
f 618/671/599 622/675/603 625/678/606 623/676/604
f 626/679/607 627/680/608 623/676/604 625/678/606
f 627/680/608 628/681/609 624/677/605 623/676/604
f 572/624/557 612/665/593 629/682/610 574/626/559
f 612/665/593 616/669/597 624/677/605 629/682/610
f 628/681/609 630/683/611 629/682/610 624/677/605
f 630/683/611 575/627/560 574/626/559 629/682/610
f 586/633/566 585/630/563 631/684/612 632/685/613
f 585/630/563 584/629/562 633/686/614 631/684/612
f 634/687/615 635/688/616 631/684/612 633/686/614
f 635/688/616 636/689/617 632/685/613 631/684/612
f 637/690/618 638/691/619 639/692/620 640/693/621
f 638/691/619 636/689/617 635/688/616 639/692/620
f 634/687/615 641/694/622 639/692/620 635/688/616
f 641/694/622 642/695/623 640/693/621 639/692/620
f 636/696/617 638/697/619 643/698/624 644/699/625
f 638/697/619 637/700/618 645/701/626 643/698/624
f 620/673/601 619/672/600 643/698/624 645/701/626
f 619/672/600 614/667/595 644/699/625 643/698/624
f 636/696/617 644/699/625 646/702/627 632/703/613
f 644/699/625 614/667/595 613/666/594 646/702/627
f 570/622/555 588/640/571 646/702/627 613/666/594
f 588/640/571 586/639/566 632/703/613 646/702/627
f 597/647/578 596/646/577 647/704/628 648/705/629
f 596/646/577 595/645/576 649/706/630 647/704/628
f 650/707/631 651/708/632 647/704/628 649/706/630
f 651/708/632 652/709/633 648/705/629 647/704/628
f 652/709/633 651/708/632 653/710/634 654/711/635
f 651/708/632 650/707/631 655/712/636 653/710/634
f 656/713/637 657/714/638 653/710/634 655/712/636
f 657/714/638 658/715/639 654/711/635 653/710/634
f 652/709/633 654/711/635 659/716/640 660/717/641
f 654/711/635 658/715/639 661/718/642 659/716/640
f 642/695/623 641/694/622 659/716/640 661/718/642
f 641/694/622 634/687/615 660/717/641 659/716/640
f 597/647/578 648/705/629 662/719/643 600/650/581
f 648/705/629 652/709/633 660/717/641 662/719/643
f 634/687/615 633/686/614 662/719/643 660/717/641
f 633/686/614 584/629/562 600/650/581 662/719/643
f 663/720/644 664/721/645 665/722/646 666/723/647
f 664/721/645 607/655/586 606/654/585 665/722/646
f 575/627/560 630/683/611 665/722/646 606/654/585
f 630/683/611 628/681/609 666/723/647 665/722/646
f 663/720/644 666/723/647 667/724/648 668/725/649
f 666/723/647 628/681/609 627/680/608 667/724/648
f 626/679/607 669/726/650 667/724/648 627/680/608
f 669/726/650 670/727/651 668/725/649 667/724/648
f 670/728/651 671/729/652 672/730/653 668/731/649
f 671/729/652 656/713/637 655/712/636 672/730/653
f 650/707/631 673/732/654 672/730/653 655/712/636
f 673/732/654 663/733/644 668/731/649 672/730/653
f 607/662/586 664/734/645 674/735/655 610/663/591
f 664/734/645 663/733/644 673/732/654 674/735/655
f 650/707/631 649/706/630 674/735/655 673/732/654
f 649/706/630 595/645/576 610/663/591 674/735/655
f 675/736/656 676/737/657 677/738/658 678/739/659
f 676/737/657 679/740/660 680/741/661 677/738/658
f 681/742/662 682/743/663 677/738/658 680/741/661
f 682/743/663 683/744/664 678/739/659 677/738/658
f 683/744/664 682/743/663 684/745/665 685/746/666
f 682/743/663 681/742/662 686/747/667 684/745/665
f 121/123/113 120/122/112 684/745/665 686/747/667
f 120/122/112 113/115/105 685/746/666 684/745/665
f 683/744/664 685/746/666 687/748/668 688/749/669
f 685/746/666 113/115/105 112/114/104 687/748/668
f 111/113/103 689/750/670 687/748/668 112/114/104
f 689/750/670 690/751/671 688/749/669 687/748/668
f 675/736/656 678/739/659 691/752/672 692/753/673
f 678/739/659 683/744/664 688/749/669 691/752/672
f 690/751/671 693/754/674 691/752/672 688/749/669
f 693/754/674 694/755/675 692/753/673 691/752/672
f 695/756/676 696/757/677 697/758/678 698/759/679
f 696/757/677 699/760/680 700/761/681 697/758/678
f 701/762/682 702/763/683 697/758/678 700/761/681
f 702/763/683 703/764/684 698/759/679 697/758/678
f 703/764/684 702/763/683 704/765/685 705/766/686
f 702/763/683 701/762/682 706/767/687 704/765/685
f 124/128/116 122/125/114 704/765/685 706/767/687
f 122/125/114 116/124/108 705/766/686 704/765/685
f 703/768/684 705/769/686 707/770/688 708/771/689
f 705/769/686 116/118/108 119/121/111 707/770/688
f 121/123/113 686/747/667 707/770/688 119/121/111
f 686/747/667 681/742/662 708/771/689 707/770/688
f 703/768/684 708/771/689 709/772/690 698/773/679
f 708/771/689 681/742/662 680/741/661 709/772/690
f 679/740/660 710/774/691 709/772/690 680/741/661
f 710/774/691 695/775/676 698/773/679 709/772/690
f 711/776/692 712/777/693 713/778/694 714/779/695
f 712/777/693 715/780/696 716/781/697 713/778/694
f 717/782/698 718/783/699 713/778/694 716/781/697
f 718/783/699 719/784/700 714/779/695 713/778/694
f 719/784/700 718/783/699 720/785/701 721/786/702
f 718/783/699 717/782/698 722/787/703 720/785/701
f 131/138/123 130/137/122 720/785/701 722/787/703
f 130/137/122 126/130/118 721/786/702 720/785/701
f 719/784/700 721/786/702 723/788/704 724/789/705
f 721/786/702 126/130/118 125/129/117 723/788/704
f 124/128/116 706/767/687 723/788/704 125/129/117
f 706/767/687 701/762/682 724/789/705 723/788/704
f 711/776/692 714/779/695 725/790/706 726/791/707
f 714/779/695 719/784/700 724/789/705 725/790/706
f 701/762/682 700/761/681 725/790/706 724/789/705
f 700/761/681 699/760/680 726/791/707 725/790/706
f 727/792/708 728/793/709 729/794/710 730/795/711
f 728/793/709 731/796/712 732/797/713 729/794/710
f 694/755/675 693/754/674 729/794/710 732/797/713
f 693/754/674 690/751/671 730/795/711 729/794/710
f 727/792/708 730/795/711 733/798/714 734/799/715
f 730/795/711 690/751/671 689/750/670 733/798/714
f 111/113/103 108/110/100 733/798/714 689/750/670
f 108/110/100 107/109/99 734/799/715 733/798/714
f 727/800/708 734/801/715 735/802/716 736/803/717
f 734/801/715 107/133/99 129/136/121 735/802/716
f 131/138/123 722/787/703 735/802/716 129/136/121
f 722/787/703 717/782/698 736/803/717 735/802/716
f 731/804/712 728/805/709 737/806/718 738/807/719
f 728/805/709 727/800/708 736/803/717 737/806/718
f 717/782/698 716/781/697 737/806/718 736/803/717
f 716/781/697 715/780/696 738/807/719 737/806/718
f 622/675/603 621/674/602 739/808/720 740/809/721
f 621/674/602 620/673/601 741/810/722 739/808/720
f 742/811/723 743/812/724 739/808/720 741/810/722
f 743/812/724 744/813/725 740/809/721 739/808/720
f 744/813/725 743/812/724 745/814/726 746/815/727
f 743/812/724 742/811/723 747/816/728 745/814/726
f 679/740/660 676/737/657 745/814/726 747/816/728
f 676/737/657 675/736/656 746/815/727 745/814/726
f 744/813/725 746/815/727 748/817/729 749/818/730
f 746/815/727 675/736/656 692/753/673 748/817/729
f 694/755/675 750/819/731 748/817/729 692/753/673
f 750/819/731 751/820/732 749/818/730 748/817/729
f 622/675/603 740/809/721 752/821/733 625/678/606
f 740/809/721 744/813/725 749/818/730 752/821/733
f 751/820/732 753/822/734 752/821/733 749/818/730
f 753/822/734 626/679/607 625/678/606 752/821/733
f 637/690/618 640/693/621 754/823/735 755/824/736
f 640/693/621 642/695/623 756/825/737 754/823/735
f 757/826/738 758/827/739 754/823/735 756/825/737
f 758/827/739 759/828/740 755/824/736 754/823/735
f 695/756/676 760/829/741 761/830/742 696/757/677
f 760/829/741 759/828/740 758/827/739 761/830/742
f 757/826/738 762/831/743 761/830/742 758/827/739
f 762/831/743 699/760/680 696/757/677 761/830/742
f 695/775/676 710/774/691 763/832/744 760/833/741
f 710/774/691 679/740/660 747/816/728 763/832/744
f 742/811/723 764/834/745 763/832/744 747/816/728
f 764/834/745 759/835/740 760/833/741 763/832/744
f 759/835/740 764/834/745 765/836/746 755/837/736
f 764/834/745 742/811/723 741/810/722 765/836/746
f 620/673/601 645/701/626 765/836/746 741/810/722
f 645/701/626 637/700/618 755/837/736 765/836/746
f 658/715/639 657/714/638 766/838/747 767/839/748
f 657/714/638 656/713/637 768/840/749 766/838/747
f 769/841/750 770/842/751 766/838/747 768/840/749
f 770/842/751 771/843/752 767/839/748 766/838/747
f 771/843/752 770/842/751 772/844/753 773/845/754
f 770/842/751 769/841/750 774/846/755 772/844/753
f 715/780/696 712/777/693 772/844/753 774/846/755
f 712/777/693 711/776/692 773/845/754 772/844/753
f 771/843/752 773/845/754 775/847/756 776/848/757
f 773/845/754 711/776/692 726/791/707 775/847/756
f 699/760/680 762/831/743 775/847/756 726/791/707
f 762/831/743 757/826/738 776/848/757 775/847/756
f 658/715/639 767/839/748 777/849/758 661/718/642
f 767/839/748 771/843/752 776/848/757 777/849/758
f 757/826/738 756/825/737 777/849/758 776/848/757
f 756/825/737 642/695/623 661/718/642 777/849/758
f 778/850/759 779/851/760 780/852/761 781/853/762
f 779/851/760 670/727/651 669/726/650 780/852/761
f 626/679/607 753/822/734 780/852/761 669/726/650
f 753/822/734 751/820/732 781/853/762 780/852/761
f 778/850/759 781/853/762 782/854/763 783/855/764
f 781/853/762 751/820/732 750/819/731 782/854/763
f 694/755/675 732/797/713 782/854/763 750/819/731
f 732/797/713 731/796/712 783/855/764 782/854/763
f 731/804/712 738/807/719 784/856/765 783/857/764
f 738/807/719 715/780/696 774/846/755 784/856/765
f 769/841/750 785/858/766 784/856/765 774/846/755
f 785/858/766 778/859/759 783/857/764 784/856/765
f 778/859/759 785/858/766 786/860/767 779/861/760
f 785/858/766 769/841/750 768/840/749 786/860/767
f 656/713/637 671/729/652 786/860/767 768/840/749
f 671/729/652 670/728/651 779/861/760 786/860/767
f 787/862/768 788/863/769 789/864/770 790/865/771
f 788/863/769 791/866/772 792/867/773 789/864/770
f 793/868/774 794/869/775 789/864/770 792/867/773
f 794/869/775 795/870/776 790/865/771 789/864/770
f 796/871/777 797/872/778 798/873/779 799/874/780
f 797/872/778 795/870/776 794/869/775 798/873/779
f 793/868/774 800/875/781 798/873/779 794/869/775
f 800/875/781 801/876/782 799/874/780 798/873/779
f 795/870/776 797/872/778 802/877/783 803/878/784
f 797/872/778 796/871/777 804/879/785 802/877/783
f 805/880/786 806/881/787 802/877/783 804/879/785
f 806/881/787 807/882/788 803/878/784 802/877/783
f 795/870/776 803/878/784 808/883/789 790/865/771
f 803/878/784 807/882/788 809/884/790 808/883/789
f 810/885/791 811/886/792 808/883/789 809/884/790
f 811/886/792 787/862/768 790/865/771 808/883/789
f 812/887/793 813/888/794 814/889/795 815/890/796
f 813/888/794 816/891/797 817/892/798 814/889/795
f 818/893/799 819/894/800 814/889/795 817/892/798
f 819/894/800 820/895/801 815/890/796 814/889/795
f 820/895/801 819/894/800 821/896/802 822/897/803
f 819/894/800 818/893/799 823/898/804 821/896/802
f 824/899/805 825/900/806 821/896/802 823/898/804
f 825/900/806 826/901/807 822/897/803 821/896/802
f 820/895/801 822/897/803 827/902/808 828/903/809
f 822/897/803 826/901/807 829/904/810 827/902/808
f 830/905/811 831/906/812 827/902/808 829/904/810
f 831/906/812 832/907/813 828/903/809 827/902/808
f 812/887/793 815/890/796 833/908/814 834/909/815
f 815/890/796 820/895/801 828/903/809 833/908/814
f 832/907/813 835/910/816 833/908/814 828/903/809
f 835/910/816 836/911/817 834/909/815 833/908/814
f 837/912/818 838/913/819 839/914/820 840/915/821
f 838/913/819 841/916/822 842/917/823 839/914/820
f 791/866/772 788/863/769 839/914/820 842/917/823
f 788/863/769 787/862/768 840/915/821 839/914/820
f 843/918/824 844/919/825 845/920/826 846/921/827
f 844/919/825 837/912/818 840/915/821 845/920/826
f 787/862/768 811/886/792 845/920/826 840/915/821
f 811/886/792 810/885/791 846/921/827 845/920/826
f 837/922/818 844/923/825 847/924/828 848/925/829
f 844/923/825 843/926/824 849/927/830 847/924/828
f 824/899/805 823/898/804 847/924/828 849/927/830
f 823/898/804 818/893/799 848/925/829 847/924/828
f 837/922/818 848/925/829 850/928/831 838/929/819
f 848/925/829 818/893/799 817/892/798 850/928/831
f 816/891/797 851/930/832 850/928/831 817/892/798
f 851/930/832 841/931/822 838/929/819 850/928/831
f 852/932/833 853/933/834 854/934/835 855/935/836
f 853/933/834 856/936/837 857/937/838 854/934/835
f 858/938/839 859/939/840 854/934/835 857/937/838
f 859/939/840 860/940/841 855/935/836 854/934/835
f 860/940/841 859/939/840 861/941/842 862/942/843
f 859/939/840 858/938/839 863/943/844 861/941/842
f 864/944/845 865/945/846 861/941/842 863/943/844
f 865/945/846 866/946/847 862/942/843 861/941/842
f 866/947/847 867/948/848 868/949/849 862/950/843
f 867/948/848 869/951/850 870/952/851 868/949/849
f 871/953/852 872/954/853 868/949/849 870/952/851
f 872/954/853 860/955/841 862/950/843 868/949/849
f 860/955/841 872/954/853 873/956/854 855/957/836
f 872/954/853 871/953/852 874/958/855 873/956/854
f 875/959/856 876/960/857 873/956/854 874/958/855
f 876/960/857 852/961/833 855/957/836 873/956/854
f 877/962/858 878/963/859 879/964/860 880/965/861
f 878/963/859 881/966/862 882/967/863 879/964/860
f 883/968/864 884/969/865 879/964/860 882/967/863
f 884/969/865 885/970/866 880/965/861 879/964/860
f 883/968/864 889/971/867 887/972/868 884/969/865
f 889/971/867 890/973/869 888/974/870 887/972/868
f 891/975/871 893/976/872 894/977/873 892/978/874
f 895/979/875 896/980/876 892/978/874 894/977/873
f 877/981/858 880/982/861 897/983/877 898/984/878
f 880/982/861 885/985/866 896/980/876 897/983/877
f 895/979/875 899/986/879 897/983/877 896/980/876
f 899/986/879 900/987/880 898/984/878 897/983/877
f 901/988/881 902/989/882 903/990/883 904/991/884
f 902/989/882 905/992/885 906/993/886 903/990/883
f 907/994/887 908/995/888 903/990/883 906/993/886
f 908/995/888 909/996/889 904/991/884 903/990/883
f 901/988/881 904/991/884 910/997/890 911/998/891
f 904/991/884 909/996/889 912/999/892 910/997/890
f 864/944/845 913/1000/893 910/997/890 912/999/892
f 913/1000/893 914/1001/894 911/998/891 910/997/890
f 901/988/881 911/998/891 915/1002/895 916/1003/896
f 911/998/891 914/1001/894 917/1004/897 915/1002/895
f 918/1005/898 919/1006/899 915/1002/895 917/1004/897
f 919/1006/899 920/1007/900 916/1003/896 915/1002/895
f 905/992/885 902/989/882 921/1008/901 922/1009/902
f 902/989/882 901/988/881 916/1003/896 921/1008/901
f 920/1007/900 923/1010/903 921/1008/901 916/1003/896
f 923/1010/903 924/1011/904 922/1009/902 921/1008/901
f 925/1012/905 926/1013/906 927/1014/907 928/1015/908
f 926/1013/906 929/1016/909 930/1017/910 927/1014/907
f 931/1018/911 932/1019/912 927/1014/907 930/1017/910
f 932/1019/912 933/1020/913 928/1015/908 927/1014/907
f 933/1020/913 932/1019/912 934/1021/914 935/1022/915
f 932/1019/912 931/1018/911 936/1023/916 934/1021/914
f 937/1024/917 938/1025/918 934/1021/914 936/1023/916
f 938/1025/918 939/1026/919 935/1022/915 934/1021/914
f 939/1026/919 940/1027/920 941/1028/921 935/1022/915
f 940/1027/920 869/951/850 942/1029/922 941/1028/921
f 943/1030/923 944/1031/924 941/1028/921 942/1029/922
f 944/1031/924 933/1020/913 935/1022/915 941/1028/921
f 933/1020/913 944/1031/924 945/1032/925 928/1015/908
f 944/1031/924 943/1030/923 946/1033/926 945/1032/925
f 947/1034/927 948/1035/928 945/1032/925 946/1033/926
f 948/1035/928 925/1012/905 928/1015/908 945/1032/925
f 949/1036/929 950/1037/930 951/1038/931 952/1039/932
f 950/1037/930 953/1040/933 954/1041/934 951/1038/931
f 924/1011/904 923/1010/903 951/1038/931 954/1041/934
f 923/1010/903 920/1007/900 952/1039/932 951/1038/931
f 955/1042/935 956/1043/936 957/1044/937 958/1045/938
f 956/1043/936 949/1036/929 952/1039/932 957/1044/937
f 920/1007/900 919/1006/899 957/1044/937 952/1039/932
f 919/1006/899 918/1005/898 958/1045/938 957/1044/937
f 949/1046/929 956/1047/936 959/1048/939 960/1049/940
f 956/1047/936 955/1050/935 961/1051/941 959/1048/939
f 937/1024/917 936/1023/916 959/1048/939 961/1051/941
f 936/1023/916 931/1018/911 960/1049/940 959/1048/939
f 953/1052/933 950/1053/930 962/1054/942 963/1055/943
f 950/1053/930 949/1046/929 960/1049/940 962/1054/942
f 931/1018/911 930/1017/910 962/1054/942 960/1049/940
f 930/1017/910 929/1016/909 963/1055/943 962/1054/942
f 964/1056/944 965/1057/945 966/1058/946 967/1059/947
f 965/1057/945 968/1060/948 969/1061/949 966/1058/946
f 970/1062/950 971/1063/951 966/1058/946 969/1061/949
f 971/1063/951 972/1064/952 967/1059/947 966/1058/946
f 972/1064/952 971/1063/951 973/1065/953 974/1066/954
f 971/1063/951 970/1062/950 975/1067/955 973/1065/953
f 976/1068/956 977/1069/957 973/1065/953 975/1067/955
f 977/1069/957 978/1070/958 974/1066/954 973/1065/953
f 978/1071/958 979/1072/959 980/1073/960 974/1074/954
f 979/1072/959 981/1075/961 982/1076/962 980/1073/960
f 983/1077/963 984/1078/964 980/1073/960 982/1076/962
f 984/1078/964 972/1079/952 974/1074/954 980/1073/960
f 972/1079/952 984/1078/964 985/1080/965 967/1081/947
f 984/1078/964 983/1077/963 986/1082/966 985/1080/965
f 987/1083/967 988/1084/968 985/1080/965 986/1082/966
f 988/1084/968 964/1085/944 967/1081/947 985/1080/965
f 989/1086/969 990/1087/970 991/1088/971 992/1089/972
f 990/1087/970 968/1060/948 993/1090/973 991/1088/971
f 994/1091/974 995/1092/975 991/1088/971 993/1090/973
f 995/1092/975 994/1091/974 998/1093/976 996/1094/977
f 999/1095/978 1000/1096/979 996/1094/977 998/1093/976
f 1004/1097/980 1005/1098/981 1001/1099/982 1003/1100/983
f 1005/1098/981 1006/1101/984 1002/1102/985 1001/1099/982
f 989/1086/969 992/1089/972 1007/1103/986 1008/1104/987
f 1006/1101/984 1009/1105/988 1007/1103/986 1002/1102/985
f 1009/1105/988 1010/1106/989 1008/1104/987 1007/1103/986
f 1011/1107/990 1012/1108/991 1013/1109/992 1014/1110/993
f 1012/1108/991 1015/1111/994 1016/1112/995 1013/1109/992
f 1017/1113/996 1018/1114/997 1013/1109/992 1016/1112/995
f 1018/1114/997 1019/1115/998 1014/1110/993 1013/1109/992
f 1019/1115/998 1018/1114/997 1020/1116/999 1021/1117/1000
f 1018/1114/997 1017/1113/996 1022/1118/1001 1020/1116/999
f 1023/1119/1002 1024/1120/1003 1020/1116/999 1022/1118/1001
f 1024/1120/1003 1025/1121/1004 1021/1117/1000 1020/1116/999
f 1019/1115/998 1021/1117/1000 1026/1122/1005 1027/1123/1006
f 1021/1117/1000 1025/1121/1004 1028/1124/1007 1026/1122/1005
f 1029/1125/1008 1030/1126/1009 1026/1122/1005 1028/1124/1007
f 1030/1126/1009 1031/1127/1010 1027/1123/1006 1026/1122/1005
f 1011/1107/990 1014/1110/993 1032/1128/1011 1033/1129/1012
f 1014/1110/993 1019/1115/998 1027/1123/1006 1032/1128/1011
f 1031/1127/1010 1034/1130/1013 1032/1128/1011 1027/1123/1006
f 1034/1130/1013 987/1083/967 1033/1129/1012 1032/1128/1011
f 1035/1131/1014 1036/1132/1015 1037/1133/1016 1038/1134/1017
f 1036/1132/1015 1039/1135/1018 1040/1136/1019 1037/1133/1016
f 1010/1106/989 1009/1105/988 1037/1133/1016 1040/1136/1019
f 1009/1105/988 1006/1101/984 1038/1134/1017 1037/1133/1016
f 1035/1131/1014 1038/1134/1017 1041/1137/1020 1042/1138/1021
f 1038/1134/1017 1006/1101/984 1005/1098/981 1041/1137/1020
f 1004/1097/980 1043/1139/1022 1041/1137/1020 1005/1098/981
f 1043/1139/1022 1044/1140/1023 1042/1138/1021 1041/1137/1020
f 1044/1141/1023 1045/1142/1024 1046/1143/1025 1042/1144/1021
f 1045/1142/1024 1023/1119/1002 1022/1118/1001 1046/1143/1025
f 1017/1113/996 1047/1145/1026 1046/1143/1025 1022/1118/1001
f 1047/1145/1026 1035/1146/1014 1042/1144/1021 1046/1143/1025
f 1035/1146/1014 1047/1145/1026 1048/1147/1027 1036/1148/1015
f 1047/1145/1026 1017/1113/996 1016/1112/995 1048/1147/1027
f 1015/1111/994 1049/1149/1028 1048/1147/1027 1016/1112/995
f 1049/1149/1028 1039/1150/1018 1036/1148/1015 1048/1147/1027
f 1050/1151/1029 1051/1152/1030 1052/1153/1031 1053/1154/1032
f 1051/1152/1030 1054/1155/1033 1055/1156/1034 1052/1153/1031
f 907/994/887 1056/1157/1035 1052/1153/1031 1055/1156/1034
f 1056/1157/1035 1057/1158/1036 1053/1154/1032 1052/1153/1031
f 1058/1159/1037 1059/1160/1038 1060/1161/1039 1061/1162/1040
f 1059/1160/1038 1050/1151/1029 1053/1154/1032 1060/1161/1039
f 1057/1158/1036 1062/1163/1041 1060/1161/1039 1053/1154/1032
f 1062/1163/1041 1063/1164/1042 1061/1162/1040 1060/1161/1039
f 1058/1165/1037 1064/1166/1043 1065/1167/1044 1059/1168/1038
f 1064/1166/1043 1066/1169/1045 1067/1170/1046 1065/1167/1044
f 1068/1171/1047 1069/1172/1048 1065/1167/1044 1067/1170/1046
f 1069/1172/1048 1050/1173/1029 1059/1168/1038 1065/1167/1044
f 1054/1174/1033 1051/1175/1030 1070/1176/1049 1071/1177/1050
f 1051/1175/1030 1050/1173/1029 1069/1172/1048 1070/1176/1049
f 1068/1171/1047 1072/1178/1051 1070/1176/1049 1069/1172/1048
f 1072/1178/1051 947/1034/927 1071/1177/1050 1070/1176/1049
f 1073/1179/1052 1074/1180/1053 1075/1181/1054 1076/1182/1055
f 1074/1180/1053 1077/1183/1056 1078/1184/1057 1075/1181/1054
f 1063/1164/1042 1062/1163/1041 1075/1181/1054 1078/1184/1057
f 1062/1163/1041 1057/1158/1036 1076/1182/1055 1075/1181/1054
f 905/992/885 1079/1185/1058 1080/1186/1059 906/993/886
f 1079/1185/1058 1073/1179/1052 1076/1182/1055 1080/1186/1059
f 1057/1158/1036 1056/1157/1035 1080/1186/1059 1076/1182/1055
f 1056/1157/1035 907/994/887 906/993/886 1080/1186/1059
f 905/992/885 922/1009/902 1081/1187/1060 1079/1185/1058
f 922/1009/902 924/1011/904 1082/1188/1061 1081/1187/1060
f 1083/1189/1062 1084/1190/1063 1081/1187/1060 1082/1188/1061
f 1084/1190/1063 1073/1179/1052 1079/1185/1058 1081/1187/1060
f 1073/1179/1052 1084/1190/1063 1085/1191/1064 1074/1180/1053
f 1084/1190/1063 1083/1189/1062 1086/1192/1065 1085/1191/1064
f 1087/1193/1066 1088/1194/1067 1085/1191/1064 1086/1192/1065
f 1088/1194/1067 1077/1183/1056 1074/1180/1053 1085/1191/1064
f 1089/1195/1068 1090/1196/1069 1091/1197/1070 1092/1198/1071
f 1090/1196/1069 1093/1199/1072 1094/1200/1073 1091/1197/1070
f 1095/1201/1074 1096/1202/1075 1091/1197/1070 1094/1200/1073
f 1096/1202/1075 1097/1203/1076 1092/1198/1071 1091/1197/1070
f 925/1012/905 1098/1204/1077 1099/1205/1078 926/1013/906
f 1098/1204/1077 1089/1195/1068 1092/1198/1071 1099/1205/1078
f 1097/1203/1076 1100/1206/1079 1099/1205/1078 1092/1198/1071
f 1100/1206/1079 929/1016/909 926/1013/906 1099/1205/1078
f 1089/1195/1068 1098/1204/1077 1101/1207/1080 1102/1208/1081
f 1098/1204/1077 925/1012/905 948/1035/928 1101/1207/1080
f 947/1034/927 1072/1178/1051 1101/1207/1080 948/1035/928
f 1072/1178/1051 1068/1171/1047 1102/1208/1081 1101/1207/1080
f 1093/1199/1072 1090/1196/1069 1103/1209/1082 1104/1210/1083
f 1090/1196/1069 1089/1195/1068 1102/1208/1081 1103/1209/1082
f 1068/1171/1047 1067/1170/1046 1103/1209/1082 1102/1208/1081
f 1067/1170/1046 1066/1169/1045 1104/1210/1083 1103/1209/1082
f 1105/1211/1084 1106/1212/1085 1107/1213/1086 1108/1214/1087
f 1106/1212/1085 1087/1193/1066 1086/1192/1065 1107/1213/1086
f 1083/1189/1062 1109/1215/1088 1107/1213/1086 1086/1192/1065
f 1109/1215/1088 1110/1216/1089 1108/1214/1087 1107/1213/1086
f 1110/1216/1089 1109/1215/1088 1111/1217/1090 1112/1218/1091
f 1109/1215/1088 1083/1189/1062 1082/1188/1061 1111/1217/1090
f 924/1011/904 954/1041/934 1111/1217/1090 1082/1188/1061
f 954/1041/934 953/1040/933 1112/1218/1091 1111/1217/1090
f 1110/1219/1089 1112/1220/1091 1113/1221/1092 1114/1222/1093
f 1112/1220/1091 953/1052/933 963/1055/943 1113/1221/1092
f 929/1016/909 1100/1206/1079 1113/1221/1092 963/1055/943
f 1100/1206/1079 1097/1203/1076 1114/1222/1093 1113/1221/1092
f 1105/1223/1084 1108/1224/1087 1115/1225/1094 1116/1226/1095
f 1108/1224/1087 1110/1219/1089 1114/1222/1093 1115/1225/1094
f 1097/1203/1076 1096/1202/1075 1115/1225/1094 1114/1222/1093
f 1096/1202/1075 1095/1201/1074 1116/1226/1095 1115/1225/1094
f 1117/1227/1096 1118/1228/1097 1119/1229/1098 1120/1230/1099
f 1118/1228/1097 1121/1231/1100 1122/1232/1101 1119/1229/1098
f 999/1095/978 998/1093/976 1119/1229/1098 1122/1232/1101
f 998/1093/976 994/1091/974 1120/1230/1099 1119/1229/1098
f 1117/1227/1096 1120/1230/1099 1123/1233/1102 1124/1234/1103
f 1120/1230/1099 994/1091/974 993/1090/973 1123/1233/1102
f 968/1060/948 965/1057/945 1123/1233/1102 993/1090/973
f 965/1057/945 964/1056/944 1124/1234/1103 1123/1233/1102
f 1117/1235/1096 1124/1236/1103 1125/1237/1104 1126/1238/1105
f 1124/1236/1103 964/1085/944 988/1084/968 1125/1237/1104
f 987/1083/967 1034/1130/1013 1125/1237/1104 988/1084/968
f 1034/1130/1013 1031/1127/1010 1126/1238/1105 1125/1237/1104
f 1121/1239/1100 1118/1240/1097 1127/1241/1106 1128/1242/1107
f 1118/1240/1097 1117/1235/1096 1126/1238/1105 1127/1241/1106
f 1031/1127/1010 1030/1126/1009 1127/1241/1106 1126/1238/1105
f 1030/1126/1009 1029/1125/1008 1128/1242/1107 1127/1241/1106
f 1000/1096/979 999/1095/978 1131/1243/1108 1129/1244/1109
f 1132/1245/1110 1133/1246/1111 1129/1244/1109 1131/1243/1108
f 1133/1246/1111 1134/1247/1112 1130/1248/1113 1129/1244/1109
f 1077/1183/1056 1135/1249/1114 1136/1250/1115 1078/1184/1057
f 1135/1249/1114 1134/1247/1112 1133/1246/1111 1136/1250/1115
f 1132/1245/1110 1137/1251/1116 1136/1250/1115 1133/1246/1111
f 1137/1251/1116 1063/1164/1042 1078/1184/1057 1136/1250/1115
f 1077/1183/1056 1088/1194/1067 1138/1252/1117 1135/1249/1114
f 1088/1194/1067 1087/1193/1066 1139/1253/1118 1138/1252/1117
f 1140/1254/1119 1141/1255/1120 1138/1252/1117 1139/1253/1118
f 1141/1255/1120 1134/1247/1112 1135/1249/1114 1138/1252/1117
f 1134/1247/1112 1141/1255/1120 1142/1256/1121 1130/1248/1113
f 1141/1255/1120 1140/1254/1119 1143/1257/1122 1142/1256/1121
f 1004/1097/980 1003/1100/983 1142/1256/1121 1143/1257/1122
f 1025/1121/1004 1024/1120/1003 1144/1258/1123 1145/1259/1124
f 1024/1120/1003 1023/1119/1002 1146/1260/1125 1144/1258/1123
f 1147/1261/1126 1148/1262/1127 1144/1258/1123 1146/1260/1125
f 1148/1262/1127 1149/1263/1128 1145/1259/1124 1144/1258/1123
f 1149/1263/1128 1148/1262/1127 1150/1264/1129 1151/1265/1130
f 1148/1262/1127 1147/1261/1126 1152/1266/1131 1150/1264/1129
f 1095/1201/1074 1094/1200/1073 1150/1264/1129 1152/1266/1131
f 1094/1200/1073 1093/1199/1072 1151/1265/1130 1150/1264/1129
f 1149/1263/1128 1151/1265/1130 1153/1267/1132 1154/1268/1133
f 1151/1265/1130 1093/1199/1072 1104/1210/1083 1153/1267/1132
f 1066/1169/1045 1155/1269/1134 1153/1267/1132 1104/1210/1083
f 1155/1269/1134 1156/1270/1135 1154/1268/1133 1153/1267/1132
f 1025/1121/1004 1145/1259/1124 1157/1271/1136 1028/1124/1007
f 1145/1259/1124 1149/1263/1128 1154/1268/1133 1157/1271/1136
f 1156/1270/1135 1158/1272/1137 1157/1271/1136 1154/1268/1133
f 1158/1272/1137 1029/1125/1008 1028/1124/1007 1157/1271/1136
f 1044/1140/1023 1043/1139/1022 1159/1273/1138 1160/1274/1139
f 1043/1139/1022 1004/1097/980 1143/1257/1122 1159/1273/1138
f 1140/1254/1119 1161/1275/1140 1159/1273/1138 1143/1257/1122
f 1161/1275/1140 1162/1276/1141 1160/1274/1139 1159/1273/1138
f 1162/1276/1141 1161/1275/1140 1163/1277/1142 1164/1278/1143
f 1161/1275/1140 1140/1254/1119 1139/1253/1118 1163/1277/1142
f 1087/1193/1066 1106/1212/1085 1163/1277/1142 1139/1253/1118
f 1106/1212/1085 1105/1211/1084 1164/1278/1143 1163/1277/1142
f 1105/1223/1084 1116/1226/1095 1165/1279/1144 1164/1280/1143
f 1116/1226/1095 1095/1201/1074 1152/1266/1131 1165/1279/1144
f 1147/1261/1126 1166/1281/1145 1165/1279/1144 1152/1266/1131
f 1166/1281/1145 1162/1282/1141 1164/1280/1143 1165/1279/1144
f 1162/1282/1141 1166/1281/1145 1167/1283/1146 1160/1284/1139
f 1166/1281/1145 1147/1261/1126 1146/1260/1125 1167/1283/1146
f 1023/1119/1002 1045/1142/1024 1167/1283/1146 1146/1260/1125
f 1045/1142/1024 1044/1141/1023 1160/1284/1139 1167/1283/1146
f 1168/1285/1147 1169/1286/1148 1170/1287/1149 1171/1288/1150
f 1169/1286/1148 1058/1159/1037 1061/1162/1040 1170/1287/1149
f 1063/1164/1042 1137/1251/1116 1170/1287/1149 1061/1162/1040
f 1137/1251/1116 1132/1245/1110 1171/1288/1150 1170/1287/1149
f 1121/1231/1100 1172/1289/1151 1173/1290/1152 1122/1232/1101
f 1172/1289/1151 1168/1285/1147 1171/1288/1150 1173/1290/1152
f 1132/1245/1110 1131/1243/1108 1173/1290/1152 1171/1288/1150
f 1131/1243/1108 999/1095/978 1122/1232/1101 1173/1290/1152
f 1168/1291/1147 1172/1292/1151 1174/1293/1153 1175/1294/1154
f 1172/1292/1151 1121/1239/1100 1128/1242/1107 1174/1293/1153
f 1029/1125/1008 1158/1272/1137 1174/1293/1153 1128/1242/1107
f 1158/1272/1137 1156/1270/1135 1175/1294/1154 1174/1293/1153
f 1058/1165/1037 1169/1295/1148 1176/1296/1155 1064/1166/1043
f 1169/1295/1148 1168/1291/1147 1175/1294/1154 1176/1296/1155
f 1156/1270/1135 1155/1269/1134 1176/1296/1155 1175/1294/1154
f 1155/1269/1134 1066/1169/1045 1064/1166/1043 1176/1296/1155
f 866/946/847 865/945/846 1177/1297/1156 1178/1298/1157
f 865/945/846 864/944/845 912/999/892 1177/1297/1156
f 909/996/889 1179/1299/1158 1177/1297/1156 912/999/892
f 1179/1299/1158 1180/1300/1159 1178/1298/1157 1177/1297/1156
f 1054/1155/1033 1181/1301/1160 1182/1302/1161 1055/1156/1034
f 1181/1301/1160 1180/1300/1159 1179/1299/1158 1182/1302/1161
f 909/996/889 908/995/888 1182/1302/1161 1179/1299/1158
f 908/995/888 907/994/887 1055/1156/1034 1182/1302/1161
f 1180/1303/1159 1181/1304/1160 1183/1305/1162 1184/1306/1163
f 1181/1304/1160 1054/1174/1033 1071/1177/1050 1183/1305/1162
f 947/1034/927 946/1033/926 1183/1305/1162 1071/1177/1050
f 946/1033/926 943/1030/923 1184/1306/1163 1183/1305/1162
f 1180/1303/1159 1184/1306/1163 1185/1307/1164 1178/1308/1157
f 1184/1306/1163 943/1030/923 942/1029/922 1185/1307/1164
f 869/951/850 867/948/848 1185/1307/1164 942/1029/922
f 867/948/848 866/947/847 1178/1308/1157 1185/1307/1164
f 914/1001/894 913/1000/893 1186/1309/1165 1187/1310/1166
f 913/1000/893 864/944/845 863/943/844 1186/1309/1165
f 858/938/839 1188/1311/1167 1186/1309/1165 863/943/844
f 1188/1311/1167 1189/1312/1168 1187/1310/1166 1186/1309/1165
f 1190/1313/1169 1191/1314/1170 1192/1315/1171 1193/1316/1172
f 1191/1314/1170 1189/1312/1168 1188/1311/1167 1192/1315/1171
f 858/938/839 857/937/838 1192/1315/1171 1188/1311/1167
f 857/937/838 856/936/837 1193/1316/1172 1192/1315/1171
f 1189/1312/1168 1191/1314/1170 1194/1317/1173 1195/1318/1174
f 1191/1314/1170 1190/1313/1169 1196/1319/1175 1194/1317/1173
f 1197/1320/1176 1198/1321/1177 1194/1317/1173 1196/1319/1175
f 1198/1321/1177 1199/1322/1178 1195/1318/1174 1194/1317/1173
f 914/1001/894 1187/1310/1166 1200/1323/1179 917/1004/897
f 1187/1310/1166 1189/1312/1168 1195/1318/1174 1200/1323/1179
f 1199/1322/1178 1201/1324/1180 1200/1323/1179 1195/1318/1174
f 1201/1324/1180 918/1005/898 917/1004/897 1200/1323/1179
f 939/1026/919 938/1025/918 1202/1325/1181 1203/1326/1182
f 938/1025/918 937/1024/917 1204/1327/1183 1202/1325/1181
f 1205/1328/1184 1206/1329/1185 1202/1325/1181 1204/1327/1183
f 1206/1329/1185 1207/1330/1186 1203/1326/1182 1202/1325/1181
f 1208/1331/1187 1209/1332/1188 1210/1333/1189 1211/1334/1190
f 1209/1332/1188 1207/1330/1186 1206/1329/1185 1210/1333/1189
f 1205/1328/1184 1212/1335/1191 1210/1333/1189 1206/1329/1185
f 1212/1335/1191 1213/1336/1192 1211/1334/1190 1210/1333/1189
f 1208/1331/1187 1214/1337/1193 1215/1338/1194 1209/1332/1188
f 1214/1337/1193 875/959/856 874/958/855 1215/1338/1194
f 871/953/852 1216/1339/1195 1215/1338/1194 874/958/855
f 1216/1339/1195 1207/1330/1186 1209/1332/1188 1215/1338/1194
f 1207/1330/1186 1216/1339/1195 1217/1340/1196 1203/1326/1182
f 1216/1339/1195 871/953/852 870/952/851 1217/1340/1196
f 869/951/850 940/1027/920 1217/1340/1196 870/952/851
f 940/1027/920 939/1026/919 1203/1326/1182 1217/1340/1196
f 1218/1341/1197 1219/1342/1198 1220/1343/1199 1221/1344/1200
f 1219/1342/1198 955/1042/935 958/1045/938 1220/1343/1199
f 918/1005/898 1201/1324/1180 1220/1343/1199 958/1045/938
f 1201/1324/1180 1199/1322/1178 1221/1344/1200 1220/1343/1199
f 1222/1345/1201 1223/1346/1202 1224/1347/1203 1225/1348/1204
f 1223/1346/1202 1218/1341/1197 1221/1344/1200 1224/1347/1203
f 1199/1322/1178 1198/1321/1177 1224/1347/1203 1221/1344/1200
f 1198/1321/1177 1197/1320/1176 1225/1348/1204 1224/1347/1203
f 1218/1349/1197 1223/1350/1202 1226/1351/1205 1227/1352/1206
f 1223/1350/1202 1222/1353/1201 1228/1354/1207 1226/1351/1205
f 1213/1336/1192 1212/1335/1191 1226/1351/1205 1228/1354/1207
f 1212/1335/1191 1205/1328/1184 1227/1352/1206 1226/1351/1205
f 955/1050/935 1219/1355/1198 1229/1356/1208 961/1051/941
f 1219/1355/1198 1218/1349/1197 1227/1352/1206 1229/1356/1208
f 1205/1328/1184 1204/1327/1183 1229/1356/1208 1227/1352/1206
f 1204/1327/1183 937/1024/917 961/1051/941 1229/1356/1208
f 1230/1357/1209 1231/1358/1210 1232/1359/1211 1233/1360/1212
f 1231/1358/1210 1234/1361/1213 1235/1362/1214 1232/1359/1211
f 1236/1363/1215 1237/1364/1216 1232/1359/1211 1235/1362/1214
f 1237/1364/1216 1238/1365/1217 1233/1360/1212 1232/1359/1211
f 1239/1366/1218 1240/1367/1219 1241/1368/1220 1242/1369/1221
f 1240/1367/1219 1230/1357/1209 1233/1360/1212 1241/1368/1220
f 1238/1365/1217 1243/1370/1222 1241/1368/1220 1233/1360/1212
f 1243/1370/1222 976/1068/956 1242/1369/1221 1241/1368/1220
f 1230/1357/1209 1240/1367/1219 1244/1371/1223 1245/1372/1224
f 1240/1367/1219 1239/1366/1218 1246/1373/1225 1244/1371/1223
f 1247/1374/1226 1248/1375/1227 1244/1371/1223 1246/1373/1225
f 1248/1375/1227 1249/1376/1228 1245/1372/1224 1244/1371/1223
f 1234/1361/1213 1231/1358/1210 1250/1377/1229 1251/1378/1230
f 1231/1358/1210 1230/1357/1209 1245/1372/1224 1250/1377/1229
f 1249/1376/1228 1252/1379/1231 1250/1377/1229 1245/1372/1224
f 1252/1379/1231 1253/1380/1232 1251/1378/1230 1250/1377/1229
f 1254/1381/1233 1255/1382/1234 1256/1383/1235 1257/1384/1236
f 1255/1382/1234 1258/1385/1237 1259/1386/1238 1256/1383/1235
f 1260/1387/1239 1261/1388/1240 1256/1383/1235 1259/1386/1238
f 1261/1388/1240 1262/1389/1241 1257/1384/1236 1256/1383/1235
f 1262/1389/1241 1261/1388/1240 1263/1390/1242 1264/1391/1243
f 1261/1388/1240 1260/1387/1239 1265/1392/1244 1263/1390/1242
f 1266/1393/1245 1267/1394/1246 1263/1390/1242 1265/1392/1244
f 1267/1394/1246 1268/1395/1247 1264/1391/1243 1263/1390/1242
f 1268/1395/1247 1269/1396/1248 1270/1397/1249 1264/1391/1243
f 1269/1396/1248 981/1075/961 1271/1398/1250 1270/1397/1249
f 1272/1399/1251 1273/1400/1252 1270/1397/1249 1271/1398/1250
f 1273/1400/1252 1262/1389/1241 1264/1391/1243 1270/1397/1249
f 1262/1389/1241 1273/1400/1252 1274/1401/1253 1257/1384/1236
f 1273/1400/1252 1272/1399/1251 1275/1402/1254 1274/1401/1253
f 1276/1403/1255 1277/1404/1256 1274/1401/1253 1275/1402/1254
f 1277/1404/1256 1254/1381/1233 1257/1384/1236 1274/1401/1253
f 1278/1405/1257 1279/1406/1258 1280/1407/1259 1281/1408/1260
f 1279/1406/1258 1282/1409/1261 1283/1410/1262 1280/1407/1259
f 1253/1380/1232 1252/1379/1231 1280/1407/1259 1283/1410/1262
f 1252/1379/1231 1249/1376/1228 1281/1408/1260 1280/1407/1259
f 1284/1411/1263 1285/1412/1264 1286/1413/1265 1287/1414/1266
f 1285/1412/1264 1278/1405/1257 1281/1408/1260 1286/1413/1265
f 1249/1376/1228 1248/1375/1227 1286/1413/1265 1281/1408/1260
f 1248/1375/1227 1247/1374/1226 1287/1414/1266 1286/1413/1265
f 1278/1415/1257 1285/1416/1264 1288/1417/1267 1289/1418/1268
f 1285/1416/1264 1284/1419/1263 1290/1420/1269 1288/1417/1267
f 1266/1393/1245 1265/1392/1244 1288/1417/1267 1290/1420/1269
f 1265/1392/1244 1260/1387/1239 1289/1418/1268 1288/1417/1267
f 1282/1421/1261 1279/1422/1258 1291/1423/1270 1292/1424/1271
f 1279/1422/1258 1278/1415/1257 1289/1418/1268 1291/1423/1270
f 1260/1387/1239 1259/1386/1238 1291/1423/1270 1289/1418/1268
f 1259/1386/1238 1258/1385/1237 1292/1424/1271 1291/1423/1270
f 1293/1425/1272 1294/1426/1273 1295/1427/1274 1296/1428/1275
f 1294/1426/1273 1236/1363/1215 1297/1429/1276 1295/1427/1274
f 1298/1430/1277 1299/1431/1278 1295/1427/1274 1297/1429/1276
f 1299/1431/1278 1300/1432/1279 1296/1428/1275 1295/1427/1274
f 1301/1433/1280 1302/1434/1281 1303/1435/1282 1304/1436/1283
f 1302/1434/1281 1300/1432/1279 1299/1431/1278 1303/1435/1282
f 1298/1430/1277 1305/1437/1284 1303/1435/1282 1299/1431/1278
f 1305/1437/1284 805/880/786 1304/1436/1283 1303/1435/1282
f 1301/1438/1280 1306/1439/1285 1307/1440/1286 1302/1441/1281
f 1306/1439/1285 830/905/811 1308/1442/1287 1307/1440/1286
f 1309/1443/1288 1310/1444/1289 1307/1440/1286 1308/1442/1287
f 1310/1444/1289 1300/1445/1279 1302/1441/1281 1307/1440/1286
f 1300/1445/1279 1310/1444/1289 1311/1446/1290 1296/1447/1275
f 1310/1444/1289 1309/1443/1288 1312/1448/1291 1311/1446/1290
f 1276/1403/1255 1313/1449/1292 1311/1446/1290 1312/1448/1291
f 1313/1449/1292 1293/1450/1272 1296/1447/1275 1311/1446/1290
f 1314/1451/1293 1315/1452/1294 1316/1453/1295 1317/1454/1296
f 1315/1452/1294 807/882/788 806/881/787 1316/1453/1295
f 805/880/786 1305/1437/1284 1316/1453/1295 806/881/787
f 1305/1437/1284 1298/1430/1277 1317/1454/1296 1316/1453/1295
f 1234/1361/1213 1318/1455/1297 1319/1456/1298 1235/1362/1214
f 1318/1455/1297 1314/1451/1293 1317/1454/1296 1319/1456/1298
f 1298/1430/1277 1297/1429/1276 1319/1456/1298 1317/1454/1296
f 1297/1429/1276 1236/1363/1215 1235/1362/1214 1319/1456/1298
f 1314/1451/1293 1318/1455/1297 1320/1457/1299 1321/1458/1300
f 1318/1455/1297 1234/1361/1213 1251/1378/1230 1320/1457/1299
f 1253/1380/1232 1322/1459/1301 1320/1457/1299 1251/1378/1230
f 1322/1459/1301 1323/1460/1302 1321/1458/1300 1320/1457/1299
f 1314/1451/1293 1321/1458/1300 1324/1461/1303 1315/1452/1294
f 1321/1458/1300 1323/1460/1302 1325/1462/1304 1324/1461/1303
f 810/885/791 809/884/790 1324/1461/1303 1325/1462/1304
f 809/884/790 807/882/788 1315/1452/1294 1324/1461/1303
f 1326/1463/1305 1327/1464/1306 1328/1465/1307 1329/1466/1308
f 1327/1464/1306 826/901/807 825/900/806 1328/1465/1307
f 824/899/805 1330/1467/1309 1328/1465/1307 825/900/806
f 1330/1467/1309 1331/1468/1310 1329/1466/1308 1328/1465/1307
f 1254/1381/1233 1332/1469/1311 1333/1470/1312 1255/1382/1234
f 1332/1469/1311 1326/1463/1305 1329/1466/1308 1333/1470/1312
f 1331/1468/1310 1334/1471/1313 1333/1470/1312 1329/1466/1308
f 1334/1471/1313 1258/1385/1237 1255/1382/1234 1333/1470/1312
f 1254/1381/1233 1277/1404/1256 1335/1472/1314 1332/1469/1311
f 1277/1404/1256 1276/1403/1255 1312/1448/1291 1335/1472/1314
f 1309/1443/1288 1336/1473/1315 1335/1472/1314 1312/1448/1291
f 1336/1473/1315 1326/1463/1305 1332/1469/1311 1335/1472/1314
f 1326/1463/1305 1336/1473/1315 1337/1474/1316 1327/1464/1306
f 1336/1473/1315 1309/1443/1288 1308/1442/1287 1337/1474/1316
f 830/905/811 829/904/810 1337/1474/1316 1308/1442/1287
f 829/904/810 826/901/807 1327/1464/1306 1337/1474/1316
f 843/918/824 846/921/827 1338/1475/1317 1339/1476/1318
f 846/921/827 810/885/791 1325/1462/1304 1338/1475/1317
f 1323/1460/1302 1340/1477/1319 1338/1475/1317 1325/1462/1304
f 1340/1477/1319 1341/1478/1320 1339/1476/1318 1338/1475/1317
f 1282/1409/1261 1342/1479/1321 1343/1480/1322 1283/1410/1262
f 1342/1479/1321 1341/1478/1320 1340/1477/1319 1343/1480/1322
f 1323/1460/1302 1322/1459/1301 1343/1480/1322 1340/1477/1319
f 1322/1459/1301 1253/1380/1232 1283/1410/1262 1343/1480/1322
f 1341/1481/1320 1342/1482/1321 1344/1483/1323 1345/1484/1324
f 1342/1482/1321 1282/1421/1261 1292/1424/1271 1344/1483/1323
f 1258/1385/1237 1334/1471/1313 1344/1483/1323 1292/1424/1271
f 1334/1471/1313 1331/1468/1310 1345/1484/1324 1344/1483/1323
f 843/926/824 1339/1485/1318 1346/1486/1325 849/927/830
f 1339/1485/1318 1341/1481/1320 1345/1484/1324 1346/1486/1325
f 1331/1468/1310 1330/1467/1309 1346/1486/1325 1345/1484/1324
f 1330/1467/1309 824/899/805 849/927/830 1346/1486/1325
f 1301/1433/1280 1304/1436/1283 1347/1487/1326 1348/1488/1327
f 1304/1436/1283 805/880/786 804/879/785 1347/1487/1326
f 796/871/777 1349/1489/1328 1347/1487/1326 804/879/785
f 1349/1489/1328 1350/1490/1329 1348/1488/1327 1347/1487/1326
f 1350/1490/1329 1349/1489/1328 1351/1491/1330 1352/1492/1331
f 1349/1489/1328 796/871/777 799/874/780 1351/1491/1330
f 801/876/782 1353/1493/1332 1351/1491/1330 799/874/780
f 1353/1493/1332 1354/1494/1333 1352/1492/1331 1351/1491/1330
f 1350/1495/1329 1352/1496/1331 1355/1497/1334 1356/1498/1335
f 1352/1496/1331 1354/1499/1333 1357/1500/1336 1355/1497/1334
f 836/911/817 835/910/816 1355/1497/1334 1357/1500/1336
f 835/910/816 832/907/813 1356/1498/1335 1355/1497/1334
f 1350/1495/1329 1356/1498/1335 1358/1501/1337 1348/1502/1327
f 1356/1498/1335 832/907/813 831/906/812 1358/1501/1337
f 830/905/811 1306/1439/1285 1358/1501/1337 831/906/812
f 1306/1439/1285 1301/1438/1280 1348/1502/1327 1358/1501/1337
f 978/1070/958 977/1069/957 1359/1503/1338 1360/1504/1339
f 977/1069/957 976/1068/956 1243/1370/1222 1359/1503/1338
f 1238/1365/1217 1361/1505/1340 1359/1503/1338 1243/1370/1222
f 1361/1505/1340 1362/1506/1341 1360/1504/1339 1359/1503/1338
f 1362/1506/1341 1361/1505/1340 1363/1507/1342 1364/1508/1343
f 1361/1505/1340 1238/1365/1217 1237/1364/1216 1363/1507/1342
f 1236/1363/1215 1294/1426/1273 1363/1507/1342 1237/1364/1216
f 1294/1426/1273 1293/1425/1272 1364/1508/1343 1363/1507/1342
f 1293/1450/1272 1313/1449/1292 1365/1509/1344 1364/1510/1343
f 1313/1449/1292 1276/1403/1255 1275/1402/1254 1365/1509/1344
f 1272/1399/1251 1366/1511/1345 1365/1509/1344 1275/1402/1254
f 1366/1511/1345 1362/1512/1341 1364/1510/1343 1365/1509/1344
f 1362/1512/1341 1366/1511/1345 1367/1513/1346 1360/1514/1339
f 1366/1511/1345 1272/1399/1251 1271/1398/1250 1367/1513/1346
f 981/1075/961 979/1072/959 1367/1513/1346 1271/1398/1250
f 979/1072/959 978/1071/958 1360/1514/1339 1367/1513/1346
f 1239/1366/1218 1242/1369/1221 1368/1515/1347 1369/1516/1348
f 1242/1369/1221 976/1068/956 975/1067/955 1368/1515/1347
f 970/1062/950 1370/1517/1349 1368/1515/1347 975/1067/955
f 1370/1517/1349 1371/1518/1350 1369/1516/1348 1368/1515/1347
f 1371/1518/1350 1370/1517/1349 1372/1519/1351 1373/1520/1352
f 1370/1517/1349 970/1062/950 969/1061/949 1372/1519/1351
f 968/1060/948 990/1087/970 1372/1519/1351 969/1061/949
f 990/1087/970 989/1086/969 1373/1520/1352 1372/1519/1351
f 1371/1518/1350 1373/1520/1352 1374/1521/1353 1375/1522/1354
f 1373/1520/1352 989/1086/969 1008/1104/987 1374/1521/1353
f 1010/1106/989 1376/1523/1355 1374/1521/1353 1008/1104/987
f 1376/1523/1355 1377/1524/1356 1375/1522/1354 1374/1521/1353
f 1239/1366/1218 1369/1516/1348 1378/1525/1357 1246/1373/1225
f 1369/1516/1348 1371/1518/1350 1375/1522/1354 1378/1525/1357
f 1377/1524/1356 1379/1526/1358 1378/1525/1357 1375/1522/1354
f 1379/1526/1358 1247/1374/1226 1246/1373/1225 1378/1525/1357
f 1268/1395/1247 1267/1394/1246 1380/1527/1359 1381/1528/1360
f 1267/1394/1246 1266/1393/1245 1382/1529/1361 1380/1527/1359
f 1383/1530/1362 1384/1531/1363 1380/1527/1359 1382/1529/1361
f 1384/1531/1363 1385/1532/1364 1381/1528/1360 1380/1527/1359
f 1011/1107/990 1386/1533/1365 1387/1534/1366 1012/1108/991
f 1386/1533/1365 1385/1532/1364 1384/1531/1363 1387/1534/1366
f 1383/1530/1362 1388/1535/1367 1387/1534/1366 1384/1531/1363
f 1388/1535/1367 1015/1111/994 1012/1108/991 1387/1534/1366
f 1011/1107/990 1033/1129/1012 1389/1536/1368 1386/1533/1365
f 1033/1129/1012 987/1083/967 986/1082/966 1389/1536/1368
f 983/1077/963 1390/1537/1369 1389/1536/1368 986/1082/966
f 1390/1537/1369 1385/1532/1364 1386/1533/1365 1389/1536/1368
f 1385/1532/1364 1390/1537/1369 1391/1538/1370 1381/1528/1360
f 1390/1537/1369 983/1077/963 982/1076/962 1391/1538/1370
f 981/1075/961 1269/1396/1248 1391/1538/1370 982/1076/962
f 1269/1396/1248 1268/1395/1247 1381/1528/1360 1391/1538/1370
f 1392/1539/1371 1393/1540/1372 1394/1541/1373 1395/1542/1374
f 1393/1540/1372 1284/1411/1263 1287/1414/1266 1394/1541/1373
f 1247/1374/1226 1379/1526/1358 1394/1541/1373 1287/1414/1266
f 1379/1526/1358 1377/1524/1356 1395/1542/1374 1394/1541/1373
f 1039/1135/1018 1396/1543/1375 1397/1544/1376 1040/1136/1019
f 1396/1543/1375 1392/1539/1371 1395/1542/1374 1397/1544/1376
f 1377/1524/1356 1376/1523/1355 1397/1544/1376 1395/1542/1374
f 1376/1523/1355 1010/1106/989 1040/1136/1019 1397/1544/1376
f 1392/1545/1371 1396/1546/1375 1398/1547/1377 1399/1548/1378
f 1396/1546/1375 1039/1150/1018 1049/1149/1028 1398/1547/1377
f 1015/1111/994 1388/1535/1367 1398/1547/1377 1049/1149/1028
f 1388/1535/1367 1383/1530/1362 1399/1548/1378 1398/1547/1377
f 1284/1419/1263 1393/1549/1372 1400/1550/1379 1290/1420/1269
f 1393/1549/1372 1392/1545/1371 1399/1548/1378 1400/1550/1379
f 1383/1530/1362 1382/1529/1361 1400/1550/1379 1399/1548/1378
f 1382/1529/1361 1266/1393/1245 1290/1420/1269 1400/1550/1379
f 1401/1551/1380 1402/1552/1381 1403/1553/1382 1404/1554/1383
f 1402/1552/1381 1405/1555/1384 1406/1556/1385 1403/1553/1382
f 801/876/782 800/875/781 1403/1553/1382 1406/1556/1385
f 800/875/781 793/868/774 1404/1554/1383 1403/1553/1382
f 1401/1551/1380 1404/1554/1383 1407/1557/1386 1408/1558/1387
f 1404/1554/1383 793/868/774 792/867/773 1407/1557/1386
f 791/866/772 1409/1559/1388 1407/1557/1386 792/867/773
f 1401/1551/1380 1408/1558/1387 1410/1560/1389 1411/1561/1390
f 1401/1551/1380 1411/1561/1390 1414/1562/1391 1402/1552/1381
f 1416/1563/1392 1417/1564/1393 1414/1562/1391 1415/1565/1394
f 1417/1564/1393 1405/1555/1384 1402/1552/1381 1414/1562/1391
f 1409/1559/1388 791/866/772 842/917/823 1418/1566/1395
f 841/916/822 1420/1567/1396 1418/1566/1395 842/917/823
f 1420/1567/1396 1421/1568/1397 1419/1569/1398 1418/1566/1395
f 1422/1570/1399 1423/1571/1400 1424/1572/1401 1425/1573/1402
f 1423/1571/1400 1421/1574/1397 1420/1575/1396 1424/1572/1401
f 841/931/822 851/930/832 1424/1572/1401 1420/1575/1396
f 851/930/832 816/891/797 1425/1573/1402 1424/1572/1401
f 1421/1574/1397 1423/1571/1400 1426/1576/1403 1427/1577/1404
f 1423/1571/1400 1422/1570/1399 1428/1578/1405 1426/1576/1403
f 1419/1569/1398 1421/1568/1397 1427/1579/1404 1430/1580/1406
f 1431/1581/1407 1432/1582/1408 1433/1583/1409 1434/1584/1410
f 1432/1582/1408 1422/1570/1399 1425/1573/1402 1433/1583/1409
f 816/891/797 813/888/794 1433/1583/1409 1425/1573/1402
f 813/888/794 812/887/793 1434/1584/1410 1433/1583/1409
f 1431/1581/1407 1434/1584/1410 1435/1585/1411 1436/1586/1412
f 1434/1584/1410 812/887/793 834/909/815 1435/1585/1411
f 836/911/817 1437/1587/1413 1435/1585/1411 834/909/815
f 1437/1587/1413 1438/1588/1414 1436/1586/1412 1435/1585/1411
f 1442/1589/1415 1431/1581/1407 1436/1586/1412 1439/1590/1416
f 1431/1581/1407 1442/1589/1415 1443/1591/1417 1432/1582/1408
f 1442/1589/1415 1441/1592/1418 1444/1593/1419 1443/1591/1417
f 1429/1594/1420 1428/1578/1405 1443/1591/1417 1444/1593/1419
f 1428/1578/1405 1422/1570/1399 1432/1582/1408 1443/1591/1417
f 1438/1588/1414 1437/1587/1413 1445/1595/1421 1446/1596/1422
f 1437/1587/1413 836/911/817 1357/1500/1336 1445/1595/1421
f 1354/1499/1333 1447/1597/1423 1445/1595/1421 1357/1500/1336
f 1447/1597/1423 1448/1598/1424 1446/1596/1422 1445/1595/1421
f 1405/1555/1384 1449/1599/1425 1450/1600/1426 1406/1556/1385
f 1449/1599/1425 1448/1601/1424 1447/1602/1423 1450/1600/1426
f 1354/1494/1333 1353/1493/1332 1450/1600/1426 1447/1602/1423
f 1353/1493/1332 801/876/782 1406/1556/1385 1450/1600/1426
f 1405/1555/1384 1417/1564/1393 1451/1603/1427 1449/1599/1425
f 1456/1604/1428 1458/1605/1429 1460/1606/1430 1461/1607/1431
f 1458/1605/1429 1457/1608/1432 1462/1609/1433 1460/1606/1430
f 1463/1610/1434 1464/1611/1435 1460/1606/1430 1462/1609/1433
f 1464/1611/1435 1465/1612/1436 1461/1607/1431 1460/1606/1430
f 1456/1604/1428 1461/1607/1431 1466/1613/1437 1455/1614/1438
f 1461/1607/1431 1465/1612/1436 1467/1615/1439 1466/1613/1437
f 1468/1616/1440 1469/1617/1441 1466/1613/1437 1467/1615/1439
f 1469/1617/1441 1453/1618/1442 1455/1614/1438 1466/1613/1437
f 1475/1619/1443 1476/1620/1444 1472/1621/1445 1474/1622/1446
f 1476/1620/1444 1477/1623/1447 1473/1624/1448 1472/1621/1445
f 1457/1608/1432 1470/1625/1449 1478/1626/1450 1462/1609/1433
f 1477/1627/1447 1479/1628/1451 1478/1626/1450 1473/1629/1448
f 1479/1628/1451 1463/1610/1434 1462/1609/1433 1478/1626/1450
f 1485/1630/1452 1487/1631/1453 1488/1632/1454 1486/1633/1455
f 1489/1634/1456 1490/1635/1457 1486/1633/1455 1488/1632/1454
f 1471/1636/1458 1481/1637/1459 1491/1638/1460 1474/1622/1446
f 1481/1637/1459 1482/1639/1461 1490/1635/1457 1491/1638/1460
f 1489/1634/1456 1492/1640/1462 1491/1638/1460 1490/1635/1457
f 1492/1640/1462 1475/1619/1443 1474/1622/1446 1491/1638/1460
f 1469/1617/1441 1468/1616/1440 1495/1641/1463 1494/1642/1464
f 1496/1643/1465 1497/1644/1466 1494/1642/1464 1495/1641/1463
f 1497/1645/1466 1496/1646/1465 1499/1647/1467 1498/1648/1468
f 1487/1631/1453 1485/1630/1452 1498/1648/1468 1499/1647/1467
f 1465/1612/1436 1464/1611/1435 1500/1649/1469 1501/1650/1470
f 1464/1611/1435 1463/1610/1434 1502/1651/1471 1500/1649/1469
f 1503/1652/1472 1504/1653/1473 1500/1649/1469 1502/1651/1471
f 1504/1653/1473 1505/1654/1474 1501/1650/1470 1500/1649/1469
f 1505/1654/1474 1504/1653/1473 1506/1655/1475 1507/1656/1476
f 1504/1653/1473 1503/1652/1472 1508/1657/1477 1506/1655/1475
f 1509/1658/1478 1510/1659/1479 1506/1655/1475 1508/1657/1477
f 1510/1659/1479 1511/1660/1480 1507/1656/1476 1506/1655/1475
f 1505/1654/1474 1507/1656/1476 1512/1661/1481 1513/1662/1482
f 1507/1656/1476 1511/1660/1480 1514/1663/1483 1512/1661/1481
f 1515/1664/1484 1516/1665/1485 1512/1661/1481 1514/1663/1483
f 1516/1665/1485 1517/1666/1486 1513/1662/1482 1512/1661/1481
f 1465/1612/1436 1501/1650/1470 1518/1667/1487 1467/1615/1439
f 1501/1650/1470 1505/1654/1474 1513/1662/1482 1518/1667/1487
f 1517/1666/1486 1519/1668/1488 1518/1667/1487 1513/1662/1482
f 1519/1668/1488 1468/1616/1440 1467/1615/1439 1518/1667/1487
f 1477/1623/1447 1476/1620/1444 1520/1669/1489 1521/1670/1490
f 1476/1620/1444 1475/1619/1443 1522/1671/1491 1520/1669/1489
f 1523/1672/1492 1524/1673/1493 1520/1669/1489 1522/1671/1491
f 1524/1673/1493 1525/1674/1494 1521/1670/1490 1520/1669/1489
f 1526/1675/1495 1527/1676/1496 1528/1677/1497 1529/1678/1498
f 1527/1676/1496 1525/1674/1494 1524/1673/1493 1528/1677/1497
f 1523/1672/1492 1530/1679/1499 1528/1677/1497 1524/1673/1493
f 1530/1679/1499 1531/1680/1500 1529/1678/1498 1528/1677/1497
f 1525/1681/1494 1527/1682/1496 1532/1683/1501 1533/1684/1502
f 1527/1682/1496 1526/1685/1495 1534/1686/1503 1532/1683/1501
f 1509/1658/1478 1508/1657/1477 1532/1683/1501 1534/1686/1503
f 1508/1657/1477 1503/1652/1472 1533/1684/1502 1532/1683/1501
f 1525/1681/1494 1533/1684/1502 1535/1687/1504 1521/1688/1490
f 1533/1684/1502 1503/1652/1472 1502/1651/1471 1535/1687/1504
f 1463/1610/1434 1479/1628/1451 1535/1687/1504 1502/1651/1471
f 1479/1628/1451 1477/1627/1447 1521/1688/1490 1535/1687/1504
f 1489/1634/1456 1488/1632/1454 1536/1689/1505 1537/1690/1506
f 1488/1632/1454 1487/1631/1453 1538/1691/1507 1536/1689/1505
f 1539/1692/1508 1540/1693/1509 1536/1689/1505 1538/1691/1507
f 1540/1693/1509 1541/1694/1510 1537/1690/1506 1536/1689/1505
f 1541/1694/1510 1540/1693/1509 1542/1695/1511 1543/1696/1512
f 1540/1693/1509 1539/1692/1508 1544/1697/1513 1542/1695/1511
f 1545/1698/1514 1546/1699/1515 1542/1695/1511 1544/1697/1513
f 1546/1699/1515 1547/1700/1516 1543/1696/1512 1542/1695/1511
f 1541/1694/1510 1543/1696/1512 1548/1701/1517 1549/1702/1518
f 1543/1696/1512 1547/1700/1516 1550/1703/1519 1548/1701/1517
f 1531/1680/1500 1530/1679/1499 1548/1701/1517 1550/1703/1519
f 1530/1679/1499 1523/1672/1492 1549/1702/1518 1548/1701/1517
f 1489/1634/1456 1537/1690/1506 1551/1704/1520 1492/1640/1462
f 1537/1690/1506 1541/1694/1510 1549/1702/1518 1551/1704/1520
f 1523/1672/1492 1522/1671/1491 1551/1704/1520 1549/1702/1518
f 1522/1671/1491 1475/1619/1443 1492/1640/1462 1551/1704/1520
f 1552/1705/1521 1553/1706/1522 1554/1707/1523 1555/1708/1524
f 1553/1706/1522 1496/1643/1465 1495/1641/1463 1554/1707/1523
f 1468/1616/1440 1519/1668/1488 1554/1707/1523 1495/1641/1463
f 1519/1668/1488 1517/1666/1486 1555/1708/1524 1554/1707/1523
f 1552/1705/1521 1555/1708/1524 1556/1709/1525 1557/1710/1526
f 1555/1708/1524 1517/1666/1486 1516/1665/1485 1556/1709/1525
f 1515/1664/1484 1558/1711/1527 1556/1709/1525 1516/1665/1485
f 1558/1711/1527 1559/1712/1528 1557/1710/1526 1556/1709/1525
f 1559/1713/1528 1560/1714/1529 1561/1715/1530 1557/1716/1526
f 1560/1714/1529 1545/1698/1514 1544/1697/1513 1561/1715/1530
f 1539/1692/1508 1562/1717/1531 1561/1715/1530 1544/1697/1513
f 1562/1717/1531 1552/1718/1521 1557/1716/1526 1561/1715/1530
f 1496/1646/1465 1553/1719/1522 1563/1720/1532 1499/1647/1467
f 1553/1719/1522 1552/1718/1521 1562/1717/1531 1563/1720/1532
f 1539/1692/1508 1538/1691/1507 1563/1720/1532 1562/1717/1531
f 1538/1691/1507 1487/1631/1453 1499/1647/1467 1563/1720/1532
f 1564/1721/1533 1565/1722/1534 1566/1723/1535 1567/1724/1536
f 1565/1722/1534 1568/1725/1537 1569/1726/1538 1566/1723/1535
f 1570/1727/1539 1571/1728/1540 1566/1723/1535 1569/1726/1538
f 1571/1728/1540 1572/1729/1541 1567/1724/1536 1566/1723/1535
f 1572/1729/1541 1571/1728/1540 1573/1730/1542 1574/1731/1543
f 1571/1728/1540 1570/1727/1539 1575/1732/1544 1573/1730/1542
f 890/973/869 889/971/867 1573/1730/1542 1575/1732/1544
f 889/971/867 883/968/864 1574/1731/1543 1573/1730/1542
f 1572/1729/1541 1574/1731/1543 1576/1733/1545 1577/1734/1546
f 1574/1731/1543 883/968/864 882/967/863 1576/1733/1545
f 881/966/862 1578/1735/1547 1576/1733/1545 882/967/863
f 1578/1735/1547 1579/1736/1548 1577/1734/1546 1576/1733/1545
f 1564/1721/1533 1567/1724/1536 1580/1737/1549 1581/1738/1550
f 1567/1724/1536 1572/1729/1541 1577/1734/1546 1580/1737/1549
f 1579/1736/1548 1582/1739/1551 1580/1737/1549 1577/1734/1546
f 1582/1739/1551 1583/1740/1552 1581/1738/1550 1580/1737/1549
f 1584/1741/1553 1585/1742/1554 1586/1743/1555 1587/1744/1556
f 1585/1742/1554 1588/1745/1557 1589/1746/1558 1586/1743/1555
f 1590/1747/1559 1591/1748/1560 1586/1743/1555 1589/1746/1558
f 1591/1748/1560 1592/1749/1561 1587/1744/1556 1586/1743/1555
f 1592/1749/1561 1591/1748/1560 1593/1750/1562 1594/1751/1563
f 1591/1748/1560 1590/1747/1559 1595/1752/1564 1593/1750/1562
f 893/976/872 891/975/871 1593/1750/1562 1595/1752/1564
f 891/975/871 886/1753/1565 1594/1751/1563 1593/1750/1562
f 1592/1754/1561 1594/1755/1563 1596/1756/1566 1597/1757/1567
f 1594/1755/1563 886/1758/1565 888/974/870 1596/1756/1566
f 890/973/869 1575/1732/1544 1596/1756/1566 888/974/870
f 1575/1732/1544 1570/1727/1539 1597/1757/1567 1596/1756/1566
f 1592/1754/1561 1597/1757/1567 1598/1759/1568 1587/1760/1556
f 1597/1757/1567 1570/1727/1539 1569/1726/1538 1598/1759/1568
f 1568/1725/1537 1599/1761/1569 1598/1759/1568 1569/1726/1538
f 1599/1761/1569 1584/1762/1553 1587/1760/1556 1598/1759/1568
f 1600/1763/1570 1601/1764/1571 1602/1765/1572 1603/1766/1573
f 1601/1764/1571 1604/1767/1574 1605/1768/1575 1602/1765/1572
f 1606/1769/1576 1607/1770/1577 1602/1765/1572 1605/1768/1575
f 1607/1770/1577 1608/1771/1578 1603/1766/1573 1602/1765/1572
f 1608/1771/1578 1607/1770/1577 1609/1772/1579 1610/1773/1580
f 1607/1770/1577 1606/1769/1576 1611/1774/1581 1609/1772/1579
f 900/987/880 899/986/879 1609/1772/1579 1611/1774/1581
f 899/986/879 895/979/875 1610/1773/1580 1609/1772/1579
f 1608/1771/1578 1610/1773/1580 1612/1775/1582 1613/1776/1583
f 1610/1773/1580 895/979/875 894/977/873 1612/1775/1582
f 893/976/872 1595/1752/1564 1612/1775/1582 894/977/873
f 1595/1752/1564 1590/1747/1559 1613/1776/1583 1612/1775/1582
f 1600/1763/1570 1603/1766/1573 1614/1777/1584 1615/1778/1585
f 1603/1766/1573 1608/1771/1578 1613/1776/1583 1614/1777/1584
f 1590/1747/1559 1589/1746/1558 1614/1777/1584 1613/1776/1583
f 1589/1746/1558 1588/1745/1557 1615/1778/1585 1614/1777/1584
f 1616/1779/1586 1617/1780/1587 1618/1781/1588 1619/1782/1589
f 1617/1780/1587 1620/1783/1590 1621/1784/1591 1618/1781/1588
f 1583/1740/1552 1582/1739/1551 1618/1781/1588 1621/1784/1591
f 1582/1739/1551 1579/1736/1548 1619/1782/1589 1618/1781/1588
f 1616/1779/1586 1619/1782/1589 1622/1785/1592 1623/1786/1593
f 1619/1782/1589 1579/1736/1548 1578/1735/1547 1622/1785/1592
f 881/966/862 878/963/859 1622/1785/1592 1578/1735/1547
f 878/963/859 877/962/858 1623/1786/1593 1622/1785/1592
f 1616/1787/1586 1623/1788/1593 1624/1789/1594 1625/1790/1595
f 1623/1788/1593 877/981/858 898/984/878 1624/1789/1594
f 900/987/880 1611/1774/1581 1624/1789/1594 898/984/878
f 1611/1774/1581 1606/1769/1576 1625/1790/1595 1624/1789/1594
f 1620/1791/1590 1617/1792/1587 1626/1793/1596 1627/1794/1597
f 1617/1792/1587 1616/1787/1586 1625/1790/1595 1626/1793/1596
f 1606/1769/1576 1605/1768/1575 1626/1793/1596 1625/1790/1595
f 1605/1768/1575 1604/1767/1574 1627/1794/1597 1626/1793/1596
f 1511/1660/1480 1510/1659/1479 1628/1795/1598 1629/1796/1599
f 1510/1659/1479 1509/1658/1478 1630/1797/1600 1628/1795/1598
f 1631/1798/1601 1632/1799/1602 1628/1795/1598 1630/1797/1600
f 1632/1799/1602 1633/1800/1603 1629/1796/1599 1628/1795/1598
f 1633/1800/1603 1632/1799/1602 1634/1801/1604 1635/1802/1605
f 1632/1799/1602 1631/1798/1601 1636/1803/1606 1634/1801/1604
f 1568/1725/1537 1565/1722/1534 1634/1801/1604 1636/1803/1606
f 1565/1722/1534 1564/1721/1533 1635/1802/1605 1634/1801/1604
f 1633/1800/1603 1635/1802/1605 1637/1804/1607 1638/1805/1608
f 1635/1802/1605 1564/1721/1533 1581/1738/1550 1637/1804/1607
f 1583/1740/1552 1639/1806/1609 1637/1804/1607 1581/1738/1550
f 1639/1806/1609 1640/1807/1610 1638/1805/1608 1637/1804/1607
f 1511/1660/1480 1629/1796/1599 1641/1808/1611 1514/1663/1483
f 1629/1796/1599 1633/1800/1603 1638/1805/1608 1641/1808/1611
f 1640/1807/1610 1642/1809/1612 1641/1808/1611 1638/1805/1608
f 1642/1809/1612 1515/1664/1484 1514/1663/1483 1641/1808/1611
f 1526/1675/1495 1529/1678/1498 1643/1810/1613 1644/1811/1614
f 1529/1678/1498 1531/1680/1500 1645/1812/1615 1643/1810/1613
f 1646/1813/1616 1647/1814/1617 1643/1810/1613 1645/1812/1615
f 1647/1814/1617 1648/1815/1618 1644/1811/1614 1643/1810/1613
f 1584/1741/1553 1649/1816/1619 1650/1817/1620 1585/1742/1554
f 1649/1816/1619 1648/1815/1618 1647/1814/1617 1650/1817/1620
f 1646/1813/1616 1651/1818/1621 1650/1817/1620 1647/1814/1617
f 1651/1818/1621 1588/1745/1557 1585/1742/1554 1650/1817/1620
f 1584/1762/1553 1599/1761/1569 1652/1819/1622 1649/1820/1619
f 1599/1761/1569 1568/1725/1537 1636/1803/1606 1652/1819/1622
f 1631/1798/1601 1653/1821/1623 1652/1819/1622 1636/1803/1606
f 1653/1821/1623 1648/1822/1618 1649/1820/1619 1652/1819/1622
f 1648/1822/1618 1653/1821/1623 1654/1823/1624 1644/1824/1614
f 1653/1821/1623 1631/1798/1601 1630/1797/1600 1654/1823/1624
f 1509/1658/1478 1534/1686/1503 1654/1823/1624 1630/1797/1600
f 1534/1686/1503 1526/1685/1495 1644/1824/1614 1654/1823/1624
f 1547/1700/1516 1546/1699/1515 1655/1825/1625 1656/1826/1626
f 1546/1699/1515 1545/1698/1514 1657/1827/1627 1655/1825/1625
f 1658/1828/1628 1659/1829/1629 1655/1825/1625 1657/1827/1627
f 1659/1829/1629 1660/1830/1630 1656/1826/1626 1655/1825/1625
f 1660/1830/1630 1659/1829/1629 1661/1831/1631 1662/1832/1632
f 1659/1829/1629 1658/1828/1628 1663/1833/1633 1661/1831/1631
f 1604/1767/1574 1601/1764/1571 1661/1831/1631 1663/1833/1633
f 1601/1764/1571 1600/1763/1570 1662/1832/1632 1661/1831/1631
f 1660/1830/1630 1662/1832/1632 1664/1834/1634 1665/1835/1635
f 1662/1832/1632 1600/1763/1570 1615/1778/1585 1664/1834/1634
f 1588/1745/1557 1651/1818/1621 1664/1834/1634 1615/1778/1585
f 1651/1818/1621 1646/1813/1616 1665/1835/1635 1664/1834/1634
f 1547/1700/1516 1656/1826/1626 1666/1836/1636 1550/1703/1519
f 1656/1826/1626 1660/1830/1630 1665/1835/1635 1666/1836/1636
f 1646/1813/1616 1645/1812/1615 1666/1836/1636 1665/1835/1635
f 1645/1812/1615 1531/1680/1500 1550/1703/1519 1666/1836/1636
f 1559/1712/1528 1558/1711/1527 1667/1837/1637 1668/1838/1638
f 1558/1711/1527 1515/1664/1484 1642/1809/1612 1667/1837/1637
f 1640/1807/1610 1669/1839/1639 1667/1837/1637 1642/1809/1612
f 1669/1839/1639 1670/1840/1640 1668/1838/1638 1667/1837/1637
f 1670/1840/1640 1669/1839/1639 1671/1841/1641 1672/1842/1642
f 1669/1839/1639 1640/1807/1610 1639/1806/1609 1671/1841/1641
f 1583/1740/1552 1621/1784/1591 1671/1841/1641 1639/1806/1609
f 1621/1784/1591 1620/1783/1590 1672/1842/1642 1671/1841/1641
f 1620/1791/1590 1627/1794/1597 1673/1843/1643 1672/1844/1642
f 1627/1794/1597 1604/1767/1574 1663/1833/1633 1673/1843/1643
f 1658/1828/1628 1674/1845/1644 1673/1843/1643 1663/1833/1633
f 1674/1845/1644 1670/1846/1640 1672/1844/1642 1673/1843/1643
f 1670/1846/1640 1674/1845/1644 1675/1847/1645 1668/1848/1638
f 1674/1845/1644 1658/1828/1628 1657/1827/1627 1675/1847/1645
f 1545/1698/1514 1560/1714/1529 1675/1847/1645 1657/1827/1627
f 1560/1714/1529 1559/1713/1528 1668/1848/1638 1675/1847/1645
f 1676/1849/1646 1677/1850/1647 1678/1851/1648 1679/1852/1649
f 1677/1850/1647 1680/1853/1650 1681/1854/1651 1678/1851/1648
f 1682/1855/1652 1683/1856/1653 1678/1851/1648 1681/1854/1651
f 1683/1856/1653 1684/1857/1654 1679/1852/1649 1678/1851/1648
f 1685/1858/1655 1686/1859/1656 1687/1860/1657 1688/1861/1658
f 1686/1859/1656 1684/1857/1654 1683/1856/1653 1687/1860/1657
f 1682/1855/1652 1689/1862/1659 1687/1860/1657 1683/1856/1653
f 1689/1862/1659 1690/1863/1660 1688/1861/1658 1687/1860/1657
f 1684/1857/1654 1686/1859/1656 1691/1864/1661 1692/1865/1662
f 1686/1859/1656 1685/1858/1655 1693/1866/1663 1691/1864/1661
f 1694/1867/1664 1695/1868/1665 1691/1864/1661 1693/1866/1663
f 1695/1868/1665 1696/1869/1666 1692/1865/1662 1691/1864/1661
f 1684/1857/1654 1692/1865/1662 1697/1870/1667 1679/1852/1649
f 1692/1865/1662 1696/1869/1666 1698/1871/1668 1697/1870/1667
f 1699/1872/1669 1700/1873/1670 1697/1870/1667 1698/1871/1668
f 1700/1873/1670 1676/1849/1646 1679/1852/1649 1697/1870/1667
f 1701/1874/1671 1702/1875/1672 1703/1876/1673 1704/1877/1674
f 1702/1875/1672 1705/1878/1675 1706/1879/1676 1703/1876/1673
f 1707/1880/1677 1708/1881/1678 1703/1876/1673 1706/1879/1676
f 1708/1881/1678 1709/1882/1679 1704/1877/1674 1703/1876/1673
f 1709/1882/1679 1708/1881/1678 1710/1883/1680 1711/1884/1681
f 1708/1881/1678 1707/1880/1677 1712/1885/1682 1710/1883/1680
f 1713/1886/1683 1714/1887/1684 1710/1883/1680 1712/1885/1682
f 1714/1887/1684 1715/1888/1685 1711/1884/1681 1710/1883/1680
f 1709/1882/1679 1711/1884/1681 1716/1889/1686 1717/1890/1687
f 1711/1884/1681 1715/1888/1685 1718/1891/1688 1716/1889/1686
f 1719/1892/1689 1720/1893/1690 1716/1889/1686 1718/1891/1688
f 1720/1893/1690 1721/1894/1691 1717/1890/1687 1716/1889/1686
f 1701/1874/1671 1704/1877/1674 1722/1895/1692 1723/1896/1693
f 1704/1877/1674 1709/1882/1679 1717/1890/1687 1722/1895/1692
f 1721/1894/1691 1724/1897/1694 1722/1895/1692 1717/1890/1687
f 1724/1897/1694 1725/1898/1695 1723/1896/1693 1722/1895/1692
f 1726/1899/1696 1727/1900/1697 1728/1901/1698 1729/1902/1699
f 1727/1900/1697 1730/1903/1700 1731/1904/1701 1728/1901/1698
f 1680/1853/1650 1677/1850/1647 1728/1901/1698 1731/1904/1701
f 1677/1850/1647 1676/1849/1646 1729/1902/1699 1728/1901/1698
f 1732/1905/1702 1733/1906/1703 1734/1907/1704 1735/1908/1705
f 1733/1906/1703 1726/1899/1696 1729/1902/1699 1734/1907/1704
f 1676/1849/1646 1700/1873/1670 1734/1907/1704 1729/1902/1699
f 1700/1873/1670 1699/1872/1669 1735/1908/1705 1734/1907/1704
f 1726/1909/1696 1733/1910/1703 1736/1911/1706 1737/1912/1707
f 1733/1910/1703 1732/1913/1702 1738/1914/1708 1736/1911/1706
f 1713/1886/1683 1712/1885/1682 1736/1911/1706 1738/1914/1708
f 1712/1885/1682 1707/1880/1677 1737/1912/1707 1736/1911/1706
f 1726/1909/1696 1737/1912/1707 1739/1915/1709 1727/1916/1697
f 1737/1912/1707 1707/1880/1677 1706/1879/1676 1739/1915/1709
f 1705/1878/1675 1740/1917/1710 1739/1915/1709 1706/1879/1676
f 1740/1917/1710 1730/1918/1700 1727/1916/1697 1739/1915/1709
f 1741/1919/1711 1742/1920/1712 1743/1921/1713 1744/1922/1714
f 1742/1920/1712 1745/1923/1715 1746/1924/1716 1743/1921/1713
f 1747/1925/1717 1748/1926/1718 1743/1921/1713 1746/1924/1716
f 1748/1926/1718 1749/1927/1719 1744/1922/1714 1743/1921/1713
f 1749/1927/1719 1748/1926/1718 1750/1928/1720 1751/1929/1721
f 1748/1926/1718 1747/1925/1717 1752/1930/1722 1750/1928/1720
f 1753/1931/1723 1754/1932/1724 1750/1928/1720 1752/1930/1722
f 1754/1932/1724 1755/1933/1725 1751/1929/1721 1750/1928/1720
f 1755/1934/1725 1756/1935/1726 1757/1936/1727 1751/1937/1721
f 1756/1935/1726 1758/1938/1728 1759/1939/1729 1757/1936/1727
f 1760/1940/1730 1761/1941/1731 1757/1936/1727 1759/1939/1729
f 1761/1941/1731 1749/1942/1719 1751/1937/1721 1757/1936/1727
f 1749/1942/1719 1761/1941/1731 1762/1943/1732 1744/1944/1714
f 1761/1941/1731 1760/1940/1730 1763/1945/1733 1762/1943/1732
f 1764/1946/1734 1765/1947/1735 1762/1943/1732 1763/1945/1733
f 1765/1947/1735 1741/1948/1711 1744/1944/1714 1762/1943/1732
f 1766/1949/1736 1767/1950/1737 1768/1951/1738 1769/1952/1739
f 1767/1950/1737 1770/1953/1740 1771/1954/1741 1768/1951/1738
f 1772/1955/1742 1773/1956/1743 1768/1951/1738 1771/1954/1741
f 1773/1956/1743 1774/1957/1744 1769/1952/1739 1768/1951/1738
f 1775/1958/1745 1776/1959/1746 1777/1960/1747 1778/1961/1748
f 1776/1959/1746 1774/1957/1744 1773/1956/1743 1777/1960/1747
f 1772/1955/1742 1779/1962/1749 1777/1960/1747 1773/1956/1743
f 1779/1962/1749 1780/1963/1750 1778/1961/1748 1777/1960/1747
f 1775/1964/1745 1781/1965/1751 1782/1966/1752 1776/1967/1746
f 1781/1965/1751 1783/1968/1753 1784/1969/1754 1782/1966/1752
f 1785/1970/1755 1786/1971/1756 1782/1966/1752 1784/1969/1754
f 1786/1971/1756 1774/1972/1744 1776/1967/1746 1782/1966/1752
f 1766/1973/1736 1769/1974/1739 1787/1975/1757 1788/1976/1758
f 1769/1974/1739 1774/1972/1744 1786/1971/1756 1787/1975/1757
f 1785/1970/1755 1789/1977/1759 1787/1975/1757 1786/1971/1756
f 1789/1977/1759 1790/1978/1760 1788/1976/1758 1787/1975/1757
f 1791/1979/1761 1792/1980/1762 1793/1981/1763 1794/1982/1764
f 1792/1980/1762 1795/1983/1765 1796/1984/1766 1793/1981/1763
f 1797/1985/1767 1798/1986/1768 1793/1981/1763 1796/1984/1766
f 1798/1986/1768 1799/1987/1769 1794/1982/1764 1793/1981/1763
f 1791/1979/1761 1794/1982/1764 1800/1988/1770 1801/1989/1771
f 1794/1982/1764 1799/1987/1769 1802/1990/1772 1800/1988/1770
f 1753/1931/1723 1803/1991/1773 1800/1988/1770 1802/1990/1772
f 1803/1991/1773 1804/1992/1774 1801/1989/1771 1800/1988/1770
f 1791/1979/1761 1801/1989/1771 1805/1993/1775 1806/1994/1776
f 1801/1989/1771 1804/1992/1774 1807/1995/1777 1805/1993/1775
f 1808/1996/1778 1809/1997/1779 1805/1993/1775 1807/1995/1777
f 1809/1997/1779 1810/1998/1780 1806/1994/1776 1805/1993/1775
f 1791/1979/1761 1806/1994/1776 1811/1999/1781 1792/1980/1762
f 1806/1994/1776 1810/1998/1780 1812/2000/1782 1811/1999/1781
f 1813/2001/1783 1814/2002/1784 1811/1999/1781 1812/2000/1782
f 1814/2002/1784 1795/1983/1765 1792/1980/1762 1811/1999/1781
f 1815/2003/1785 1816/2004/1786 1817/2005/1787 1818/2006/1788
f 1816/2004/1786 1819/2007/1789 1820/2008/1790 1817/2005/1787
f 1821/2009/1791 1822/2010/1792 1817/2005/1787 1820/2008/1790
f 1822/2010/1792 1823/2011/1793 1818/2006/1788 1817/2005/1787
f 1824/2012/1794 1825/2013/1795 1826/2014/1796 1827/2015/1797
f 1825/2013/1795 1815/2003/1785 1818/2006/1788 1826/2014/1796
f 1823/2011/1793 1828/2016/1798 1826/2014/1796 1818/2006/1788
f 1828/2016/1798 1829/2017/1799 1827/2015/1797 1826/2014/1796
f 1824/2012/1794 1830/2018/1800 1831/2019/1801 1825/2013/1795
f 1830/2018/1800 1758/1938/1728 1832/2020/1802 1831/2019/1801
f 1833/2021/1803 1834/2022/1804 1831/2019/1801 1832/2020/1802
f 1834/2022/1804 1815/2003/1785 1825/2013/1795 1831/2019/1801
f 1819/2007/1789 1816/2004/1786 1835/2023/1805 1836/2024/1806
f 1816/2004/1786 1815/2003/1785 1834/2022/1804 1835/2023/1805
f 1833/2021/1803 1837/2025/1807 1835/2023/1805 1834/2022/1804
f 1837/2025/1807 1838/2026/1808 1836/2024/1806 1835/2023/1805
f 1839/2027/1809 1840/2028/1810 1841/2029/1811 1842/2030/1812
f 1840/2028/1810 1813/2001/1783 1812/2000/1782 1841/2029/1811
f 1810/1998/1780 1843/2031/1813 1841/2029/1811 1812/2000/1782
f 1843/2031/1813 1844/2032/1814 1842/2030/1812 1841/2029/1811
f 1845/2033/1815 1846/2034/1816 1847/2035/1817 1848/2036/1818
f 1846/2034/1816 1844/2032/1814 1843/2031/1813 1847/2035/1817
f 1810/1998/1780 1809/1997/1779 1847/2035/1817 1843/2031/1813
f 1809/1997/1779 1808/1996/1778 1848/2036/1818 1847/2035/1817
f 1844/2037/1814 1846/2038/1816 1849/2039/1819 1850/2040/1820
f 1846/2038/1816 1845/2041/1815 1851/2042/1821 1849/2039/1819
f 1829/2017/1799 1828/2016/1798 1849/2039/1819 1851/2042/1821
f 1828/2016/1798 1823/2011/1793 1850/2040/1820 1849/2039/1819
f 1844/2037/1814 1850/2040/1820 1852/2043/1822 1842/2044/1812
f 1850/2040/1820 1823/2011/1793 1822/2010/1792 1852/2043/1822
f 1821/2009/1791 1853/2045/1823 1852/2043/1822 1822/2010/1792
f 1853/2045/1823 1839/2046/1809 1842/2044/1812 1852/2043/1822
f 1854/2047/1824 1855/2048/1825 1856/2049/1826 1857/2050/1827
f 1855/2048/1825 1858/2051/1828 1859/2052/1829 1856/2049/1826
f 1860/2053/1830 1861/2054/1831 1856/2049/1826 1859/2052/1829
f 1861/2054/1831 1862/2055/1832 1857/2050/1827 1856/2049/1826
f 1862/2055/1832 1861/2054/1831 1863/2056/1833 1864/2057/1834
f 1861/2054/1831 1860/2053/1830 1865/2058/1835 1863/2056/1833
f 1866/2059/1836 1867/2060/1837 1863/2056/1833 1865/2058/1835
f 1867/2060/1837 1868/2061/1838 1864/2057/1834 1863/2056/1833
f 1868/2062/1838 1869/2063/1839 1870/2064/1840 1864/2065/1834
f 1869/2063/1839 1871/2066/1841 1872/2067/1842 1870/2064/1840
f 1873/2068/1843 1874/2069/1844 1870/2064/1840 1872/2067/1842
f 1874/2069/1844 1862/2070/1832 1864/2065/1834 1870/2064/1840
f 1862/2070/1832 1874/2069/1844 1875/2071/1845 1857/2072/1827
f 1874/2069/1844 1873/2068/1843 1876/2073/1846 1875/2071/1845
f 1877/2074/1847 1878/2075/1848 1875/2071/1845 1876/2073/1846
f 1878/2075/1848 1854/2076/1824 1857/2072/1827 1875/2071/1845
f 1879/2077/1849 1880/2078/1850 1881/2079/1851 1882/2080/1852
f 1880/2078/1850 1858/2051/1828 1883/2081/1853 1881/2079/1851
f 1884/2082/1854 1885/2083/1855 1881/2079/1851 1883/2081/1853
f 1885/2083/1855 1886/2084/1856 1882/2080/1852 1881/2079/1851
f 1886/2084/1856 1885/2083/1855 1887/2085/1857 1888/2086/1858
f 1885/2083/1855 1884/2082/1854 1889/2087/1859 1887/2085/1857
f 1890/2088/1860 1891/2089/1861 1887/2085/1857 1889/2087/1859
f 1891/2089/1861 1892/2090/1862 1888/2086/1858 1887/2085/1857
f 1886/2084/1856 1888/2086/1858 1893/2091/1863 1894/2092/1864
f 1888/2086/1858 1892/2090/1862 1895/2093/1865 1893/2091/1863
f 1896/2094/1866 1897/2095/1867 1893/2091/1863 1895/2093/1865
f 1897/2095/1867 1898/2096/1868 1894/2092/1864 1893/2091/1863
f 1879/2077/1849 1882/2080/1852 1899/2097/1869 1900/2098/1870
f 1882/2080/1852 1886/2084/1856 1894/2092/1864 1899/2097/1869
f 1898/2096/1868 1901/2099/1871 1899/2097/1869 1894/2092/1864
f 1901/2099/1871 1902/2100/1872 1900/2098/1870 1899/2097/1869
f 1903/2101/1873 1904/2102/1874 1905/2103/1875 1906/2104/1876
f 1904/2102/1874 1907/2105/1877 1908/2106/1878 1905/2103/1875
f 1909/2107/1879 1910/2108/1880 1905/2103/1875 1908/2106/1878
f 1910/2108/1880 1911/2109/1881 1906/2104/1876 1905/2103/1875
f 1903/2101/1873 1906/2104/1876 1912/2110/1882 1913/2111/1883
f 1906/2104/1876 1911/2109/1881 1914/2112/1884 1912/2110/1882
f 1915/2113/1885 1916/2114/1886 1912/2110/1882 1914/2112/1884
f 1916/2114/1886 1917/2115/1887 1913/2111/1883 1912/2110/1882
f 1903/2101/1873 1913/2111/1883 1918/2116/1888 1919/2117/1889
f 1913/2111/1883 1917/2115/1887 1920/2118/1890 1918/2116/1888
f 1921/2119/1891 1922/2120/1892 1918/2116/1888 1920/2118/1890
f 1922/2120/1892 1923/2121/1893 1919/2117/1889 1918/2116/1888
f 1903/2101/1873 1919/2117/1889 1924/2122/1894 1904/2102/1874
f 1919/2117/1889 1923/2121/1893 1925/2123/1895 1924/2122/1894
f 1877/2074/1847 1926/2124/1896 1924/2122/1894 1925/2123/1895
f 1926/2124/1896 1907/2105/1877 1904/2102/1874 1924/2122/1894
f 1927/2125/1897 1928/2126/1898 1929/2127/1899 1930/2128/1900
f 1928/2126/1898 1931/2129/1901 1932/2130/1902 1929/2127/1899
f 1902/2100/1872 1901/2099/1871 1929/2127/1899 1932/2130/1902
f 1901/2099/1871 1898/2096/1868 1930/2128/1900 1929/2127/1899
f 1927/2125/1897 1930/2128/1900 1933/2131/1903 1934/2132/1904
f 1930/2128/1900 1898/2096/1868 1897/2095/1867 1933/2131/1903
f 1896/2094/1866 1935/2133/1905 1933/2131/1903 1897/2095/1867
f 1935/2133/1905 1936/2134/1906 1934/2132/1904 1933/2131/1903
f 1936/2135/1906 1937/2136/1907 1938/2137/1908 1934/2138/1904
f 1937/2136/1907 1915/2113/1885 1914/2112/1884 1938/2137/1908
f 1911/2109/1881 1939/2139/1909 1938/2137/1908 1914/2112/1884
f 1939/2139/1909 1927/2140/1897 1934/2138/1904 1938/2137/1908
f 1931/2141/1901 1928/2142/1898 1940/2143/1910 1941/2144/1911
f 1928/2142/1898 1927/2140/1897 1939/2139/1909 1940/2143/1910
f 1911/2109/1881 1910/2108/1880 1940/2143/1910 1939/2139/1909
f 1910/2108/1880 1909/2107/1879 1941/2144/1911 1940/2143/1910
f 1942/2145/1912 1943/2146/1913 1944/2147/1914 1945/2148/1915
f 1943/2146/1913 1946/2149/1916 1947/2150/1917 1944/2147/1914
f 1797/1985/1767 1948/2151/1918 1944/2147/1914 1947/2150/1917
f 1948/2151/1918 1949/2152/1919 1945/2148/1915 1944/2147/1914
f 1950/2153/1920 1951/2154/1921 1952/2155/1922 1953/2156/1923
f 1951/2154/1921 1942/2145/1912 1945/2148/1915 1952/2155/1922
f 1949/2152/1919 1954/2157/1924 1952/2155/1922 1945/2148/1915
f 1954/2157/1924 1955/2158/1925 1953/2156/1923 1952/2155/1922
f 1950/2159/1920 1956/2160/1926 1957/2161/1927 1951/2162/1921
f 1956/2160/1926 1958/2163/1928 1959/2164/1929 1957/2161/1927
f 1960/2165/1930 1961/2166/1931 1957/2161/1927 1959/2164/1929
f 1961/2166/1931 1942/2167/1912 1951/2162/1921 1957/2161/1927
f 1946/2168/1916 1943/2169/1913 1962/2170/1932 1963/2171/1933
f 1943/2169/1913 1942/2167/1912 1961/2166/1931 1962/2170/1932
f 1960/2165/1930 1964/2172/1934 1962/2170/1932 1961/2166/1931
f 1964/2172/1934 1838/2026/1808 1963/2171/1933 1962/2170/1932
f 1965/2173/1935 1966/2174/1936 1967/2175/1937 1968/2176/1938
f 1966/2174/1936 1969/2177/1939 1970/2178/1940 1967/2175/1937
f 1955/2158/1925 1954/2157/1924 1967/2175/1937 1970/2178/1940
f 1954/2157/1924 1949/2152/1919 1968/2176/1938 1967/2175/1937
f 1795/1983/1765 1971/2179/1941 1972/2180/1942 1796/1984/1766
f 1971/2179/1941 1965/2173/1935 1968/2176/1938 1972/2180/1942
f 1949/2152/1919 1948/2151/1918 1972/2180/1942 1968/2176/1938
f 1948/2151/1918 1797/1985/1767 1796/1984/1766 1972/2180/1942
f 1795/1983/1765 1814/2002/1784 1973/2181/1943 1971/2179/1941
f 1814/2002/1784 1813/2001/1783 1974/2182/1944 1973/2181/1943
f 1975/2183/1945 1976/2184/1946 1973/2181/1943 1974/2182/1944
f 1976/2184/1946 1965/2173/1935 1971/2179/1941 1973/2181/1943
f 1965/2173/1935 1976/2184/1946 1977/2185/1947 1966/2174/1936
f 1976/2184/1946 1975/2183/1945 1978/2186/1948 1977/2185/1947
f 1979/2187/1949 1980/2188/1950 1977/2185/1947 1978/2186/1948
f 1980/2188/1950 1969/2177/1939 1966/2174/1936 1977/2185/1947
f 1981/2189/1951 1982/2190/1952 1983/2191/1953 1984/2192/1954
f 1982/2190/1952 1985/2193/1955 1986/2194/1956 1983/2191/1953
f 1987/2195/1957 1988/2196/1958 1983/2191/1953 1986/2194/1956
f 1988/2196/1958 1989/2197/1959 1984/2192/1954 1983/2191/1953
f 1819/2007/1789 1990/2198/1960 1991/2199/1961 1820/2008/1790
f 1990/2198/1960 1981/2189/1951 1984/2192/1954 1991/2199/1961
f 1989/2197/1959 1992/2200/1962 1991/2199/1961 1984/2192/1954
f 1992/2200/1962 1821/2009/1791 1820/2008/1790 1991/2199/1961
f 1981/2189/1951 1990/2198/1960 1993/2201/1963 1994/2202/1964
f 1990/2198/1960 1819/2007/1789 1836/2024/1806 1993/2201/1963
f 1838/2026/1808 1964/2172/1934 1993/2201/1963 1836/2024/1806
f 1964/2172/1934 1960/2165/1930 1994/2202/1964 1993/2201/1963
f 1985/2193/1955 1982/2190/1952 1995/2203/1965 1996/2204/1966
f 1982/2190/1952 1981/2189/1951 1994/2202/1964 1995/2203/1965
f 1960/2165/1930 1959/2164/1929 1995/2203/1965 1994/2202/1964
f 1959/2164/1929 1958/2163/1928 1996/2204/1966 1995/2203/1965
f 1997/2205/1967 1998/2206/1968 1999/2207/1969 2000/2208/1970
f 1998/2206/1968 1979/2187/1949 1978/2186/1948 1999/2207/1969
f 1975/2183/1945 2001/2209/1971 1999/2207/1969 1978/2186/1948
f 2001/2209/1971 2002/2210/1972 2000/2208/1970 1999/2207/1969
f 2002/2210/1972 2001/2209/1971 2003/2211/1973 2004/2212/1974
f 2001/2209/1971 1975/2183/1945 1974/2182/1944 2003/2211/1973
f 1813/2001/1783 1840/2028/1810 2003/2211/1973 1974/2182/1944
f 1840/2028/1810 1839/2027/1809 2004/2212/1974 2003/2211/1973
f 1839/2046/1809 1853/2045/1823 2005/2213/1975 2004/2214/1974
f 1853/2045/1823 1821/2009/1791 1992/2200/1962 2005/2213/1975
f 1989/2197/1959 2006/2215/1976 2005/2213/1975 1992/2200/1962
f 2006/2215/1976 2002/2216/1972 2004/2214/1974 2005/2213/1975
f 1997/2217/1967 2000/2218/1970 2007/2219/1977 2008/2220/1978
f 2000/2218/1970 2002/2216/1972 2006/2215/1976 2007/2219/1977
f 1989/2197/1959 1988/2196/1958 2007/2219/1977 2006/2215/1976
f 1988/2196/1958 1987/2195/1957 2008/2220/1978 2007/2219/1977
f 2009/2221/1979 2010/2222/1980 2011/2223/1981 2012/2224/1982
f 2010/2222/1980 2013/2225/1983 2014/2226/1984 2011/2223/1981
f 1890/2088/1860 1889/2087/1859 2011/2223/1981 2014/2226/1984
f 1889/2087/1859 1884/2082/1854 2012/2224/1982 2011/2223/1981
f 2009/2221/1979 2012/2224/1982 2015/2227/1985 2016/2228/1986
f 2012/2224/1982 1884/2082/1854 1883/2081/1853 2015/2227/1985
f 1858/2051/1828 1855/2048/1825 2015/2227/1985 1883/2081/1853
f 1855/2048/1825 1854/2047/1824 2016/2228/1986 2015/2227/1985
f 1854/2076/1824 1878/2075/1848 2017/2229/1987 2016/2230/1986
f 1878/2075/1848 1877/2074/1847 1925/2123/1895 2017/2229/1987
f 1923/2121/1893 2018/2231/1988 2017/2229/1987 1925/2123/1895
f 2018/2231/1988 2009/2232/1979 2016/2230/1986 2017/2229/1987
f 2013/2233/1983 2010/2234/1980 2019/2235/1989 2020/2236/1990
f 2010/2234/1980 2009/2232/1979 2018/2231/1988 2019/2235/1989
f 1923/2121/1893 1922/2120/1892 2019/2235/1989 2018/2231/1988
f 1922/2120/1892 1921/2119/1891 2020/2236/1990 2019/2235/1989
f 1892/2090/1862 1891/2089/1861 2021/2237/1991 2022/2238/1992
f 1891/2089/1861 1890/2088/1860 2023/2239/1993 2021/2237/1991
f 2024/2240/1994 2025/2241/1995 2021/2237/1991 2023/2239/1993
f 2025/2241/1995 2026/2242/1996 2022/2238/1992 2021/2237/1991
f 1969/2177/1939 2027/2243/1997 2028/2244/1998 1970/2178/1940
f 2027/2243/1997 2026/2242/1996 2025/2241/1995 2028/2244/1998
f 2024/2240/1994 2029/2245/1999 2028/2244/1998 2025/2241/1995
f 2029/2245/1999 1955/2158/1925 1970/2178/1940 2028/2244/1998
f 1969/2177/1939 1980/2188/1950 2030/2246/2000 2027/2243/1997
f 1980/2188/1950 1979/2187/1949 2031/2247/2001 2030/2246/2000
f 2032/2248/2002 2033/2249/2003 2030/2246/2000 2031/2247/2001
f 2033/2249/2003 2026/2242/1996 2027/2243/1997 2030/2246/2000
f 2026/2242/1996 2033/2249/2003 2034/2250/2004 2022/2238/1992
f 2033/2249/2003 2032/2248/2002 2035/2251/2005 2034/2250/2004
f 1896/2094/1866 1895/2093/1865 2034/2250/2004 2035/2251/2005
f 1895/2093/1865 1892/2090/1862 2022/2238/1992 2034/2250/2004
f 1917/2115/1887 1916/2114/1886 2036/2252/2006 2037/2253/2007
f 1916/2114/1886 1915/2113/1885 2038/2254/2008 2036/2252/2006
f 2039/2255/2009 2040/2256/2010 2036/2252/2006 2038/2254/2008
f 2040/2256/2010 2041/2257/2011 2037/2253/2007 2036/2252/2006
f 2041/2257/2011 2040/2256/2010 2042/2258/2012 2043/2259/2013
f 2040/2256/2010 2039/2255/2009 2044/2260/2014 2042/2258/2012
f 1987/2195/1957 1986/2194/1956 2042/2258/2012 2044/2260/2014
f 1986/2194/1956 1985/2193/1955 2043/2259/2013 2042/2258/2012
f 2041/2257/2011 2043/2259/2013 2045/2261/2015 2046/2262/2016
f 2043/2259/2013 1985/2193/1955 1996/2204/1966 2045/2261/2015
f 1958/2163/1928 2047/2263/2017 2045/2261/2015 1996/2204/1966
f 2047/2263/2017 2048/2264/2018 2046/2262/2016 2045/2261/2015
f 1917/2115/1887 2037/2253/2007 2049/2265/2019 1920/2118/1890
f 2037/2253/2007 2041/2257/2011 2046/2262/2016 2049/2265/2019
f 2048/2264/2018 2050/2266/2020 2049/2265/2019 2046/2262/2016
f 2050/2266/2020 1921/2119/1891 1920/2118/1890 2049/2265/2019
f 1936/2134/1906 1935/2133/1905 2051/2267/2021 2052/2268/2022
f 1935/2133/1905 1896/2094/1866 2035/2251/2005 2051/2267/2021
f 2032/2248/2002 2053/2269/2023 2051/2267/2021 2035/2251/2005
f 2053/2269/2023 2054/2270/2024 2052/2268/2022 2051/2267/2021
f 2054/2270/2024 2053/2269/2023 2055/2271/2025 2056/2272/2026
f 2053/2269/2023 2032/2248/2002 2031/2247/2001 2055/2271/2025
f 1979/2187/1949 1998/2206/1968 2055/2271/2025 2031/2247/2001
f 1998/2206/1968 1997/2205/1967 2056/2272/2026 2055/2271/2025
f 1997/2217/1967 2008/2220/1978 2057/2273/2027 2056/2274/2026
f 2008/2220/1978 1987/2195/1957 2044/2260/2014 2057/2273/2027
f 2039/2255/2009 2058/2275/2028 2057/2273/2027 2044/2260/2014
f 2058/2275/2028 2054/2276/2024 2056/2274/2026 2057/2273/2027
f 2054/2276/2024 2058/2275/2028 2059/2277/2029 2052/2278/2022
f 2058/2275/2028 2039/2255/2009 2038/2254/2008 2059/2277/2029
f 1915/2113/1885 1937/2136/1907 2059/2277/2029 2038/2254/2008
f 1937/2136/1907 1936/2135/1906 2052/2278/2022 2059/2277/2029
f 2060/2279/2030 2061/2280/2031 2062/2281/2032 2063/2282/2033
f 2061/2280/2031 1950/2153/1920 1953/2156/1923 2062/2281/2032
f 1955/2158/1925 2029/2245/1999 2062/2281/2032 1953/2156/1923
f 2029/2245/1999 2024/2240/1994 2063/2282/2033 2062/2281/2032
f 2013/2225/1983 2064/2283/2034 2065/2284/2035 2014/2226/1984
f 2064/2283/2034 2060/2279/2030 2063/2282/2033 2065/2284/2035
f 2024/2240/1994 2023/2239/1993 2065/2284/2035 2063/2282/2033
f 2023/2239/1993 1890/2088/1860 2014/2226/1984 2065/2284/2035
f 2060/2285/2030 2064/2286/2034 2066/2287/2036 2067/2288/2037
f 2064/2286/2034 2013/2233/1983 2020/2236/1990 2066/2287/2036
f 1921/2119/1891 2050/2266/2020 2066/2287/2036 2020/2236/1990
f 2050/2266/2020 2048/2264/2018 2067/2288/2037 2066/2287/2036
f 1950/2159/1920 2061/2289/2031 2068/2290/2038 1956/2160/1926
f 2061/2289/2031 2060/2285/2030 2067/2288/2037 2068/2290/2038
f 2048/2264/2018 2047/2263/2017 2068/2290/2038 2067/2288/2037
f 2047/2263/2017 1958/2163/1928 1956/2160/1926 2068/2290/2038
f 1755/1933/1725 1754/1932/1724 2069/2291/2039 2070/2292/2040
f 1754/1932/1724 1753/1931/1723 1802/1990/1772 2069/2291/2039
f 1799/1987/1769 2071/2293/2041 2069/2291/2039 1802/1990/1772
f 2071/2293/2041 2072/2294/2042 2070/2292/2040 2069/2291/2039
f 1946/2149/1916 2073/2295/2043 2074/2296/2044 1947/2150/1917
f 2073/2295/2043 2072/2294/2042 2071/2293/2041 2074/2296/2044
f 1799/1987/1769 1798/1986/1768 2074/2296/2044 2071/2293/2041
f 1798/1986/1768 1797/1985/1767 1947/2150/1917 2074/2296/2044
f 2072/2297/2042 2073/2298/2043 2075/2299/2045 2076/2300/2046
f 2073/2298/2043 1946/2168/1916 1963/2171/1933 2075/2299/2045
f 1838/2026/1808 1837/2025/1807 2075/2299/2045 1963/2171/1933
f 1837/2025/1807 1833/2021/1803 2076/2300/2046 2075/2299/2045
f 2072/2297/2042 2076/2300/2046 2077/2301/2047 2070/2302/2040
f 2076/2300/2046 1833/2021/1803 1832/2020/1802 2077/2301/2047
f 1758/1938/1728 1756/1935/1726 2077/2301/2047 1832/2020/1802
f 1756/1935/1726 1755/1934/1725 2070/2302/2040 2077/2301/2047
f 1804/1992/1774 1803/1991/1773 2078/2303/2048 2079/2304/2049
f 1803/1991/1773 1753/1931/1723 1752/1930/1722 2078/2303/2048
f 1747/1925/1717 2080/2305/2050 2078/2303/2048 1752/1930/1722
f 2080/2305/2050 2081/2306/2051 2079/2304/2049 2078/2303/2048
f 2082/2307/2052 2083/2308/2053 2084/2309/2054 2085/2310/2055
f 2083/2308/2053 2081/2306/2051 2080/2305/2050 2084/2309/2054
f 1747/1925/1717 1746/1924/1716 2084/2309/2054 2080/2305/2050
f 1746/1924/1716 1745/1923/1715 2085/2310/2055 2084/2309/2054
f 2081/2306/2051 2083/2308/2053 2086/2311/2056 2087/2312/2057
f 2083/2308/2053 2082/2307/2052 2088/2313/2058 2086/2311/2056
f 2089/2314/2059 2090/2315/2060 2086/2311/2056 2088/2313/2058
f 2090/2315/2060 2091/2316/2061 2087/2312/2057 2086/2311/2056
f 1804/1992/1774 2079/2304/2049 2092/2317/2062 1807/1995/1777
f 2079/2304/2049 2081/2306/2051 2087/2312/2057 2092/2317/2062
f 2091/2316/2061 2093/2318/2063 2092/2317/2062 2087/2312/2057
f 2093/2318/2063 1808/1996/1778 1807/1995/1777 2092/2317/2062
f 2094/2319/2064 2095/2320/2065 2096/2321/2066 2097/2322/2067
f 2095/2320/2065 1824/2012/1794 1827/2015/1797 2096/2321/2066
f 1829/2017/1799 2098/2323/2068 2096/2321/2066 1827/2015/1797
f 2098/2323/2068 2099/2324/2069 2097/2322/2067 2096/2321/2066
f 2100/2325/2070 2101/2326/2071 2102/2327/2072 2103/2328/2073
f 2101/2326/2071 2094/2319/2064 2097/2322/2067 2102/2327/2072
f 2099/2324/2069 2104/2329/2074 2102/2327/2072 2097/2322/2067
f 2104/2329/2074 2105/2330/2075 2103/2328/2073 2102/2327/2072
f 2100/2325/2070 2106/2331/2076 2107/2332/2077 2101/2326/2071
f 2106/2331/2076 1764/1946/1734 1763/1945/1733 2107/2332/2077
f 1760/1940/1730 2108/2333/2078 2107/2332/2077 1763/1945/1733
f 2108/2333/2078 2094/2319/2064 2101/2326/2071 2107/2332/2077
f 2094/2319/2064 2108/2333/2078 2109/2334/2079 2095/2320/2065
f 2108/2333/2078 1760/1940/1730 1759/1939/1729 2109/2334/2079
f 1758/1938/1728 1830/2018/1800 2109/2334/2079 1759/1939/1729
f 1830/2018/1800 1824/2012/1794 2095/2320/2065 2109/2334/2079
f 2110/2335/2080 2111/2336/2081 2112/2337/2082 2113/2338/2083
f 2111/2336/2081 1845/2033/1815 1848/2036/1818 2112/2337/2082
f 1808/1996/1778 2093/2318/2063 2112/2337/2082 1848/2036/1818
f 2093/2318/2063 2091/2316/2061 2113/2338/2083 2112/2337/2082
f 2114/2339/2084 2115/2340/2085 2116/2341/2086 2117/2342/2087
f 2115/2340/2085 2110/2335/2080 2113/2338/2083 2116/2341/2086
f 2091/2316/2061 2090/2315/2060 2116/2341/2086 2113/2338/2083
f 2090/2315/2060 2089/2314/2059 2117/2342/2087 2116/2341/2086
f 2110/2343/2080 2115/2344/2085 2118/2345/2088 2119/2346/2089
f 2115/2344/2085 2114/2347/2084 2120/2348/2090 2118/2345/2088
f 2105/2330/2075 2104/2329/2074 2118/2345/2088 2120/2348/2090
f 2104/2329/2074 2099/2324/2069 2119/2346/2089 2118/2345/2088
f 1845/2041/1815 2111/2349/2081 2121/2350/2091 1851/2042/1821
f 2111/2349/2081 2110/2343/2080 2119/2346/2089 2121/2350/2091
f 2099/2324/2069 2098/2323/2068 2121/2350/2091 2119/2346/2089
f 2098/2323/2068 1829/2017/1799 1851/2042/1821 2121/2350/2091
f 2122/2351/2092 2123/2352/2093 2124/2353/2094 2125/2354/2095
f 2123/2352/2093 2126/2355/2096 2127/2356/2097 2124/2353/2094
f 2128/2357/2098 2129/2358/2099 2124/2353/2094 2127/2356/2097
f 2129/2358/2099 2130/2359/2100 2125/2354/2095 2124/2353/2094
f 2122/2351/2092 2125/2354/2095 2131/2360/2101 2132/2361/2102
f 2125/2354/2095 2130/2359/2100 2133/2362/2103 2131/2360/2101
f 1866/2059/1836 2134/2363/2104 2131/2360/2101 2133/2362/2103
f 2134/2363/2104 2135/2364/2105 2132/2361/2102 2131/2360/2101
f 2122/2351/2092 2132/2361/2102 2136/2365/2106 2137/2366/2107
f 2132/2361/2102 2135/2364/2105 2138/2367/2108 2136/2365/2106
f 2139/2368/2109 2140/2369/2110 2136/2365/2106 2138/2367/2108
f 2140/2369/2110 2141/2370/2111 2137/2366/2107 2136/2365/2106
f 2126/2355/2096 2123/2352/2093 2142/2371/2112 2143/2372/2113
f 2123/2352/2093 2122/2351/2092 2137/2366/2107 2142/2371/2112
f 2141/2370/2111 2144/2373/2114 2142/2371/2112 2137/2366/2107
f 2144/2373/2114 2145/2374/2115 2143/2372/2113 2142/2371/2112
f 2146/2375/2116 2147/2376/2117 2148/2377/2118 2149/2378/2119
f 2147/2376/2117 2150/2379/2120 2151/2380/2121 2148/2377/2118
f 2152/2381/2122 2153/2382/2123 2148/2377/2118 2151/2380/2121
f 2153/2382/2123 2154/2383/2124 2149/2378/2119 2148/2377/2118
f 2155/2384/2125 2156/2385/2126 2157/2386/2127 2158/2387/2128
f 2156/2385/2126 2154/2383/2124 2153/2382/2123 2157/2386/2127
f 2152/2381/2122 2159/2388/2129 2157/2386/2127 2153/2382/2123
f 2159/2388/2129 2160/2389/2130 2158/2387/2128 2157/2386/2127
f 2155/2384/2125 2161/2390/2131 2162/2391/2132 2156/2385/2126
f 2161/2390/2131 1871/2066/1841 2163/2392/2133 2162/2391/2132
f 2164/2393/2134 2165/2394/2135 2162/2391/2132 2163/2392/2133
f 2165/2394/2135 2154/2383/2124 2156/2385/2126 2162/2391/2132
f 2154/2383/2124 2165/2394/2135 2166/2395/2136 2149/2378/2119
f 2165/2394/2135 2164/2393/2134 2167/2396/2137 2166/2395/2136
f 2168/2397/2138 2169/2398/2139 2166/2395/2136 2167/2396/2137
f 2169/2398/2139 2146/2375/2116 2149/2378/2119 2166/2395/2136
f 2170/2399/2140 2171/2400/2141 2172/2401/2142 2173/2402/2143
f 2171/2400/2141 2174/2403/2144 2175/2404/2145 2172/2401/2142
f 2145/2374/2115 2144/2373/2114 2172/2401/2142 2175/2404/2145
f 2144/2373/2114 2141/2370/2111 2173/2402/2143 2172/2401/2142
f 2176/2405/2146 2177/2406/2147 2178/2407/2148 2179/2408/2149
f 2177/2406/2147 2170/2399/2140 2173/2402/2143 2178/2407/2148
f 2141/2370/2111 2140/2369/2110 2178/2407/2148 2173/2402/2143
f 2140/2369/2110 2139/2368/2109 2179/2408/2149 2178/2407/2148
f 2170/2409/2140 2177/2410/2147 2180/2411/2150 2181/2412/2151
f 2177/2410/2147 2176/2413/2146 2182/2414/2152 2180/2411/2150
f 2160/2389/2130 2159/2388/2129 2180/2411/2150 2182/2414/2152
f 2159/2388/2129 2152/2381/2122 2181/2412/2151 2180/2411/2150
f 2174/2415/2144 2171/2416/2141 2183/2417/2153 2184/2418/2154
f 2171/2416/2141 2170/2409/2140 2181/2412/2151 2183/2417/2153
f 2152/2381/2122 2151/2380/2121 2183/2417/2153 2181/2412/2151
f 2151/2380/2121 2150/2379/2120 2184/2418/2154 2183/2417/2153
f 2185/2419/2155 2186/2420/2156 2187/2421/2157 2188/2422/2158
f 2186/2420/2156 2189/2423/2159 2190/2424/2160 2187/2421/2157
f 2128/2357/2098 2191/2425/2161 2187/2421/2157 2190/2424/2160
f 2191/2425/2161 2192/2426/2162 2188/2422/2158 2187/2421/2157
f 2193/2427/2163 2194/2428/2164 2195/2429/2165 2196/2430/2166
f 2194/2428/2164 2185/2419/2155 2188/2422/2158 2195/2429/2165
f 2192/2426/2162 2197/2431/2167 2195/2429/2165 2188/2422/2158
f 2197/2431/2167 1694/1867/1664 2196/2430/2166 2195/2429/2165
f 2193/2432/2163 2198/2433/2168 2199/2434/2169 2194/2435/2164
f 2198/2433/2168 1719/1892/1689 2200/2436/2170 2199/2434/2169
f 2201/2437/2171 2202/2438/2172 2199/2434/2169 2200/2436/2170
f 2202/2438/2172 2185/2439/2155 2194/2435/2164 2199/2434/2169
f 2185/2439/2155 2202/2438/2172 2203/2440/2173 2186/2441/2156
f 2202/2438/2172 2201/2437/2171 2204/2442/2174 2203/2440/2173
f 2168/2397/2138 2205/2443/2175 2203/2440/2173 2204/2442/2174
f 2205/2443/2175 2189/2444/2159 2186/2441/2156 2203/2440/2173
f 2206/2445/2176 2207/2446/2177 2208/2447/2178 2209/2448/2179
f 2207/2446/2177 1696/1869/1666 1695/1868/1665 2208/2447/2178
f 1694/1867/1664 2197/2431/2167 2208/2447/2178 1695/1868/1665
f 2197/2431/2167 2192/2426/2162 2209/2448/2179 2208/2447/2178
f 2126/2355/2096 2210/2449/2180 2211/2450/2181 2127/2356/2097
f 2210/2449/2180 2206/2445/2176 2209/2448/2179 2211/2450/2181
f 2192/2426/2162 2191/2425/2161 2211/2450/2181 2209/2448/2179
f 2191/2425/2161 2128/2357/2098 2127/2356/2097 2211/2450/2181
f 2126/2355/2096 2143/2372/2113 2212/2451/2182 2210/2449/2180
f 2143/2372/2113 2145/2374/2115 2213/2452/2183 2212/2451/2182
f 2214/2453/2184 2215/2454/2185 2212/2451/2182 2213/2452/2183
f 2215/2454/2185 2206/2445/2176 2210/2449/2180 2212/2451/2182
f 2206/2445/2176 2215/2454/2185 2216/2455/2186 2207/2446/2177
f 2215/2454/2185 2214/2453/2184 2217/2456/2187 2216/2455/2186
f 1699/1872/1669 1698/1871/1668 2216/2455/2186 2217/2456/2187
f 1698/1871/1668 1696/1869/1666 2207/2446/2177 2216/2455/2186
f 2218/2457/2188 2219/2458/2189 2220/2459/2190 2221/2460/2191
f 2219/2458/2189 1715/1888/1685 1714/1887/1684 2220/2459/2190
f 1713/1886/1683 2222/2461/2192 2220/2459/2190 1714/1887/1684
f 2222/2461/2192 2223/2462/2193 2221/2460/2191 2220/2459/2190
f 2146/2375/2116 2224/2463/2194 2225/2464/2195 2147/2376/2117
f 2224/2463/2194 2218/2457/2188 2221/2460/2191 2225/2464/2195
f 2223/2462/2193 2226/2465/2196 2225/2464/2195 2221/2460/2191
f 2226/2465/2196 2150/2379/2120 2147/2376/2117 2225/2464/2195
f 2146/2375/2116 2169/2398/2139 2227/2466/2197 2224/2463/2194
f 2169/2398/2139 2168/2397/2138 2204/2442/2174 2227/2466/2197
f 2201/2437/2171 2228/2467/2198 2227/2466/2197 2204/2442/2174
f 2228/2467/2198 2218/2457/2188 2224/2463/2194 2227/2466/2197
f 2218/2457/2188 2228/2467/2198 2229/2468/2199 2219/2458/2189
f 2228/2467/2198 2201/2437/2171 2200/2436/2170 2229/2468/2199
f 1719/1892/1689 1718/1891/1688 2229/2468/2199 2200/2436/2170
f 1718/1891/1688 1715/1888/1685 2219/2458/2189 2229/2468/2199
f 1732/1905/1702 1735/1908/1705 2230/2469/2200 2231/2470/2201
f 1735/1908/1705 1699/1872/1669 2217/2456/2187 2230/2469/2200
f 2214/2453/2184 2232/2471/2202 2230/2469/2200 2217/2456/2187
f 2232/2471/2202 2233/2472/2203 2231/2470/2201 2230/2469/2200
f 2233/2472/2203 2232/2471/2202 2234/2473/2204 2235/2474/2205
f 2232/2471/2202 2214/2453/2184 2213/2452/2183 2234/2473/2204
f 2145/2374/2115 2175/2404/2145 2234/2473/2204 2213/2452/2183
f 2175/2404/2145 2174/2403/2144 2235/2474/2205 2234/2473/2204
f 2233/2475/2203 2235/2476/2205 2236/2477/2206 2237/2478/2207
f 2235/2476/2205 2174/2415/2144 2184/2418/2154 2236/2477/2206
f 2150/2379/2120 2226/2465/2196 2236/2477/2206 2184/2418/2154
f 2226/2465/2196 2223/2462/2193 2237/2478/2207 2236/2477/2206
f 1732/1913/1702 2231/2479/2201 2238/2480/2208 1738/1914/1708
f 2231/2479/2201 2233/2475/2203 2237/2478/2207 2238/2480/2208
f 2223/2462/2193 2222/2461/2192 2238/2480/2208 2237/2478/2207
f 2222/2461/2192 1713/1886/1683 1738/1914/1708 2238/2480/2208
f 2193/2427/2163 2196/2430/2166 2239/2481/2209 2240/2482/2210
f 2196/2430/2166 1694/1867/1664 1693/1866/1663 2239/2481/2209
f 1685/1858/1655 2241/2483/2211 2239/2481/2209 1693/1866/1663
f 2241/2483/2211 2242/2484/2212 2240/2482/2210 2239/2481/2209
f 2242/2484/2212 2241/2483/2211 2243/2485/2213 2244/2486/2214
f 2241/2483/2211 1685/1858/1655 1688/1861/1658 2243/2485/2213
f 1690/1863/1660 2245/2487/2215 2243/2485/2213 1688/1861/1658
f 2245/2487/2215 2246/2488/2216 2244/2486/2214 2243/2485/2213
f 2242/2489/2212 2244/2490/2214 2247/2491/2217 2248/2492/2218
f 2244/2490/2214 2246/2493/2216 2249/2494/2219 2247/2491/2217
f 1725/1898/1695 1724/1897/1694 2247/2491/2217 2249/2494/2219
f 1724/1897/1694 1721/1894/1691 2248/2492/2218 2247/2491/2217
f 2242/2489/2212 2248/2492/2218 2250/2495/2220 2240/2496/2210
f 2248/2492/2218 1721/1894/1691 1720/1893/1690 2250/2495/2220
f 1719/1892/1689 2198/2433/2168 2250/2495/2220 1720/1893/1690
f 2198/2433/2168 2193/2432/2163 2240/2496/2210 2250/2495/2220
f 1868/2061/1838 1867/2060/1837 2251/2497/2221 2252/2498/2222
f 1867/2060/1837 1866/2059/1836 2133/2362/2103 2251/2497/2221
f 2130/2359/2100 2253/2499/2223 2251/2497/2221 2133/2362/2103
f 2253/2499/2223 2254/2500/2224 2252/2498/2222 2251/2497/2221
f 2254/2500/2224 2253/2499/2223 2255/2501/2225 2256/2502/2226
f 2253/2499/2223 2130/2359/2100 2129/2358/2099 2255/2501/2225
f 2128/2357/2098 2190/2424/2160 2255/2501/2225 2129/2358/2099
f 2190/2424/2160 2189/2423/2159 2256/2502/2226 2255/2501/2225
f 2189/2444/2159 2205/2443/2175 2257/2503/2227 2256/2504/2226
f 2205/2443/2175 2168/2397/2138 2167/2396/2137 2257/2503/2227
f 2164/2393/2134 2258/2505/2228 2257/2503/2227 2167/2396/2137
f 2258/2505/2228 2254/2506/2224 2256/2504/2226 2257/2503/2227
f 2254/2506/2224 2258/2505/2228 2259/2507/2229 2252/2508/2222
f 2258/2505/2228 2164/2393/2134 2163/2392/2133 2259/2507/2229
f 1871/2066/1841 1869/2063/1839 2259/2507/2229 2163/2392/2133
f 1869/2063/1839 1868/2062/1838 2252/2508/2222 2259/2507/2229
f 2135/2364/2105 2134/2363/2104 2260/2509/2230 2261/2510/2231
f 2134/2363/2104 1866/2059/1836 1865/2058/1835 2260/2509/2230
f 1860/2053/1830 2262/2511/2232 2260/2509/2230 1865/2058/1835
f 2262/2511/2232 2263/2512/2233 2261/2510/2231 2260/2509/2230
f 2263/2512/2233 2262/2511/2232 2264/2513/2234 2265/2514/2235
f 2262/2511/2232 1860/2053/1830 1859/2052/1829 2264/2513/2234
f 1858/2051/1828 1880/2078/1850 2264/2513/2234 1859/2052/1829
f 1880/2078/1850 1879/2077/1849 2265/2514/2235 2264/2513/2234
f 2263/2512/2233 2265/2514/2235 2266/2515/2236 2267/2516/2237
f 2265/2514/2235 1879/2077/1849 1900/2098/1870 2266/2515/2236
f 1902/2100/1872 2268/2517/2238 2266/2515/2236 1900/2098/1870
f 2268/2517/2238 2269/2518/2239 2267/2516/2237 2266/2515/2236
f 2135/2364/2105 2261/2510/2231 2270/2519/2240 2138/2367/2108
f 2261/2510/2231 2263/2512/2233 2267/2516/2237 2270/2519/2240
f 2269/2518/2239 2271/2520/2241 2270/2519/2240 2267/2516/2237
f 2271/2520/2241 2139/2368/2109 2138/2367/2108 2270/2519/2240
f 2272/2521/2242 2273/2522/2243 2274/2523/2244 2275/2524/2245
f 2273/2522/2243 2155/2384/2125 2158/2387/2128 2274/2523/2244
f 2160/2389/2130 2276/2525/2246 2274/2523/2244 2158/2387/2128
f 2276/2525/2246 2277/2526/2247 2275/2524/2245 2274/2523/2244
f 1907/2105/1877 2278/2527/2248 2279/2528/2249 1908/2106/1878
f 2278/2527/2248 2272/2521/2242 2275/2524/2245 2279/2528/2249
f 2277/2526/2247 2280/2529/2250 2279/2528/2249 2275/2524/2245
f 2280/2529/2250 1909/2107/1879 1908/2106/1878 2279/2528/2249
f 1907/2105/1877 1926/2124/1896 2281/2530/2251 2278/2527/2248
f 1926/2124/1896 1877/2074/1847 1876/2073/1846 2281/2530/2251
f 1873/2068/1843 2282/2531/2252 2281/2530/2251 1876/2073/1846
f 2282/2531/2252 2272/2521/2242 2278/2527/2248 2281/2530/2251
f 2272/2521/2242 2282/2531/2252 2283/2532/2253 2273/2522/2243
f 2282/2531/2252 1873/2068/1843 1872/2067/1842 2283/2532/2253
f 1871/2066/1841 2161/2390/2131 2283/2532/2253 1872/2067/1842
f 2161/2390/2131 2155/2384/2125 2273/2522/2243 2283/2532/2253
f 2284/2533/2254 2285/2534/2255 2286/2535/2256 2287/2536/2257
f 2285/2534/2255 2176/2405/2146 2179/2408/2149 2286/2535/2256
f 2139/2368/2109 2271/2520/2241 2286/2535/2256 2179/2408/2149
f 2271/2520/2241 2269/2518/2239 2287/2536/2257 2286/2535/2256
f 1931/2129/1901 2288/2537/2258 2289/2538/2259 1932/2130/1902
f 2288/2537/2258 2284/2533/2254 2287/2536/2257 2289/2538/2259
f 2269/2518/2239 2268/2517/2238 2289/2538/2259 2287/2536/2257
f 2268/2517/2238 1902/2100/1872 1932/2130/1902 2289/2538/2259
f 2284/2539/2254 2288/2540/2258 2290/2541/2260 2291/2542/2261
f 2288/2540/2258 1931/2141/1901 1941/2144/1911 2290/2541/2260
f 1909/2107/1879 2280/2529/2250 2290/2541/2260 1941/2144/1911
f 2280/2529/2250 2277/2526/2247 2291/2542/2261 2290/2541/2260
f 2176/2413/2146 2285/2543/2255 2292/2544/2262 2182/2414/2152
f 2285/2543/2255 2284/2539/2254 2291/2542/2261 2292/2544/2262
f 2277/2526/2247 2276/2525/2246 2292/2544/2262 2291/2542/2261
f 2276/2525/2246 2160/2389/2130 2182/2414/2152 2292/2544/2262
f 1690/1863/1660 1689/1862/1659 2293/2545/2263 2296/2546/2264
f 1689/1862/1659 1682/1855/1652 2294/2547/2265 2293/2545/2263
f 2294/2547/2265 1682/1855/1652 1681/1854/1651 2297/2548/2266
f 1680/1853/1650 2298/2549/2267 2297/2548/2266 1681/1854/1651
f 2299/2550/2268 2298/2549/2267 2304/2551/2269 2305/2552/2270
f 2298/2549/2267 1680/1853/1650 1731/1904/1701 2304/2551/2269
f 1730/1903/1700 2306/2553/2271 2304/2551/2269 1731/1904/1701
f 2306/2553/2271 2307/2554/2272 2305/2552/2270 2304/2551/2269
f 2308/2555/2273 2309/2556/2274 2310/2557/2275 2311/2558/2276
f 2309/2556/2274 2307/2559/2272 2306/2560/2271 2310/2557/2275
f 1730/1918/1700 1740/1917/1710 2310/2557/2275 2306/2560/2271
f 1740/1917/1710 1705/1878/1675 2311/2558/2276 2310/2557/2275
f 2309/2556/2274 2308/2555/2273 2313/2561/2277 2312/2562/2278
f 2315/2563/2279 2316/2564/2280 2317/2565/2281 2318/2566/2282
f 2316/2564/2280 2308/2555/2273 2311/2558/2276 2317/2565/2281
f 1705/1878/1675 1702/1875/1672 2317/2565/2281 2311/2558/2276
f 1702/1875/1672 1701/1874/1671 2318/2566/2282 2317/2565/2281
f 2315/2563/2279 2318/2566/2282 2319/2567/2283 2320/2568/2284
f 2318/2566/2282 1701/1874/1671 1723/1896/1693 2319/2567/2283
f 1725/1898/1695 2321/2569/2285 2319/2567/2283 1723/1896/1693
f 2321/2569/2285 2322/2570/2286 2320/2568/2284 2319/2567/2283
f 2326/2571/2287 2327/2572/2288 2323/2573/2289 2325/2574/2290
f 2327/2572/2288 2315/2563/2279 2320/2568/2284 2323/2573/2289
f 2315/2563/2279 2327/2572/2288 2328/2575/2291 2316/2564/2280
f 2313/2561/2277 2308/2555/2273 2316/2564/2280 2328/2575/2291
f 2322/2570/2286 2321/2569/2285 2329/2576/2292 2330/2577/2293
f 2321/2569/2285 1725/1898/1695 2249/2494/2219 2329/2576/2292
f 2246/2493/2216 2331/2578/2294 2329/2576/2292 2249/2494/2219
f 2331/2578/2294 2332/2579/2295 2330/2577/2293 2329/2576/2292
f 2295/2580/2296 2333/2581/2297 2334/2582/2298 2296/2546/2264
f 2333/2581/2297 2332/2583/2295 2331/2584/2294 2334/2582/2298
f 2246/2488/2216 2245/2487/2215 2334/2582/2298 2331/2584/2294
f 2245/2487/2215 1690/1863/1660 2296/2546/2264 2334/2582/2298
f 2332/2579/2295 2336/2585/2299 2337/2586/2300 2330/2577/2293
f 2342/2587/2301 2343/2588/2302 2339/2589/2303 2341/2590/2304
f 2343/2588/2302 2344/2591/2305 2340/2592/2306 2339/2589/2303
f 2340/2592/2306 2344/2591/2305 2346/2593/2307 2345/2594/2308
f 2347/2595/2309 2348/2596/2310 2345/2594/2308 2346/2593/2307
f 2351/2597/2311 2350/2598/2312 2355/2599/2313 2353/2600/2314
f 2356/2601/2315 2357/2602/2316 2353/2600/2314 2355/2599/2313
f 2357/2602/2316 2358/2603/2317 2354/2604/2318 2353/2600/2314
f 2358/2605/2317 2360/2606/2319 2359/2607/2320 2354/2608/2318
f 2360/2606/2319 2342/2587/2301 2341/2590/2304 2359/2607/2320
f 2350/2598/2312 2352/2609/2321 2361/2610/2322 2362/2611/2323
f 2365/2612/2324 2366/2613/2325 2367/2614/2326 2364/2615/2327
f 2366/2613/2325 2368/2616/2328 2369/2617/2329 2367/2614/2326
f 2370/2618/2330 2371/2619/2331 2367/2614/2326 2369/2617/2329
f 2350/2598/2312 2362/2611/2323 2372/2620/2332 2355/2599/2313
f 2370/2618/2330 2373/2621/2333 2372/2620/2332 2371/2619/2331
f 2373/2621/2333 2356/2601/2315 2355/2599/2313 2372/2620/2332
f 2348/2596/2310 2347/2595/2309 2377/2622/2334 2376/2623/2335
f 2378/2624/2336 2379/2625/2337 2376/2623/2335 2377/2622/2334
f 2379/2626/2337 2378/2627/2336 2381/2628/2338 2380/2629/2339
f 2368/2616/2328 2366/2613/2325 2380/2629/2339 2381/2628/2338
f 2366/2613/2325 2365/2612/2324 2374/2630/2340 2380/2629/2339
f 2344/2591/2305 2343/2588/2302 2382/2631/2341 2383/2632/2342
f 2343/2588/2302 2342/2587/2301 2384/2633/2343 2382/2631/2341
f 2385/2634/2344 2386/2635/2345 2382/2631/2341 2384/2633/2343
f 2386/2635/2345 2387/2636/2346 2383/2632/2342 2382/2631/2341
f 2387/2636/2346 2386/2635/2345 2388/2637/2347 2389/2638/2348
f 2386/2635/2345 2385/2634/2344 2390/2639/2349 2388/2637/2347
f 2391/2640/2350 2392/2641/2351 2388/2637/2347 2390/2639/2349
f 2392/2641/2351 2393/2642/2352 2389/2638/2348 2388/2637/2347
f 2387/2636/2346 2389/2638/2348 2394/2643/2353 2395/2644/2354
f 2389/2638/2348 2393/2642/2352 2396/2645/2355 2394/2643/2353
f 2397/2646/2356 2398/2647/2357 2394/2643/2353 2396/2645/2355
f 2398/2647/2357 2399/2648/2358 2395/2644/2354 2394/2643/2353
f 2344/2591/2305 2383/2632/2342 2400/2649/2359 2346/2593/2307
f 2383/2632/2342 2387/2636/2346 2395/2644/2354 2400/2649/2359
f 2399/2648/2358 2401/2650/2360 2400/2649/2359 2395/2644/2354
f 2401/2650/2360 2347/2595/2309 2346/2593/2307 2400/2649/2359
f 2358/2603/2317 2357/2602/2316 2402/2651/2361 2403/2652/2362
f 2357/2602/2316 2356/2601/2315 2404/2653/2363 2402/2651/2361
f 2405/2654/2364 2406/2655/2365 2402/2651/2361 2404/2653/2363
f 2406/2655/2365 2407/2656/2366 2403/2652/2362 2402/2651/2361
f 2407/2656/2366 2406/2655/2365 2408/2657/2367 2409/2658/2368
f 2406/2655/2365 2405/2654/2364 2410/2659/2369 2408/2657/2367
f 2411/2660/2370 2412/2661/2371 2408/2657/2367 2410/2659/2369
f 2412/2661/2371 2413/2662/2372 2409/2658/2368 2408/2657/2367
f 2413/2663/2372 2414/2664/2373 2415/2665/2374 2409/2666/2368
f 2414/2664/2373 2391/2640/2350 2390/2639/2349 2415/2665/2374
f 2385/2634/2344 2416/2667/2375 2415/2665/2374 2390/2639/2349
f 2416/2667/2375 2407/2668/2366 2409/2666/2368 2415/2665/2374
f 2407/2668/2366 2416/2667/2375 2417/2669/2376 2403/2670/2362
f 2416/2667/2375 2385/2634/2344 2384/2633/2343 2417/2669/2376
f 2342/2587/2301 2360/2606/2319 2417/2669/2376 2384/2633/2343
f 2360/2606/2319 2358/2605/2317 2403/2670/2362 2417/2669/2376
f 2370/2618/2330 2369/2617/2329 2418/2671/2377 2419/2672/2378
f 2369/2617/2329 2368/2616/2328 2420/2673/2379 2418/2671/2377
f 2421/2674/2380 2422/2675/2381 2418/2671/2377 2420/2673/2379
f 2422/2675/2381 2423/2676/2382 2419/2672/2378 2418/2671/2377
f 2423/2676/2382 2422/2675/2381 2424/2677/2383 2425/2678/2384
f 2422/2675/2381 2421/2674/2380 2426/2679/2385 2424/2677/2383
f 2427/2680/2386 2428/2681/2387 2424/2677/2383 2426/2679/2385
f 2428/2681/2387 2429/2682/2388 2425/2678/2384 2424/2677/2383
f 2423/2676/2382 2425/2678/2384 2430/2683/2389 2431/2684/2390
f 2425/2678/2384 2429/2682/2388 2432/2685/2391 2430/2683/2389
f 2411/2660/2370 2410/2659/2369 2430/2683/2389 2432/2685/2391
f 2410/2659/2369 2405/2654/2364 2431/2684/2390 2430/2683/2389
f 2370/2618/2330 2419/2672/2378 2433/2686/2392 2373/2621/2333
f 2419/2672/2378 2423/2676/2382 2431/2684/2390 2433/2686/2392
f 2405/2654/2364 2404/2653/2363 2433/2686/2392 2431/2684/2390
f 2404/2653/2363 2356/2601/2315 2373/2621/2333 2433/2686/2392
f 2434/2687/2393 2435/2688/2394 2436/2689/2395 2437/2690/2396
f 2435/2688/2394 2378/2624/2336 2377/2622/2334 2436/2689/2395
f 2347/2595/2309 2401/2650/2360 2436/2689/2395 2377/2622/2334
f 2401/2650/2360 2399/2648/2358 2437/2690/2396 2436/2689/2395
f 2434/2687/2393 2437/2690/2396 2438/2691/2397 2439/2692/2398
f 2437/2690/2396 2399/2648/2358 2398/2647/2357 2438/2691/2397
f 2397/2646/2356 2440/2693/2399 2438/2691/2397 2398/2647/2357
f 2440/2693/2399 2441/2694/2400 2439/2692/2398 2438/2691/2397
f 2441/2695/2400 2442/2696/2401 2443/2697/2402 2439/2698/2398
f 2442/2696/2401 2427/2680/2386 2426/2679/2385 2443/2697/2402
f 2421/2674/2380 2444/2699/2403 2443/2697/2402 2426/2679/2385
f 2444/2699/2403 2434/2700/2393 2439/2698/2398 2443/2697/2402
f 2378/2627/2336 2435/2701/2394 2445/2702/2404 2381/2628/2338
f 2435/2701/2394 2434/2700/2393 2444/2699/2403 2445/2702/2404
f 2421/2674/2380 2420/2673/2379 2445/2702/2404 2444/2699/2403
f 2420/2673/2379 2368/2616/2328 2381/2628/2338 2445/2702/2404
f 2446/2703/2405 2447/2704/2406 2448/2705/2407 2449/2706/2408
f 2447/2704/2406 2450/2707/2409 2451/2708/2410 2448/2705/2407
f 2452/2709/2411 2453/2710/2412 2448/2705/2407 2451/2708/2410
f 2453/2710/2412 2454/2711/2413 2449/2706/2408 2448/2705/2407
f 2454/2711/2413 2453/2710/2412 2455/2712/2414 2456/2713/2415
f 2453/2710/2412 2452/2709/2411 2457/2714/2416 2455/2712/2414
f 1780/1963/1750 1779/1962/1749 2455/2712/2414 2457/2714/2416
f 1779/1962/1749 1772/1955/1742 2456/2713/2415 2455/2712/2414
f 2454/2711/2413 2456/2713/2415 2458/2715/2417 2459/2716/2418
f 2456/2713/2415 1772/1955/1742 1771/1954/1741 2458/2715/2417
f 1770/1953/1740 2460/2717/2419 2458/2715/2417 1771/1954/1741
f 2460/2717/2419 2461/2718/2420 2459/2716/2418 2458/2715/2417
f 2446/2703/2405 2449/2706/2408 2462/2719/2421 2463/2720/2422
f 2449/2706/2408 2454/2711/2413 2459/2716/2418 2462/2719/2421
f 2461/2718/2420 2464/2721/2423 2462/2719/2421 2459/2716/2418
f 2464/2721/2423 2465/2722/2424 2463/2720/2422 2462/2719/2421
f 2466/2723/2425 2467/2724/2426 2468/2725/2427 2469/2726/2428
f 2467/2724/2426 2470/2727/2429 2471/2728/2430 2468/2725/2427
f 2472/2729/2431 2473/2730/2432 2468/2725/2427 2471/2728/2430
f 2473/2730/2432 2474/2731/2433 2469/2726/2428 2468/2725/2427
f 2474/2731/2433 2473/2730/2432 2475/2732/2434 2476/2733/2435
f 2473/2730/2432 2472/2729/2431 2477/2734/2436 2475/2732/2434
f 1783/1968/1753 1781/1965/1751 2475/2732/2434 2477/2734/2436
f 1781/1965/1751 1775/1964/1745 2476/2733/2435 2475/2732/2434
f 2474/2735/2433 2476/2736/2435 2478/2737/2437 2479/2738/2438
f 2476/2736/2435 1775/1958/1745 1778/1961/1748 2478/2737/2437
f 1780/1963/1750 2457/2714/2416 2478/2737/2437 1778/1961/1748
f 2457/2714/2416 2452/2709/2411 2479/2738/2438 2478/2737/2437
f 2474/2735/2433 2479/2738/2438 2480/2739/2439 2469/2740/2428
f 2479/2738/2438 2452/2709/2411 2451/2708/2410 2480/2739/2439
f 2450/2707/2409 2481/2741/2440 2480/2739/2439 2451/2708/2410
f 2481/2741/2440 2466/2742/2425 2469/2740/2428 2480/2739/2439
f 2482/2743/2441 2483/2744/2442 2484/2745/2443 2485/2746/2444
f 2483/2744/2442 2486/2747/2445 2487/2748/2446 2484/2745/2443
f 2488/2749/2447 2489/2750/2448 2484/2745/2443 2487/2748/2446
f 2489/2750/2448 2490/2751/2449 2485/2746/2444 2484/2745/2443
f 2490/2751/2449 2489/2750/2448 2491/2752/2450 2492/2753/2451
f 2489/2750/2448 2488/2749/2447 2493/2754/2452 2491/2752/2450
f 1790/1978/1760 1789/1977/1759 2491/2752/2450 2493/2754/2452
f 1789/1977/1759 1785/1970/1755 2492/2753/2451 2491/2752/2450
f 2490/2751/2449 2492/2753/2451 2494/2755/2453 2495/2756/2454
f 2492/2753/2451 1785/1970/1755 1784/1969/1754 2494/2755/2453
f 1783/1968/1753 2477/2734/2436 2494/2755/2453 1784/1969/1754
f 2477/2734/2436 2472/2729/2431 2495/2756/2454 2494/2755/2453
f 2482/2743/2441 2485/2746/2444 2496/2757/2455 2497/2758/2456
f 2485/2746/2444 2490/2751/2449 2495/2756/2454 2496/2757/2455
f 2472/2729/2431 2471/2728/2430 2496/2757/2455 2495/2756/2454
f 2471/2728/2430 2470/2727/2429 2497/2758/2456 2496/2757/2455
f 2498/2759/2457 2499/2760/2458 2500/2761/2459 2501/2762/2460
f 2499/2760/2458 2502/2763/2461 2503/2764/2462 2500/2761/2459
f 2465/2722/2424 2464/2721/2423 2500/2761/2459 2503/2764/2462
f 2464/2721/2423 2461/2718/2420 2501/2762/2460 2500/2761/2459
f 2498/2759/2457 2501/2762/2460 2504/2765/2463 2505/2766/2464
f 2501/2762/2460 2461/2718/2420 2460/2717/2419 2504/2765/2463
f 1770/1953/1740 1767/1950/1737 2504/2765/2463 2460/2717/2419
f 1767/1950/1737 1766/1949/1736 2505/2766/2464 2504/2765/2463
f 2498/2767/2457 2505/2768/2464 2506/2769/2465 2507/2770/2466
f 2505/2768/2464 1766/1973/1736 1788/1976/1758 2506/2769/2465
f 1790/1978/1760 2493/2754/2452 2506/2769/2465 1788/1976/1758
f 2493/2754/2452 2488/2749/2447 2507/2770/2466 2506/2769/2465
f 2502/2771/2461 2499/2772/2458 2508/2773/2467 2509/2774/2468
f 2499/2772/2458 2498/2767/2457 2507/2770/2466 2508/2773/2467
f 2488/2749/2447 2487/2748/2446 2508/2773/2467 2507/2770/2466
f 2487/2748/2446 2486/2747/2445 2509/2774/2468 2508/2773/2467
f 2393/2642/2352 2392/2641/2351 2510/2775/2469 2511/2776/2470
f 2392/2641/2351 2391/2640/2350 2512/2777/2471 2510/2775/2469
f 2513/2778/2472 2514/2779/2473 2510/2775/2469 2512/2777/2471
f 2514/2779/2473 2515/2780/2474 2511/2776/2470 2510/2775/2469
f 2515/2780/2474 2514/2779/2473 2516/2781/2475 2517/2782/2476
f 2514/2779/2473 2513/2778/2472 2518/2783/2477 2516/2781/2475
f 2450/2707/2409 2447/2704/2406 2516/2781/2475 2518/2783/2477
f 2447/2704/2406 2446/2703/2405 2517/2782/2476 2516/2781/2475
f 2515/2780/2474 2517/2782/2476 2519/2784/2478 2520/2785/2479
f 2517/2782/2476 2446/2703/2405 2463/2720/2422 2519/2784/2478
f 2465/2722/2424 2521/2786/2480 2519/2784/2478 2463/2720/2422
f 2521/2786/2480 2522/2787/2481 2520/2785/2479 2519/2784/2478
f 2393/2642/2352 2511/2776/2470 2523/2788/2482 2396/2645/2355
f 2511/2776/2470 2515/2780/2474 2520/2785/2479 2523/2788/2482
f 2522/2787/2481 2524/2789/2483 2523/2788/2482 2520/2785/2479
f 2524/2789/2483 2397/2646/2356 2396/2645/2355 2523/2788/2482
f 2413/2662/2372 2412/2661/2371 2525/2790/2484 2526/2791/2485
f 2412/2661/2371 2411/2660/2370 2527/2792/2486 2525/2790/2484
f 2528/2793/2487 2529/2794/2488 2525/2790/2484 2527/2792/2486
f 2529/2794/2488 2530/2795/2489 2526/2791/2485 2525/2790/2484
f 2530/2795/2489 2529/2794/2488 2531/2796/2490 2532/2797/2491
f 2529/2794/2488 2528/2793/2487 2533/2798/2492 2531/2796/2490
f 2470/2727/2429 2467/2724/2426 2531/2796/2490 2533/2798/2492
f 2467/2724/2426 2466/2723/2425 2532/2797/2491 2531/2796/2490
f 2466/2742/2425 2481/2741/2440 2534/2799/2493 2532/2800/2491
f 2481/2741/2440 2450/2707/2409 2518/2783/2477 2534/2799/2493
f 2513/2778/2472 2535/2801/2494 2534/2799/2493 2518/2783/2477
f 2535/2801/2494 2530/2802/2489 2532/2800/2491 2534/2799/2493
f 2530/2802/2489 2535/2801/2494 2536/2803/2495 2526/2804/2485
f 2535/2801/2494 2513/2778/2472 2512/2777/2471 2536/2803/2495
f 2391/2640/2350 2414/2664/2373 2536/2803/2495 2512/2777/2471
f 2414/2664/2373 2413/2663/2372 2526/2804/2485 2536/2803/2495
f 2537/2805/2496 2538/2806/2497 2539/2807/2498 2540/2808/2499
f 2538/2806/2497 2429/2682/2388 2428/2681/2387 2539/2807/2498
f 2427/2680/2386 2541/2809/2500 2539/2807/2498 2428/2681/2387
f 2541/2809/2500 2542/2810/2501 2540/2808/2499 2539/2807/2498
f 2537/2805/2496 2540/2808/2499 2543/2811/2502 2544/2812/2503
f 2540/2808/2499 2542/2810/2501 2545/2813/2504 2543/2811/2502
f 2486/2747/2445 2483/2744/2442 2543/2811/2502 2545/2813/2504
f 2483/2744/2442 2482/2743/2441 2544/2812/2503 2543/2811/2502
f 2537/2805/2496 2544/2812/2503 2546/2814/2505 2547/2815/2506
f 2544/2812/2503 2482/2743/2441 2497/2758/2456 2546/2814/2505
f 2470/2727/2429 2533/2798/2492 2546/2814/2505 2497/2758/2456
f 2533/2798/2492 2528/2793/2487 2547/2815/2506 2546/2814/2505
f 2429/2682/2388 2538/2806/2497 2548/2816/2507 2432/2685/2391
f 2538/2806/2497 2537/2805/2496 2547/2815/2506 2548/2816/2507
f 2528/2793/2487 2527/2792/2486 2548/2816/2507 2547/2815/2506
f 2527/2792/2486 2411/2660/2370 2432/2685/2391 2548/2816/2507
f 2549/2817/2508 2550/2818/2509 2551/2819/2510 2552/2820/2511
f 2550/2818/2509 2441/2694/2400 2440/2693/2399 2551/2819/2510
f 2397/2646/2356 2524/2789/2483 2551/2819/2510 2440/2693/2399
f 2524/2789/2483 2522/2787/2481 2552/2820/2511 2551/2819/2510
f 2502/2763/2461 2553/2821/2512 2554/2822/2513 2503/2764/2462
f 2553/2821/2512 2549/2817/2508 2552/2820/2511 2554/2822/2513
f 2522/2787/2481 2521/2786/2480 2554/2822/2513 2552/2820/2511
f 2521/2786/2480 2465/2722/2424 2503/2764/2462 2554/2822/2513
f 2549/2823/2508 2553/2824/2512 2555/2825/2514 2556/2826/2515
f 2553/2824/2512 2502/2771/2461 2509/2774/2468 2555/2825/2514
f 2486/2747/2445 2545/2813/2504 2555/2825/2514 2509/2774/2468
f 2545/2813/2504 2542/2810/2501 2556/2826/2515 2555/2825/2514
f 2441/2695/2400 2550/2827/2509 2557/2828/2516 2442/2696/2401
f 2550/2827/2509 2549/2823/2508 2556/2826/2515 2557/2828/2516
f 2542/2810/2501 2541/2809/2500 2557/2828/2516 2556/2826/2515
f 2541/2809/2500 2427/2680/2386 2442/2696/2401 2557/2828/2516
f 2558/2829/2517 2559/2830/2518 2560/2831/2519 2561/2832/2520
f 2559/2830/2518 2562/2833/2521 2563/2834/2522 2560/2831/2519
f 2564/2835/2523 2565/2836/2524 2560/2831/2519 2563/2834/2522
f 2565/2836/2524 2566/2837/2525 2561/2832/2520 2560/2831/2519
f 2567/2838/2526 2568/2839/2527 2569/2840/2528 2570/2841/2529
f 2568/2839/2527 2566/2837/2525 2565/2836/2524 2569/2840/2528
f 2564/2835/2523 2571/2842/2530 2569/2840/2528 2565/2836/2524
f 2571/2842/2530 2572/2843/2531 2570/2841/2529 2569/2840/2528
f 2566/2837/2525 2568/2839/2527 2573/2844/2532 2574/2845/2533
f 2568/2839/2527 2567/2838/2526 2575/2846/2534 2573/2844/2532
f 2576/2847/2535 2577/2848/2536 2573/2844/2532 2575/2846/2534
f 2577/2848/2536 2578/2849/2537 2574/2845/2533 2573/2844/2532
f 2566/2837/2525 2574/2845/2533 2579/2850/2538 2561/2832/2520
f 2574/2845/2533 2578/2849/2537 2580/2851/2539 2579/2850/2538
f 2581/2852/2540 2582/2853/2541 2579/2850/2538 2580/2851/2539
f 2582/2853/2541 2558/2829/2517 2561/2832/2520 2579/2850/2538
f 2583/2854/2542 2584/2855/2543 2585/2856/2544 2586/2857/2545
f 2584/2855/2543 2587/2858/2546 2588/2859/2547 2585/2856/2544
f 2589/2860/2548 2590/2861/2549 2585/2856/2544 2588/2859/2547
f 2590/2861/2549 2591/2862/2550 2586/2857/2545 2585/2856/2544
f 2591/2862/2550 2590/2861/2549 2592/2863/2551 2593/2864/2552
f 2590/2861/2549 2589/2860/2548 2594/2865/2553 2592/2863/2551
f 2595/2866/2554 2596/2867/2555 2592/2863/2551 2594/2865/2553
f 2596/2867/2555 2597/2868/2556 2593/2864/2552 2592/2863/2551
f 2591/2862/2550 2593/2864/2552 2598/2869/2557 2599/2870/2558
f 2593/2864/2552 2597/2868/2556 2600/2871/2559 2598/2869/2557
f 2601/2872/2560 2602/2873/2561 2598/2869/2557 2600/2871/2559
f 2602/2873/2561 2603/2874/2562 2599/2870/2558 2598/2869/2557
f 2583/2854/2542 2586/2857/2545 2604/2875/2563 2605/2876/2564
f 2586/2857/2545 2591/2862/2550 2599/2870/2558 2604/2875/2563
f 2603/2874/2562 2606/2877/2565 2604/2875/2563 2599/2870/2558
f 2606/2877/2565 2607/2878/2566 2605/2876/2564 2604/2875/2563
f 2608/2879/2567 2609/2880/2568 2610/2881/2569 2611/2882/2570
f 2609/2880/2568 2612/2883/2571 2613/2884/2572 2610/2881/2569
f 2562/2833/2521 2559/2830/2518 2610/2881/2569 2613/2884/2572
f 2559/2830/2518 2558/2829/2517 2611/2882/2570 2610/2881/2569
f 2614/2885/2573 2615/2886/2574 2616/2887/2575 2617/2888/2576
f 2615/2886/2574 2608/2879/2567 2611/2882/2570 2616/2887/2575
f 2558/2829/2517 2582/2853/2541 2616/2887/2575 2611/2882/2570
f 2582/2853/2541 2581/2852/2540 2617/2888/2576 2616/2887/2575
f 2608/2889/2567 2615/2890/2574 2618/2891/2577 2619/2892/2578
f 2615/2890/2574 2614/2893/2573 2620/2894/2579 2618/2891/2577
f 2595/2866/2554 2594/2865/2553 2618/2891/2577 2620/2894/2579
f 2594/2865/2553 2589/2860/2548 2619/2892/2578 2618/2891/2577
f 2608/2889/2567 2619/2892/2578 2621/2895/2580 2609/2896/2568
f 2619/2892/2578 2589/2860/2548 2588/2859/2547 2621/2895/2580
f 2587/2858/2546 2622/2897/2581 2621/2895/2580 2588/2859/2547
f 2622/2897/2581 2612/2898/2571 2609/2896/2568 2621/2895/2580
f 2623/2899/2582 2624/2900/2583 2625/2901/2584 2626/2902/2585
f 2624/2900/2583 2627/2903/2586 2628/2904/2587 2625/2901/2584
f 2629/2905/2588 2630/2906/2589 2625/2901/2584 2628/2904/2587
f 2630/2906/2589 2631/2907/2590 2626/2902/2585 2625/2901/2584
f 2631/2907/2590 2630/2906/2589 2632/2908/2591 2633/2909/2592
f 2630/2906/2589 2629/2905/2588 2634/2910/2593 2632/2908/2591
f 2635/2911/2594 2636/2912/2595 2632/2908/2591 2634/2910/2593
f 2636/2912/2595 2637/2913/2596 2633/2909/2592 2632/2908/2591
f 2637/2914/2596 2638/2915/2597 2639/2916/2598 2633/2917/2592
f 2638/2915/2597 2640/2918/2599 2641/2919/2600 2639/2916/2598
f 2642/2920/2601 2643/2921/2602 2639/2916/2598 2641/2919/2600
f 2643/2921/2602 2631/2922/2590 2633/2917/2592 2639/2916/2598
f 2631/2922/2590 2643/2921/2602 2644/2923/2603 2626/2924/2585
f 2643/2921/2602 2642/2920/2601 2645/2925/2604 2644/2923/2603
f 2646/2926/2605 2647/2927/2606 2644/2923/2603 2645/2925/2604
f 2647/2927/2606 2623/2928/2582 2626/2924/2585 2644/2923/2603
f 2648/2929/2607 2649/2930/2608 2650/2931/2609 2651/2932/2610
f 2649/2930/2608 2652/2933/2611 2653/2934/2612 2650/2931/2609
f 2654/2935/2613 2655/2936/2614 2650/2931/2609 2653/2934/2612
f 2655/2936/2614 2656/2937/2615 2651/2932/2610 2650/2931/2609
f 2657/2938/2616 2658/2939/2617 2659/2940/2618 2660/2941/2619
f 2658/2939/2617 2656/2937/2615 2655/2936/2614 2659/2940/2618
f 2654/2935/2613 2661/2942/2620 2659/2940/2618 2655/2936/2614
f 2661/2942/2620 2662/2943/2621 2660/2941/2619 2659/2940/2618
f 2657/2944/2616 2663/2945/2622 2664/2946/2623 2658/2947/2617
f 2663/2945/2622 2665/2948/2624 2666/2949/2625 2664/2946/2623
f 2667/2950/2626 2656/2951/2615 2658/2947/2617 2664/2946/2623
f 2648/2952/2607 2651/2953/2610 2668/2954/2627 2669/2955/2628
f 2651/2953/2610 2656/2951/2615 2667/2950/2626 2668/2954/2627
f 2670/2956/2629 2671/2957/2630 2669/2955/2628 2668/2954/2627
f 2672/2958/2631 2673/2959/2632 2674/2960/2633 2675/2961/2634
f 2673/2959/2632 2676/2962/2635 2677/2963/2636 2674/2960/2633
f 2678/2964/2637 2679/2965/2638 2674/2960/2633 2677/2963/2636
f 2679/2965/2638 2680/2966/2639 2675/2961/2634 2674/2960/2633
f 2680/2966/2639 2679/2965/2638 2681/2967/2640 2682/2968/2641
f 2679/2965/2638 2678/2964/2637 2683/2969/2642 2681/2967/2640
f 2635/2911/2594 2684/2970/2643 2681/2967/2640 2683/2969/2642
f 2684/2970/2643 2685/2971/2644 2682/2968/2641 2681/2967/2640
f 2680/2966/2639 2682/2968/2641 2686/2972/2645 2687/2973/2646
f 2682/2968/2641 2685/2971/2644 2688/2974/2647 2686/2972/2645
f 2689/2975/2648 2690/2976/2649 2686/2972/2645 2688/2974/2647
f 2690/2976/2649 2691/2977/2650 2687/2973/2646 2686/2972/2645
f 2672/2958/2631 2675/2961/2634 2692/2978/2651 2693/2979/2652
f 2675/2961/2634 2680/2966/2639 2687/2973/2646 2692/2978/2651
f 2691/2977/2650 2694/2980/2653 2692/2978/2651 2687/2973/2646
f 2694/2980/2653 2695/2981/2654 2693/2979/2652 2692/2978/2651
f 2696/2982/2655 2697/2983/2656 2698/2984/2657 2699/2985/2658
f 2697/2983/2656 2700/2986/2659 2701/2987/2660 2698/2984/2657
f 2702/2988/2661 2703/2989/2662 2698/2984/2657 2701/2987/2660
f 2703/2989/2662 2704/2990/2663 2699/2985/2658 2698/2984/2657
f 2705/2991/2664 2706/2992/2665 2707/2993/2666 2708/2994/2667
f 2706/2992/2665 2696/2982/2655 2699/2985/2658 2707/2993/2666
f 2704/2990/2663 2709/2995/2668 2707/2993/2666 2699/2985/2658
f 2709/2995/2668 2710/2996/2669 2708/2994/2667 2707/2993/2666
f 2705/2991/2664 2711/2997/2670 2712/2998/2671 2706/2992/2665
f 2711/2997/2670 2640/2918/2599 2713/2999/2672 2712/2998/2671
f 2714/3000/2673 2715/3001/2674 2712/2998/2671 2713/2999/2672
f 2715/3001/2674 2696/2982/2655 2706/2992/2665 2712/2998/2671
f 2696/2982/2655 2715/3001/2674 2716/3002/2675 2697/2983/2656
f 2715/3001/2674 2714/3000/2673 2717/3003/2676 2716/3002/2675
f 2718/3004/2677 2719/3005/2678 2716/3002/2675 2717/3003/2676
f 2719/3005/2678 2700/2986/2659 2697/2983/2656 2716/3002/2675
f 2720/3006/2679 2721/3007/2680 2722/3008/2681 2723/3009/2682
f 2721/3007/2680 2724/3010/2683 2725/3011/2684 2722/3008/2681
f 2695/2981/2654 2694/2980/2653 2722/3008/2681 2725/3011/2684
f 2694/2980/2653 2691/2977/2650 2723/3009/2682 2722/3008/2681
f 2726/3012/2685 2727/3013/2686 2728/3014/2687 2729/3015/2688
f 2727/3013/2686 2720/3006/2679 2723/3009/2682 2728/3014/2687
f 2691/2977/2650 2690/2976/2649 2728/3014/2687 2723/3009/2682
f 2690/2976/2649 2689/2975/2648 2729/3015/2688 2728/3014/2687
f 2720/3016/2679 2727/3017/2686 2730/3018/2689 2731/3019/2690
f 2727/3017/2686 2726/3020/2685 2732/3021/2691 2730/3018/2689
f 2710/2996/2669 2709/2995/2668 2730/3018/2689 2732/3021/2691
f 2709/2995/2668 2704/2990/2663 2731/3019/2690 2730/3018/2689
f 2724/3022/2683 2721/3023/2680 2733/3024/2692 2734/3025/2693
f 2721/3023/2680 2720/3016/2679 2731/3019/2690 2733/3024/2692
f 2704/2990/2663 2703/2989/2662 2733/3024/2692 2731/3019/2690
f 2703/2989/2662 2702/2988/2661 2734/3025/2693 2733/3024/2692
f 2735/3026/2694 2736/3027/2695 2737/3028/2696 2738/3029/2697
f 2736/3027/2695 2739/3030/2698 2740/3031/2699 2737/3028/2696
f 2741/3032/2700 2742/3033/2701 2737/3028/2696 2740/3031/2699
f 2742/3033/2701 2743/3034/2702 2738/3029/2697 2737/3028/2696
f 2743/3034/2702 2742/3033/2701 2744/3035/2703 2745/3036/2704
f 2742/3033/2701 2741/3032/2700 2746/3037/2705 2744/3035/2703
f 2747/3038/2706 2748/3039/2707 2744/3035/2703 2746/3037/2705
f 2748/3039/2707 2749/3040/2708 2745/3036/2704 2744/3035/2703
f 2749/3041/2708 2750/3042/2709 2751/3043/2710 2745/3044/2704
f 2750/3042/2709 2752/3045/2711 2753/3046/2712 2751/3043/2710
f 2754/3047/2713 2755/3048/2714 2751/3043/2710 2753/3046/2712
f 2755/3048/2714 2743/3049/2702 2745/3044/2704 2751/3043/2710
f 2743/3049/2702 2755/3048/2714 2756/3050/2715 2738/3051/2697
f 2755/3048/2714 2754/3047/2713 2757/3052/2716 2756/3050/2715
f 2758/3053/2717 2759/3054/2718 2756/3050/2715 2757/3052/2716
f 2759/3054/2718 2735/3055/2694 2738/3051/2697 2756/3050/2715
f 2760/3056/2719 2761/3057/2720 2762/3058/2721 2763/3059/2722
f 2761/3057/2720 2739/3030/2698 2764/3060/2723 2762/3058/2721
f 2765/3061/2724 2766/3062/2725 2762/3058/2721 2764/3060/2723
f 2766/3062/2725 2767/3063/2726 2763/3059/2722 2762/3058/2721
f 2767/3063/2726 2766/3062/2725 2768/3064/2727 2769/3065/2728
f 2766/3062/2725 2765/3061/2724 2770/3066/2729 2768/3064/2727
f 2771/3067/2730 2772/3068/2731 2768/3064/2727 2770/3066/2729
f 2772/3068/2731 2773/3069/2732 2769/3065/2728 2768/3064/2727
f 2773/3069/2732 2774/3070/2733 2775/3071/2734 2769/3065/2728
f 2774/3070/2733 2776/3072/2735 2777/3073/2736 2775/3071/2734
f 2778/3074/2737 2779/3075/2738 2775/3071/2734 2777/3073/2736
f 2779/3075/2738 2767/3063/2726 2769/3065/2728 2775/3071/2734
f 2760/3056/2719 2763/3059/2722 2780/3076/2739 2781/3077/2740
f 2763/3059/2722 2767/3063/2726 2779/3075/2738 2780/3076/2739
f 2778/3074/2737 2782/3078/2741 2780/3076/2739 2779/3075/2738
f 2782/3078/2741 2783/3079/2742 2781/3077/2740 2780/3076/2739
f 2784/3080/2743 2785/3081/2744 2786/3082/2745 2787/3083/2746
f 2785/3081/2744 2788/3084/2747 2789/3085/2748 2786/3082/2745
f 2790/3086/2749 2791/3087/2750 2786/3082/2745 2789/3085/2748
f 2791/3087/2750 2792/3088/2751 2787/3083/2746 2786/3082/2745
f 2793/3089/2752 2794/3090/2753 2795/3091/2754 2796/3092/2755
f 2794/3090/2753 2784/3080/2743 2787/3083/2746 2795/3091/2754
f 2792/3088/2751 2797/3093/2756 2795/3091/2754 2787/3083/2746
f 2797/3093/2756 2798/3094/2757 2796/3092/2755 2795/3091/2754
f 2784/3080/2743 2794/3090/2753 2799/3095/2758 2800/3096/2759
f 2794/3090/2753 2793/3089/2752 2801/3097/2760 2799/3095/2758
f 2802/3098/2761 2803/3099/2762 2799/3095/2758 2801/3097/2760
f 2803/3099/2762 2804/3100/2763 2800/3096/2759 2799/3095/2758
f 2788/3084/2747 2785/3081/2744 2805/3101/2764 2806/3102/2765
f 2785/3081/2744 2784/3080/2743 2800/3096/2759 2805/3101/2764
f 2804/3100/2763 2807/3103/2766 2805/3101/2764 2800/3096/2759
f 2807/3103/2766 2758/3053/2717 2806/3102/2765 2805/3101/2764
f 2808/3104/2767 2809/3105/2768 2810/3106/2769 2811/3107/2770
f 2809/3105/2768 2812/3108/2771 2813/3109/2772 2810/3106/2769
f 2783/3079/2742 2782/3078/2741 2810/3106/2769 2813/3109/2772
f 2782/3078/2741 2778/3074/2737 2811/3107/2770 2810/3106/2769
f 2808/3104/2767 2811/3107/2770 2814/3110/2773 2815/3111/2774
f 2811/3107/2770 2778/3074/2737 2777/3073/2736 2814/3110/2773
f 2776/3072/2735 2816/3112/2775 2814/3110/2773 2777/3073/2736
f 2816/3112/2775 2817/3113/2776 2815/3111/2774 2814/3110/2773
f 2817/3114/2776 2818/3115/2777 2819/3116/2778 2815/3117/2774
f 2818/3115/2777 2798/3094/2757 2797/3093/2756 2819/3116/2778
f 2792/3088/2751 2820/3118/2779 2819/3116/2778 2797/3093/2756
f 2820/3118/2779 2808/3119/2767 2815/3117/2774 2819/3116/2778
f 2812/3120/2771 2809/3121/2768 2821/3122/2780 2822/3123/2781
f 2809/3121/2768 2808/3119/2767 2820/3118/2779 2821/3122/2780
f 2792/3088/2751 2791/3087/2750 2821/3122/2780 2820/3118/2779
f 2791/3087/2750 2790/3086/2749 2822/3123/2781 2821/3122/2780
f 2823/3124/2782 2824/3125/2783 2825/3126/2784 2826/3127/2785
f 2824/3125/2783 2827/3128/2786 2828/3129/2787 2825/3126/2784
f 2676/2962/2635 2829/3130/2788 2825/3126/2784 2828/3129/2787
f 2829/3130/2788 2830/3131/2789 2826/3127/2785 2825/3126/2784
f 2831/3132/2790 2832/3133/2791 2833/3134/2792 2834/3135/2793
f 2832/3133/2791 2823/3124/2782 2826/3127/2785 2833/3134/2792
f 2830/3131/2789 2835/3136/2794 2833/3134/2792 2826/3127/2785
f 2835/3136/2794 2836/3137/2795 2834/3135/2793 2833/3134/2792
f 2831/3138/2790 2837/3139/2796 2838/3140/2797 2832/3141/2791
f 2837/3139/2796 2839/3142/2798 2840/3143/2799 2838/3140/2797
f 2841/3144/2800 2842/3145/2801 2838/3140/2797 2840/3143/2799
f 2842/3145/2801 2823/3146/2782 2832/3141/2791 2838/3140/2797
f 2823/3146/2782 2842/3145/2801 2843/3147/2802 2824/3148/2783
f 2842/3145/2801 2841/3144/2800 2844/3149/2803 2843/3147/2802
f 2718/3004/2677 2845/3150/2804 2843/3147/2802 2844/3149/2803
f 2845/3150/2804 2827/3151/2786 2824/3148/2783 2843/3147/2802
f 2846/3152/2805 2847/3153/2806 2848/3154/2807 2849/3155/2808
f 2847/3153/2806 2850/3156/2809 2851/3157/2810 2848/3154/2807
f 2836/3137/2795 2835/3136/2794 2848/3154/2807 2851/3157/2810
f 2835/3136/2794 2830/3131/2789 2849/3155/2808 2848/3154/2807
f 2672/2958/2631 2852/3158/2811 2853/3159/2812 2673/2959/2632
f 2852/3158/2811 2846/3152/2805 2849/3155/2808 2853/3159/2812
f 2830/3131/2789 2829/3130/2788 2853/3159/2812 2849/3155/2808
f 2829/3130/2788 2676/2962/2635 2673/2959/2632 2853/3159/2812
f 2672/2958/2631 2693/2979/2652 2854/3160/2813 2852/3158/2811
f 2693/2979/2652 2695/2981/2654 2855/3161/2814 2854/3160/2813
f 2856/3162/2815 2857/3163/2816 2854/3160/2813 2855/3161/2814
f 2857/3163/2816 2846/3152/2805 2852/3158/2811 2854/3160/2813
f 2846/3152/2805 2857/3163/2816 2858/3164/2817 2847/3153/2806
f 2857/3163/2816 2856/3162/2815 2859/3165/2818 2858/3164/2817
f 2860/3166/2819 2861/3167/2820 2858/3164/2817 2859/3165/2818
f 2861/3167/2820 2850/3156/2809 2847/3153/2806 2858/3164/2817
f 2862/3168/2821 2863/3169/2822 2864/3170/2823 2865/3171/2824
f 2863/3169/2822 2866/3172/2825 2867/3173/2826 2864/3170/2823
f 2868/3174/2827 2869/3175/2828 2864/3170/2823 2867/3173/2826
f 2869/3175/2828 2870/3176/2829 2865/3171/2824 2864/3170/2823
f 2700/2986/2659 2871/3177/2830 2872/3178/2831 2701/2987/2660
f 2871/3177/2830 2862/3168/2821 2865/3171/2824 2872/3178/2831
f 2870/3176/2829 2873/3179/2832 2872/3178/2831 2865/3171/2824
f 2873/3179/2832 2702/2988/2661 2701/2987/2660 2872/3178/2831
f 2700/2986/2659 2719/3005/2678 2874/3180/2833 2871/3177/2830
f 2719/3005/2678 2718/3004/2677 2844/3149/2803 2874/3180/2833
f 2841/3144/2800 2875/3181/2834 2874/3180/2833 2844/3149/2803
f 2875/3181/2834 2862/3168/2821 2871/3177/2830 2874/3180/2833
f 2862/3168/2821 2875/3181/2834 2876/3182/2835 2863/3169/2822
f 2875/3181/2834 2841/3144/2800 2840/3143/2799 2876/3182/2835
f 2839/3142/2798 2877/3183/2836 2876/3182/2835 2840/3143/2799
f 2877/3183/2836 2866/3172/2825 2863/3169/2822 2876/3182/2835
f 2878/3184/2837 2879/3185/2838 2880/3186/2839 2881/3187/2840
f 2879/3185/2838 2860/3166/2819 2859/3165/2818 2880/3186/2839
f 2856/3162/2815 2882/3188/2841 2880/3186/2839 2859/3165/2818
f 2882/3188/2841 2883/3189/2842 2881/3187/2840 2880/3186/2839
f 2883/3189/2842 2882/3188/2841 2884/3190/2843 2885/3191/2844
f 2882/3188/2841 2856/3162/2815 2855/3161/2814 2884/3190/2843
f 2695/2981/2654 2725/3011/2684 2884/3190/2843 2855/3161/2814
f 2725/3011/2684 2724/3010/2683 2885/3191/2844 2884/3190/2843
f 2883/3192/2842 2885/3193/2844 2886/3194/2845 2887/3195/2846
f 2885/3193/2844 2724/3022/2683 2734/3025/2693 2886/3194/2845
f 2702/2988/2661 2873/3179/2832 2886/3194/2845 2734/3025/2693
f 2873/3179/2832 2870/3176/2829 2887/3195/2846 2886/3194/2845
f 2883/3192/2842 2887/3195/2846 2888/3196/2847 2881/3197/2840
f 2887/3195/2846 2870/3176/2829 2869/3175/2828 2888/3196/2847
f 2868/3174/2827 2889/3198/2848 2888/3196/2847 2869/3175/2828
f 2889/3198/2848 2878/3199/2837 2881/3197/2840 2888/3196/2847
f 2890/3200/2849 2891/3201/2850 2892/3202/2851 2893/3203/2852
f 2891/3201/2850 2771/3067/2730 2770/3066/2729 2892/3202/2851
f 2765/3061/2724 2894/3204/2853 2892/3202/2851 2770/3066/2729
f 2894/3204/2853 2895/3205/2854 2893/3203/2852 2892/3202/2851
f 2895/3205/2854 2894/3204/2853 2896/3206/2855 2897/3207/2856
f 2894/3204/2853 2765/3061/2724 2764/3060/2723 2896/3206/2855
f 2739/3030/2698 2736/3027/2695 2896/3206/2855 2764/3060/2723
f 2736/3027/2695 2735/3026/2694 2897/3207/2856 2896/3206/2855
f 2735/3055/2694 2759/3054/2718 2898/3208/2857 2897/3209/2856
f 2759/3054/2718 2758/3053/2717 2807/3103/2766 2898/3208/2857
f 2804/3100/2763 2899/3210/2858 2898/3208/2857 2807/3103/2766
f 2899/3210/2858 2895/3211/2854 2897/3209/2856 2898/3208/2857
f 2890/3212/2849 2893/3213/2852 2900/3214/2859 2901/3215/2860
f 2893/3213/2852 2895/3211/2854 2899/3210/2858 2900/3214/2859
f 2804/3100/2763 2803/3099/2762 2900/3214/2859 2899/3210/2858
f 2803/3099/2762 2802/3098/2761 2901/3215/2860 2900/3214/2859
f 2773/3069/2732 2772/3068/2731 2902/3216/2861 2903/3217/2862
f 2772/3068/2731 2771/3067/2730 2904/3218/2863 2902/3216/2861
f 2905/3219/2864 2906/3220/2865 2902/3216/2861 2904/3218/2863
f 2906/3220/2865 2907/3221/2866 2903/3217/2862 2902/3216/2861
f 2850/3156/2809 2908/3222/2867 2909/3223/2868 2851/3157/2810
f 2908/3222/2867 2907/3221/2866 2906/3220/2865 2909/3223/2868
f 2905/3219/2864 2910/3224/2869 2909/3223/2868 2906/3220/2865
f 2910/3224/2869 2836/3137/2795 2851/3157/2810 2909/3223/2868
f 2850/3156/2809 2861/3167/2820 2911/3225/2870 2908/3222/2867
f 2861/3167/2820 2860/3166/2819 2912/3226/2871 2911/3225/2870
f 2913/3227/2872 2914/3228/2873 2911/3225/2870 2912/3226/2871
f 2914/3228/2873 2907/3221/2866 2908/3222/2867 2911/3225/2870
f 2907/3221/2866 2914/3228/2873 2915/3229/2874 2903/3217/2862
f 2914/3228/2873 2913/3227/2872 2916/3230/2875 2915/3229/2874
f 2776/3072/2735 2774/3070/2733 2915/3229/2874 2916/3230/2875
f 2774/3070/2733 2773/3069/2732 2903/3217/2862 2915/3229/2874
f 2917/3231/2876 2918/3232/2877 2919/3233/2878 2920/3234/2879
f 2918/3232/2877 2793/3089/2752 2796/3092/2755 2919/3233/2878
f 2798/3094/2757 2921/3235/2880 2919/3233/2878 2796/3092/2755
f 2921/3235/2880 2922/3236/2881 2920/3234/2879 2919/3233/2878
f 2866/3172/2825 2923/3237/2882 2924/3238/2883 2867/3173/2826
f 2923/3237/2882 2917/3231/2876 2920/3234/2879 2924/3238/2883
f 2922/3236/2881 2925/3239/2884 2924/3238/2883 2920/3234/2879
f 2925/3239/2884 2868/3174/2827 2867/3173/2826 2924/3238/2883
f 2917/3231/2876 2923/3237/2882 2926/3240/2885 2927/3241/2886
f 2923/3237/2882 2866/3172/2825 2877/3183/2836 2926/3240/2885
f 2839/3142/2798 2928/3242/2887 2926/3240/2885 2877/3183/2836
f 2928/3242/2887 2929/3243/2888 2927/3241/2886 2926/3240/2885
f 2793/3089/2752 2918/3232/2877 2930/3244/2889 2801/3097/2760
f 2918/3232/2877 2917/3231/2876 2927/3241/2886 2930/3244/2889
f 2929/3243/2888 2931/3245/2890 2930/3244/2889 2927/3241/2886
f 2931/3245/2890 2802/3098/2761 2801/3097/2760 2930/3244/2889
f 2817/3113/2776 2816/3112/2775 2932/3246/2891 2933/3247/2892
f 2816/3112/2775 2776/3072/2735 2916/3230/2875 2932/3246/2891
f 2913/3227/2872 2934/3248/2893 2932/3246/2891 2916/3230/2875
f 2934/3248/2893 2935/3249/2894 2933/3247/2892 2932/3246/2891
f 2935/3249/2894 2934/3248/2893 2936/3250/2895 2937/3251/2896
f 2934/3248/2893 2913/3227/2872 2912/3226/2871 2936/3250/2895
f 2860/3166/2819 2879/3185/2838 2936/3250/2895 2912/3226/2871
f 2879/3185/2838 2878/3184/2837 2937/3251/2896 2936/3250/2895
f 2878/3199/2837 2889/3198/2848 2938/3252/2897 2937/3253/2896
f 2889/3198/2848 2868/3174/2827 2925/3239/2884 2938/3252/2897
f 2922/3236/2881 2939/3254/2898 2938/3252/2897 2925/3239/2884
f 2939/3254/2898 2935/3255/2894 2937/3253/2896 2938/3252/2897
f 2935/3255/2894 2939/3254/2898 2940/3256/2899 2933/3257/2892
f 2939/3254/2898 2922/3236/2881 2921/3235/2880 2940/3256/2899
f 2798/3094/2757 2818/3115/2777 2940/3256/2899 2921/3235/2880
f 2818/3115/2777 2817/3114/2776 2933/3257/2892 2940/3256/2899
f 2941/3258/2900 2942/3259/2901 2943/3260/2902 2944/3261/2903
f 2942/3259/2901 2831/3132/2790 2834/3135/2793 2943/3260/2902
f 2836/3137/2795 2910/3224/2869 2943/3260/2902 2834/3135/2793
f 2910/3224/2869 2905/3219/2864 2944/3261/2903 2943/3260/2902
f 2890/3200/2849 2945/3262/2904 2946/3263/2905 2891/3201/2850
f 2945/3262/2904 2941/3258/2900 2944/3261/2903 2946/3263/2905
f 2905/3219/2864 2904/3218/2863 2946/3263/2905 2944/3261/2903
f 2904/3218/2863 2771/3067/2730 2891/3201/2850 2946/3263/2905
f 2941/3264/2900 2945/3265/2904 2947/3266/2906 2948/3267/2907
f 2945/3265/2904 2890/3212/2849 2901/3215/2860 2947/3266/2906
f 2802/3098/2761 2931/3245/2890 2947/3266/2906 2901/3215/2860
f 2931/3245/2890 2929/3243/2888 2948/3267/2907 2947/3266/2906
f 2831/3138/2790 2942/3268/2901 2949/3269/2908 2837/3139/2796
f 2942/3268/2901 2941/3264/2900 2948/3267/2907 2949/3269/2908
f 2929/3243/2888 2928/3242/2887 2949/3269/2908 2948/3267/2907
f 2928/3242/2887 2839/3142/2798 2837/3139/2796 2949/3269/2908
f 2637/2913/2596 2636/2912/2595 2950/3270/2909 2951/3271/2910
f 2636/2912/2595 2635/2911/2594 2683/2969/2642 2950/3270/2909
f 2678/2964/2637 2952/3272/2911 2950/3270/2909 2683/2969/2642
f 2952/3272/2911 2953/3273/2912 2951/3271/2910 2950/3270/2909
f 2953/3273/2912 2952/3272/2911 2954/3274/2913 2955/3275/2914
f 2952/3272/2911 2678/2964/2637 2677/2963/2636 2954/3274/2913
f 2676/2962/2635 2828/3129/2787 2954/3274/2913 2677/2963/2636
f 2828/3129/2787 2827/3128/2786 2955/3275/2914 2954/3274/2913
f 2827/3151/2786 2845/3150/2804 2956/3276/2915 2955/3277/2914
f 2845/3150/2804 2718/3004/2677 2717/3003/2676 2956/3276/2915
f 2714/3000/2673 2957/3278/2916 2956/3276/2915 2717/3003/2676
f 2957/3278/2916 2953/3279/2912 2955/3277/2914 2956/3276/2915
f 2953/3279/2912 2957/3278/2916 2958/3280/2917 2951/3281/2910
f 2957/3278/2916 2714/3000/2673 2713/2999/2672 2958/3280/2917
f 2640/2918/2599 2638/2915/2597 2958/3280/2917 2713/2999/2672
f 2638/2915/2597 2637/2914/2596 2951/3281/2910 2958/3280/2917
f 2685/2971/2644 2684/2970/2643 2959/3282/2918 2960/3283/2919
f 2684/2970/2643 2635/2911/2594 2634/2910/2593 2959/3282/2918
f 2629/2905/2588 2961/3284/2920 2959/3282/2918 2634/2910/2593
f 2961/3284/2920 2962/3285/2921 2960/3283/2919 2959/3282/2918
f 2962/3285/2921 2961/3284/2920 2963/3286/2922 2964/3287/2923
f 2961/3284/2920 2629/2905/2588 2628/2904/2587 2963/3286/2922
f 2627/2903/2586 2965/3288/2924 2963/3286/2922 2628/2904/2587
f 2965/3288/2924 2966/3289/2925 2964/3287/2923 2963/3286/2922
f 2966/3289/2925 2967/3290/2926 2968/3291/2927 2964/3287/2923
f 2967/3290/2926 2969/3292/2928 2970/3293/2929 2968/3291/2927
f 2971/3294/2930 2972/3295/2931 2968/3291/2927 2970/3293/2929
f 2972/3295/2931 2962/3285/2921 2964/3287/2923 2968/3291/2927
f 2962/3285/2921 2972/3295/2931 2973/3296/2932 2960/3283/2919
f 2972/3295/2931 2971/3294/2930 2974/3297/2933 2973/3296/2932
f 2689/2975/2648 2688/2974/2647 2973/3296/2932 2974/3297/2933
f 2688/2974/2647 2685/2971/2644 2960/3283/2919 2973/3296/2932
f 2975/3298/2934 2976/3299/2935 2977/3300/2936 2978/3301/2937
f 2976/3299/2935 2705/2991/2664 2708/2994/2667 2977/3300/2936
f 2710/2996/2669 2979/3302/2938 2977/3300/2936 2708/2994/2667
f 2979/3302/2938 2980/3303/2939 2978/3301/2937 2977/3300/2936
f 2981/3304/2940 2982/3305/2941 2983/3306/2942 2984/3307/2943
f 2982/3305/2941 2975/3298/2934 2978/3301/2937 2983/3306/2942
f 2980/3303/2939 2985/3308/2944 2983/3306/2942 2978/3301/2937
f 2985/3308/2944 2986/3309/2945 2984/3307/2943 2983/3306/2942
f 2975/3298/2934 2982/3305/2941 2987/3310/2946 2988/3311/2947
f 2982/3305/2941 2981/3304/2940 2989/3312/2948 2987/3310/2946
f 2646/2926/2605 2645/2925/2604 2987/3310/2946 2989/3312/2948
f 2645/2925/2604 2642/2920/2601 2988/3311/2947 2987/3310/2946
f 2705/2991/2664 2976/3299/2935 2990/3313/2949 2711/2997/2670
f 2976/3299/2935 2975/3298/2934 2988/3311/2947 2990/3313/2949
f 2642/2920/2601 2641/2919/2600 2990/3313/2949 2988/3311/2947
f 2641/2919/2600 2640/2918/2599 2711/2997/2670 2990/3313/2949
f 2991/3314/2950 2992/3315/2951 2993/3316/2952 2994/3317/2953
f 2992/3315/2951 2726/3012/2685 2729/3015/2688 2993/3316/2952
f 2689/2975/2648 2974/3297/2933 2993/3316/2952 2729/3015/2688
f 2974/3297/2933 2971/3294/2930 2994/3317/2953 2993/3316/2952
f 2995/3318/2954 2996/3319/2955 2997/3320/2956 2998/3321/2957
f 2996/3319/2955 2991/3314/2950 2994/3317/2953 2997/3320/2956
f 2971/3294/2930 2970/3293/2929 2997/3320/2956 2994/3317/2953
f 2970/3293/2929 2969/3292/2928 2998/3321/2957 2997/3320/2956
f 2991/3322/2950 2996/3323/2955 2999/3324/2958 3000/3325/2959
f 2996/3323/2955 2995/3326/2954 3001/3327/2960 2999/3324/2958
f 2986/3309/2945 2985/3308/2944 2999/3324/2958 3001/3327/2960
f 2985/3308/2944 2980/3303/2939 3000/3325/2959 2999/3324/2958
f 2726/3020/2685 2992/3328/2951 3002/3329/2961 2732/3021/2691
f 2992/3328/2951 2991/3322/2950 3000/3325/2959 3002/3329/2961
f 2980/3303/2939 2979/3302/2938 3002/3329/2961 3000/3325/2959
f 2979/3302/2938 2710/2996/2669 2732/3021/2691 3002/3329/2961
f 3003/3330/2962 3004/3331/2963 3005/3332/2964 3006/3333/2965
f 3004/3331/2963 3007/3334/2966 3008/3335/2967 3005/3332/2964
f 3009/3336/2968 3010/3337/2969 3005/3332/2964 3008/3335/2967
f 3010/3337/2969 3011/3338/2970 3006/3333/2965 3005/3332/2964
f 3011/3338/2970 3010/3337/2969 3012/3339/2971 3013/3340/2972
f 3010/3337/2969 3009/3336/2968 3014/3341/2973 3012/3339/2971
f 2747/3038/2706 3015/3342/2974 3012/3339/2971 3014/3341/2973
f 3015/3342/2974 3016/3343/2975 3013/3340/2972 3012/3339/2971
f 3011/3338/2970 3013/3340/2972 3017/3344/2976 3018/3345/2977
f 3013/3340/2972 3016/3343/2975 3019/3346/2978 3017/3344/2976
f 3020/3347/2979 3021/3348/2980 3017/3344/2976 3019/3346/2978
f 3021/3348/2980 3022/3349/2981 3018/3345/2977 3017/3344/2976
f 3003/3330/2962 3006/3333/2965 3023/3350/2982 3024/3351/2983
f 3006/3333/2965 3011/3338/2970 3018/3345/2977 3023/3350/2982
f 3022/3349/2981 3025/3352/2984 3023/3350/2982 3018/3345/2977
f 3025/3352/2984 3026/3353/2985 3024/3351/2983 3023/3350/2982
f 3027/3354/2986 3028/3355/2987 3029/3356/2988 3030/3357/2989
f 3028/3355/2987 3031/3358/2990 3032/3359/2991 3029/3356/2988
f 3033/3360/2992 3034/3361/2993 3029/3356/2988 3032/3359/2991
f 3034/3361/2993 3035/3362/2994 3030/3357/2989 3029/3356/2988
f 3036/3363/2995 3037/3364/2996 3038/3365/2997 3039/3366/2998
f 3037/3364/2996 3027/3354/2986 3030/3357/2989 3038/3365/2997
f 3035/3362/2994 3040/3367/2999 3038/3365/2997 3030/3357/2989
f 3040/3367/2999 3041/3368/3000 3039/3366/2998 3038/3365/2997
f 3036/3363/2995 3042/3369/3001 3043/3370/3002 3037/3364/2996
f 3042/3369/3001 2752/3045/2711 3044/3371/3003 3043/3370/3002
f 3045/3372/3004 3046/3373/3005 3043/3370/3002 3044/3371/3003
f 3046/3373/3005 3027/3354/2986 3037/3364/2996 3043/3370/3002
f 3027/3354/2986 3046/3373/3005 3047/3374/3006 3028/3355/2987
f 3046/3373/3005 3045/3372/3004 3048/3375/3007 3047/3374/3006
f 3049/3376/3008 3050/3377/3009 3047/3374/3006 3048/3375/3007
f 3050/3377/3009 3031/3358/2990 3028/3355/2987 3047/3374/3006
f 3051/3378/3010 3052/3379/3011 3053/3380/3012 3054/3381/3013
f 3052/3379/3011 3055/3382/3014 3056/3383/3015 3053/3380/3012
f 3026/3353/2985 3025/3352/2984 3053/3380/3012 3056/3383/3015
f 3025/3352/2984 3022/3349/2981 3054/3381/3013 3053/3380/3012
f 3057/3384/3016 3058/3385/3017 3059/3386/3018 3060/3387/3019
f 3058/3385/3017 3051/3378/3010 3054/3381/3013 3059/3386/3018
f 3022/3349/2981 3021/3348/2980 3059/3386/3018 3054/3381/3013
f 3021/3348/2980 3020/3347/2979 3060/3387/3019 3059/3386/3018
f 3051/3388/3010 3058/3389/3017 3061/3390/3020 3062/3391/3021
f 3058/3389/3017 3057/3392/3016 3063/3393/3022 3061/3390/3020
f 3041/3368/3000 3040/3367/2999 3061/3390/3020 3063/3393/3022
f 3040/3367/2999 3035/3362/2994 3062/3391/3021 3061/3390/3020
f 3055/3394/3014 3052/3395/3011 3064/3396/3023 3065/3397/3024
f 3052/3395/3011 3051/3388/3010 3062/3391/3021 3064/3396/3023
f 3035/3362/2994 3034/3361/2993 3064/3396/3023 3062/3391/3021
f 3034/3361/2993 3033/3360/2992 3065/3397/3024 3064/3396/3023
f 3066/3398/3025 3067/3399/3026 3068/3400/3027 3069/3401/3028
f 3067/3399/3026 3007/3334/2966 3070/3402/3029 3068/3400/3027
f 3071/3403/3030 3072/3404/3031 3068/3400/3027 3070/3402/3029
f 3072/3404/3031 3073/3405/3032 3069/3401/3028 3068/3400/3027
f 3074/3406/3033 3075/3407/3034 3076/3408/3035 3077/3409/3036
f 3075/3407/3034 3073/3405/3032 3072/3404/3031 3076/3408/3035
f 3071/3403/3030 3078/3410/3037 3076/3408/3035 3072/3404/3031
f 3078/3410/3037 2576/2847/2535 3077/3409/3036 3076/3408/3035
f 3074/3411/3033 3079/3412/3038 3080/3413/3039 3075/3414/3034
f 3079/3412/3038 2601/2872/2560 3081/3415/3040 3080/3413/3039
f 3082/3416/3041 3083/3417/3042 3080/3413/3039 3081/3415/3040
f 3083/3417/3042 3073/3418/3032 3075/3414/3034 3080/3413/3039
f 3073/3418/3032 3083/3417/3042 3084/3419/3043 3069/3420/3028
f 3083/3417/3042 3082/3416/3041 3085/3421/3044 3084/3419/3043
f 3049/3376/3008 3086/3422/3045 3084/3419/3043 3085/3421/3044
f 3086/3422/3045 3066/3423/3025 3069/3420/3028 3084/3419/3043
f 3087/3424/3046 3088/3425/3047 3089/3426/3048 3090/3427/3049
f 3088/3425/3047 2578/2849/2537 2577/2848/2536 3089/3426/3048
f 2576/2847/2535 3078/3410/3037 3089/3426/3048 2577/2848/2536
f 3078/3410/3037 3071/3403/3030 3090/3427/3049 3089/3426/3048
f 3003/3330/2962 3091/3428/3050 3092/3429/3051 3004/3331/2963
f 3091/3428/3050 3087/3424/3046 3090/3427/3049 3092/3429/3051
f 3071/3403/3030 3070/3402/3029 3092/3429/3051 3090/3427/3049
f 3070/3402/3029 3007/3334/2966 3004/3331/2963 3092/3429/3051
f 3003/3330/2962 3024/3351/2983 3093/3430/3052 3091/3428/3050
f 3024/3351/2983 3026/3353/2985 3094/3431/3053 3093/3430/3052
f 3095/3432/3054 3096/3433/3055 3093/3430/3052 3094/3431/3053
f 3096/3433/3055 3087/3424/3046 3091/3428/3050 3093/3430/3052
f 3087/3424/3046 3096/3433/3055 3097/3434/3056 3088/3425/3047
f 3096/3433/3055 3095/3432/3054 3098/3435/3057 3097/3434/3056
f 2581/2852/2540 2580/2851/2539 3097/3434/3056 3098/3435/3057
f 2580/2851/2539 2578/2849/2537 3088/3425/3047 3097/3434/3056
f 3099/3436/3058 3100/3437/3059 3101/3438/3060 3102/3439/3061
f 3100/3437/3059 2597/2868/2556 2596/2867/2555 3101/3438/3060
f 2595/2866/2554 3103/3440/3062 3101/3438/3060 2596/2867/2555
f 3103/3440/3062 3104/3441/3063 3102/3439/3061 3101/3438/3060
f 3031/3358/2990 3105/3442/3064 3106/3443/3065 3032/3359/2991
f 3105/3442/3064 3099/3436/3058 3102/3439/3061 3106/3443/3065
f 3104/3441/3063 3107/3444/3066 3106/3443/3065 3102/3439/3061
f 3107/3444/3066 3033/3360/2992 3032/3359/2991 3106/3443/3065
f 3031/3358/2990 3050/3377/3009 3108/3445/3067 3105/3442/3064
f 3050/3377/3009 3049/3376/3008 3085/3421/3044 3108/3445/3067
f 3082/3416/3041 3109/3446/3068 3108/3445/3067 3085/3421/3044
f 3109/3446/3068 3099/3436/3058 3105/3442/3064 3108/3445/3067
f 3099/3436/3058 3109/3446/3068 3110/3447/3069 3100/3437/3059
f 3109/3446/3068 3082/3416/3041 3081/3415/3040 3110/3447/3069
f 2601/2872/2560 2600/2871/2559 3110/3447/3069 3081/3415/3040
f 2600/2871/2559 2597/2868/2556 3100/3437/3059 3110/3447/3069
f 2614/2885/2573 2617/2888/2576 3111/3448/3070 3112/3449/3071
f 2617/2888/2576 2581/2852/2540 3098/3435/3057 3111/3448/3070
f 3095/3432/3054 3113/3450/3072 3111/3448/3070 3098/3435/3057
f 3113/3450/3072 3114/3451/3073 3112/3449/3071 3111/3448/3070
f 3114/3451/3073 3113/3450/3072 3115/3452/3074 3116/3453/3075
f 3113/3450/3072 3095/3432/3054 3094/3431/3053 3115/3452/3074
f 3026/3353/2985 3056/3383/3015 3115/3452/3074 3094/3431/3053
f 3056/3383/3015 3055/3382/3014 3116/3453/3075 3115/3452/3074
f 3114/3454/3073 3116/3455/3075 3117/3456/3076 3118/3457/3077
f 3116/3455/3075 3055/3394/3014 3065/3397/3024 3117/3456/3076
f 3033/3360/2992 3107/3444/3066 3117/3456/3076 3065/3397/3024
f 3107/3444/3066 3104/3441/3063 3118/3457/3077 3117/3456/3076
f 2614/2893/2573 3112/3458/3071 3119/3459/3078 2620/2894/2579
f 3112/3458/3071 3114/3454/3073 3118/3457/3077 3119/3459/3078
f 3104/3441/3063 3103/3440/3062 3119/3459/3078 3118/3457/3077
f 3103/3440/3062 2595/2866/2554 2620/2894/2579 3119/3459/3078
f 3074/3406/3033 3077/3409/3036 3120/3460/3079 3121/3461/3080
f 3077/3409/3036 2576/2847/2535 2575/2846/2534 3120/3460/3079
f 2567/2838/2526 3122/3462/3081 3120/3460/3079 2575/2846/2534
f 3122/3462/3081 3123/3463/3082 3121/3461/3080 3120/3460/3079
f 3123/3463/3082 3122/3462/3081 3124/3464/3083 3125/3465/3084
f 3122/3462/3081 2567/2838/2526 2570/2841/2529 3124/3464/3083
f 2572/2843/2531 3126/3466/3085 3124/3464/3083 2570/2841/2529
f 3126/3466/3085 3127/3467/3086 3125/3465/3084 3124/3464/3083
f 3123/3468/3082 3125/3469/3084 3128/3470/3087 3129/3471/3088
f 3125/3469/3084 3127/3472/3086 3130/3473/3089 3128/3470/3087
f 2607/2878/2566 2606/2877/2565 3128/3470/3087 3130/3473/3089
f 2606/2877/2565 2603/2874/2562 3129/3471/3088 3128/3470/3087
f 3123/3468/3082 3129/3471/3088 3131/3474/3090 3121/3475/3080
f 3129/3471/3088 2603/2874/2562 2602/2873/2561 3131/3474/3090
f 2601/2872/2560 3079/3412/3038 3131/3474/3090 2602/2873/2561
f 3079/3412/3038 3074/3411/3033 3121/3475/3080 3131/3474/3090
f 2749/3040/2708 2748/3039/2707 3132/3476/3091 3133/3477/3092
f 2748/3039/2707 2747/3038/2706 3014/3341/2973 3132/3476/3091
f 3009/3336/2968 3134/3478/3093 3132/3476/3091 3014/3341/2973
f 3134/3478/3093 3135/3479/3094 3133/3477/3092 3132/3476/3091
f 3135/3479/3094 3134/3478/3093 3136/3480/3095 3137/3481/3096
f 3134/3478/3093 3009/3336/2968 3008/3335/2967 3136/3480/3095
f 3007/3334/2966 3067/3399/3026 3136/3480/3095 3008/3335/2967
f 3067/3399/3026 3066/3398/3025 3137/3481/3096 3136/3480/3095
f 3066/3423/3025 3086/3422/3045 3138/3482/3097 3137/3483/3096
f 3086/3422/3045 3049/3376/3008 3048/3375/3007 3138/3482/3097
f 3045/3372/3004 3139/3484/3098 3138/3482/3097 3048/3375/3007
f 3139/3484/3098 3135/3485/3094 3137/3483/3096 3138/3482/3097
f 3135/3485/3094 3139/3484/3098 3140/3486/3099 3133/3487/3092
f 3139/3484/3098 3045/3372/3004 3044/3371/3003 3140/3486/3099
f 2752/3045/2711 2750/3042/2709 3140/3486/3099 3044/3371/3003
f 2750/3042/2709 2749/3041/2708 3133/3487/3092 3140/3486/3099
f 3016/3343/2975 3015/3342/2974 3141/3488/3100 3142/3489/3101
f 3015/3342/2974 2747/3038/2706 2746/3037/2705 3141/3488/3100
f 2741/3032/2700 3143/3490/3102 3141/3488/3100 2746/3037/2705
f 3143/3490/3102 3144/3491/3103 3142/3489/3101 3141/3488/3100
f 3144/3491/3103 3143/3490/3102 3145/3492/3104 3146/3493/3105
f 3143/3490/3102 2741/3032/2700 2740/3031/2699 3145/3492/3104
f 2739/3030/2698 2761/3057/2720 3145/3492/3104 2740/3031/2699
f 2761/3057/2720 2760/3056/2719 3146/3493/3105 3145/3492/3104
f 3144/3491/3103 3146/3493/3105 3147/3494/3106 3148/3495/3107
f 3146/3493/3105 2760/3056/2719 2781/3077/2740 3147/3494/3106
f 2783/3079/2742 3149/3496/3108 3147/3494/3106 2781/3077/2740
f 3149/3496/3108 3150/3497/3109 3148/3495/3107 3147/3494/3106
f 3016/3343/2975 3142/3489/3101 3151/3498/3110 3019/3346/2978
f 3142/3489/3101 3144/3491/3103 3148/3495/3107 3151/3498/3110
f 3150/3497/3109 3152/3499/3111 3151/3498/3110 3148/3495/3107
f 3152/3499/3111 3020/3347/2979 3019/3346/2978 3151/3498/3110
f 3153/3500/3112 3154/3501/3113 3155/3502/3114 3156/3503/3115
f 3154/3501/3113 3036/3363/2995 3039/3366/2998 3155/3502/3114
f 3041/3368/3000 3157/3504/3116 3155/3502/3114 3039/3366/2998
f 3157/3504/3116 3158/3505/3117 3156/3503/3115 3155/3502/3114
f 2788/3084/2747 3159/3506/3118 3160/3507/3119 2789/3085/2748
f 3159/3506/3118 3153/3500/3112 3156/3503/3115 3160/3507/3119
f 3158/3505/3117 3161/3508/3120 3160/3507/3119 3156/3503/3115
f 3161/3508/3120 2790/3086/2749 2789/3085/2748 3160/3507/3119
f 2788/3084/2747 2806/3102/2765 3162/3509/3121 3159/3506/3118
f 2806/3102/2765 2758/3053/2717 2757/3052/2716 3162/3509/3121
f 2754/3047/2713 3163/3510/3122 3162/3509/3121 2757/3052/2716
f 3163/3510/3122 3153/3500/3112 3159/3506/3118 3162/3509/3121
f 3153/3500/3112 3163/3510/3122 3164/3511/3123 3154/3501/3113
f 3163/3510/3122 2754/3047/2713 2753/3046/2712 3164/3511/3123
f 2752/3045/2711 3042/3369/3001 3164/3511/3123 2753/3046/2712
f 3042/3369/3001 3036/3363/2995 3154/3501/3113 3164/3511/3123
f 3165/3512/3124 3166/3513/3125 3167/3514/3126 3168/3515/3127
f 3166/3513/3125 3057/3384/3016 3060/3387/3019 3167/3514/3126
f 3020/3347/2979 3152/3499/3111 3167/3514/3126 3060/3387/3019
f 3152/3499/3111 3150/3497/3109 3168/3515/3127 3167/3514/3126
f 2812/3108/2771 3169/3516/3128 3170/3517/3129 2813/3109/2772
f 3169/3516/3128 3165/3512/3124 3168/3515/3127 3170/3517/3129
f 3150/3497/3109 3149/3496/3108 3170/3517/3129 3168/3515/3127
f 3149/3496/3108 2783/3079/2742 2813/3109/2772 3170/3517/3129
f 3165/3518/3124 3169/3519/3128 3171/3520/3130 3172/3521/3131
f 3169/3519/3128 2812/3120/2771 2822/3123/2781 3171/3520/3130
f 2790/3086/2749 3161/3508/3120 3171/3520/3130 2822/3123/2781
f 3161/3508/3120 3158/3505/3117 3172/3521/3131 3171/3520/3130
f 3057/3392/3016 3166/3522/3125 3173/3523/3132 3063/3393/3022
f 3166/3522/3125 3165/3518/3124 3172/3521/3131 3173/3523/3132
f 3158/3505/3117 3157/3504/3116 3173/3523/3132 3172/3521/3131
f 3157/3504/3116 3041/3368/3000 3063/3393/3022 3173/3523/3132
f 3174/3524/3133 3175/3525/3134 3176/3526/3135 3177/3527/3136
f 3175/3525/3134 3178/3528/3137 3179/3529/3138 3176/3526/3135
f 2572/2843/2531 2571/2842/2530 3176/3526/3135 3179/3529/3138
f 2571/2842/2530 2564/2835/2523 3177/3527/3136 3176/3526/3135
f 3174/3524/3133 3177/3527/3136 3180/3530/3139 3181/3531/3140
f 3177/3527/3136 2564/2835/2523 2563/2834/2522 3180/3530/3139
f 2562/2833/2521 3182/3532/3141 3180/3530/3139 2563/2834/2522
f 3182/3532/3141 3183/3533/3142 3181/3531/3140 3180/3530/3139
f 3187/3534/3143 3178/3528/3137 3175/3525/3134 3185/3535/3144
f 3183/3533/3142 3182/3532/3141 3188/3536/3145 3189/3537/3146
f 3182/3532/3141 2562/2833/2521 2613/2884/2572 3188/3536/3145
f 2612/2883/2571 3190/3538/3147 3188/3536/3145 2613/2884/2572
f 3190/3538/3147 3191/3539/3148 3189/3537/3146 3188/3536/3145
f 3192/3540/3149 3193/3541/3150 3194/3542/3151 3195/3543/3152
f 3193/3541/3150 3191/3544/3148 3190/3545/3147 3194/3542/3151
f 2612/2898/2571 2622/2897/2581 3194/3542/3151 3190/3545/3147
f 2622/2897/2581 2587/2858/2546 3195/3543/3152 3194/3542/3151
f 3193/3541/3150 3192/3540/3149 3197/3546/3153 3196/3547/3154
f 3201/3548/3155 3202/3549/3156 3203/3550/3157 3204/3551/3158
f 3202/3549/3156 3192/3540/3149 3195/3543/3152 3203/3550/3157
f 2587/2858/2546 2584/2855/2543 3203/3550/3157 3195/3543/3152
f 2584/2855/2543 2583/2854/2542 3204/3551/3158 3203/3550/3157
f 3201/3548/3155 3204/3551/3158 3205/3552/3159 3206/3553/3160
f 3204/3551/3158 2583/2854/2542 2605/2876/2564 3205/3552/3159
f 2607/2878/2566 3207/3554/3161 3205/3552/3159 2605/2876/2564
f 3207/3554/3161 3208/3555/3162 3206/3553/3160 3205/3552/3159
f 3201/3548/3155 3211/3556/3163 3212/3557/3164 3202/3549/3156
f 3197/3546/3153 3192/3540/3149 3202/3549/3156 3212/3557/3164
f 3208/3555/3162 3207/3554/3161 3213/3558/3165 3214/3559/3166
f 3207/3554/3161 2607/2878/2566 3130/3473/3089 3213/3558/3165
f 3127/3472/3086 3215/3560/3167 3213/3558/3165 3130/3473/3089
f 3215/3560/3167 3216/3561/3168 3214/3559/3166 3213/3558/3165
f 3178/3528/3137 3217/3562/3169 3218/3563/3170 3179/3529/3138
f 3217/3562/3169 3216/3564/3168 3215/3565/3167 3218/3563/3170
f 3127/3467/3086 3126/3466/3085 3218/3563/3170 3215/3565/3167
f 3126/3466/3085 2572/2843/2531 3179/3529/3138 3218/3563/3170
f 3222/3566/3171 3224/3567/3172 3225/3568/3173 3226/3569/3174
f 3224/3567/3172 3223/3570/3175 3227/3571/3176 3225/3568/3173
f 3228/3572/3177 3229/3573/3178 3225/3568/3173 3227/3571/3176
f 3229/3573/3178 3230/3574/3179 3226/3569/3174 3225/3568/3173
f 3222/3566/3171 3226/3569/3174 3231/3575/3180 3221/3576/3181
f 3226/3569/3174 3230/3574/3179 3232/3577/3182 3231/3575/3180
f 3233/3578/3183 3234/3579/3184 3231/3575/3180 3232/3577/3182
f 3234/3579/3184 3220/3580/3185 3221/3576/3181 3231/3575/3180
f 3235/3581/3186 3236/3582/3187 3237/3583/3188 3238/3584/3189
f 3239/3585/3190 3240/3586/3191 3241/3587/3192 3242/3588/3193
f 3240/3586/3191 3235/3589/3186 3238/3590/3189 3241/3587/3192
f 3199/3591/3194 3198/3592/3195 3241/3587/3192 3238/3590/3189
f 3235/3589/3186 3240/3586/3191 3243/3593/3196 3244/3594/3197
f 3240/3586/3191 3239/3585/3190 3245/3595/3198 3243/3593/3196
f 3246/3596/3199 3247/3597/3200 3243/3593/3196 3245/3595/3198
f 3247/3597/3200 3248/3598/3201 3244/3594/3197 3243/3593/3196
f 3223/3570/3175 3236/3582/3187 3249/3599/3202 3227/3571/3176
f 3236/3582/3187 3235/3581/3186 3244/3600/3197 3249/3599/3202
f 3248/3601/3201 3250/3602/3203 3249/3599/3202 3244/3600/3197
f 3250/3602/3203 3228/3572/3177 3227/3571/3176 3249/3599/3202
f 3239/3585/3190 3242/3588/3193 3251/3603/3204 3252/3604/3205
f 3256/3605/3206 3258/3606/3207 3259/3607/3208 3257/3608/3209
f 3260/3609/3210 3261/3610/3211 3257/3608/3209 3259/3607/3208
f 3239/3585/3190 3252/3604/3205 3262/3611/3212 3245/3595/3198
f 3252/3604/3205 3253/3612/3213 3261/3610/3211 3262/3611/3212
f 3260/3609/3210 3263/3613/3214 3262/3611/3212 3261/3610/3211
f 3263/3613/3214 3246/3596/3199 3245/3595/3198 3262/3611/3212
f 3220/3580/3185 3234/3579/3184 3267/3614/3215 3266/3615/3216
f 3234/3579/3184 3233/3578/3183 3268/3616/3217 3267/3614/3215
f 3269/3617/3218 3270/3618/3219 3267/3614/3215 3268/3616/3217
f 3270/3618/3219 3265/3619/3220 3266/3615/3216 3267/3614/3215
f 3265/3620/3220 3270/3621/3219 3271/3622/3221 3264/3623/3222
f 3270/3621/3219 3269/3624/3218 3272/3625/3223 3271/3622/3221
f 3258/3606/3207 3256/3605/3206 3271/3622/3221 3272/3625/3223
f 3256/3605/3206 3255/3626/3224 3264/3623/3222 3271/3622/3221
f 3230/3574/3179 3229/3573/3178 3273/3627/3225 3274/3628/3226
f 3229/3573/3178 3228/3572/3177 3275/3629/3227 3273/3627/3225
f 3276/3630/3228 3277/3631/3229 3273/3627/3225 3275/3629/3227
f 3277/3631/3229 3278/3632/3230 3274/3628/3226 3273/3627/3225
f 3278/3632/3230 3277/3631/3229 3279/3633/3231 3280/3634/3232
f 3277/3631/3229 3276/3630/3228 3281/3635/3233 3279/3633/3231
f 3282/3636/3234 3283/3637/3235 3279/3633/3231 3281/3635/3233
f 3283/3637/3235 3284/3638/3236 3280/3634/3232 3279/3633/3231
f 3278/3632/3230 3280/3634/3232 3285/3639/3237 3286/3640/3238
f 3280/3634/3232 3284/3638/3236 3287/3641/3239 3285/3639/3237
f 3288/3642/3240 3289/3643/3241 3285/3639/3237 3287/3641/3239
f 3289/3643/3241 3290/3644/3242 3286/3640/3238 3285/3639/3237
f 3230/3574/3179 3274/3628/3226 3291/3645/3243 3232/3577/3182
f 3274/3628/3226 3278/3632/3230 3286/3640/3238 3291/3645/3243
f 3290/3644/3242 3292/3646/3244 3291/3645/3243 3286/3640/3238
f 3292/3646/3244 3233/3578/3183 3232/3577/3182 3291/3645/3243
f 3248/3598/3201 3247/3597/3200 3293/3647/3245 3294/3648/3246
f 3247/3597/3200 3246/3596/3199 3295/3649/3247 3293/3647/3245
f 3296/3650/3248 3297/3651/3249 3293/3647/3245 3295/3649/3247
f 3297/3651/3249 3298/3652/3250 3294/3648/3246 3293/3647/3245
f 3299/3653/3251 3300/3654/3252 3301/3655/3253 3302/3656/3254
f 3300/3654/3252 3298/3652/3250 3297/3651/3249 3301/3655/3253
f 3296/3650/3248 3303/3657/3255 3301/3655/3253 3297/3651/3249
f 3303/3657/3255 3304/3658/3256 3302/3656/3254 3301/3655/3253
f 3298/3659/3250 3300/3660/3252 3305/3661/3257 3306/3662/3258
f 3300/3660/3252 3299/3663/3251 3307/3664/3259 3305/3661/3257
f 3282/3636/3234 3281/3635/3233 3305/3661/3257 3307/3664/3259
f 3281/3635/3233 3276/3630/3228 3306/3662/3258 3305/3661/3257
f 3298/3659/3250 3306/3662/3258 3308/3665/3260 3294/3666/3246
f 3306/3662/3258 3276/3630/3228 3275/3629/3227 3308/3665/3260
f 3228/3572/3177 3250/3602/3203 3308/3665/3260 3275/3629/3227
f 3250/3602/3203 3248/3601/3201 3294/3666/3246 3308/3665/3260
f 3260/3609/3210 3259/3607/3208 3309/3667/3261 3310/3668/3262
f 3259/3607/3208 3258/3606/3207 3311/3669/3263 3309/3667/3261
f 3312/3670/3264 3313/3671/3265 3309/3667/3261 3311/3669/3263
f 3313/3671/3265 3314/3672/3266 3310/3668/3262 3309/3667/3261
f 3314/3672/3266 3313/3671/3265 3315/3673/3267 3316/3674/3268
f 3313/3671/3265 3312/3670/3264 3317/3675/3269 3315/3673/3267
f 3318/3676/3270 3319/3677/3271 3315/3673/3267 3317/3675/3269
f 3319/3677/3271 3320/3678/3272 3316/3674/3268 3315/3673/3267
f 3314/3672/3266 3316/3674/3268 3321/3679/3273 3322/3680/3274
f 3316/3674/3268 3320/3678/3272 3323/3681/3275 3321/3679/3273
f 3304/3658/3256 3303/3657/3255 3321/3679/3273 3323/3681/3275
f 3303/3657/3255 3296/3650/3248 3322/3680/3274 3321/3679/3273
f 3260/3609/3210 3310/3668/3262 3324/3682/3276 3263/3613/3214
f 3310/3668/3262 3314/3672/3266 3322/3680/3274 3324/3682/3276
f 3296/3650/3248 3295/3649/3247 3324/3682/3276 3322/3680/3274
f 3295/3649/3247 3246/3596/3199 3263/3613/3214 3324/3682/3276
f 3325/3683/3277 3326/3684/3278 3327/3685/3279 3328/3686/3280
f 3326/3684/3278 3269/3617/3218 3268/3616/3217 3327/3685/3279
f 3233/3578/3183 3292/3646/3244 3327/3685/3279 3268/3616/3217
f 3292/3646/3244 3290/3644/3242 3328/3686/3280 3327/3685/3279
f 3325/3683/3277 3328/3686/3280 3329/3687/3281 3330/3688/3282
f 3328/3686/3280 3290/3644/3242 3289/3643/3241 3329/3687/3281
f 3288/3642/3240 3331/3689/3283 3329/3687/3281 3289/3643/3241
f 3331/3689/3283 3332/3690/3284 3330/3688/3282 3329/3687/3281
f 3332/3691/3284 3333/3692/3285 3334/3693/3286 3330/3694/3282
f 3333/3692/3285 3318/3676/3270 3317/3675/3269 3334/3693/3286
f 3312/3670/3264 3335/3695/3287 3334/3693/3286 3317/3675/3269
f 3335/3695/3287 3325/3696/3277 3330/3694/3282 3334/3693/3286
f 3269/3624/3218 3326/3697/3278 3336/3698/3288 3272/3625/3223
f 3326/3697/3278 3325/3696/3277 3335/3695/3287 3336/3698/3288
f 3312/3670/3264 3311/3669/3263 3336/3698/3288 3335/3695/3287
f 3311/3669/3263 3258/3606/3207 3272/3625/3223 3336/3698/3288
f 3337/3699/3289 3338/3700/3290 3339/3701/3291 3340/3702/3292
f 3338/3700/3290 3341/3703/3293 3342/3704/3294 3339/3701/3291
f 3343/3705/3295 3344/3706/3296 3339/3701/3291 3342/3704/3294
f 3344/3706/3296 3345/3707/3297 3340/3702/3292 3339/3701/3291
f 3345/3707/3297 3344/3706/3296 3346/3708/3298 3347/3709/3299
f 3344/3706/3296 3343/3705/3295 3348/3710/3300 3346/3708/3298
f 2662/2943/2621 2661/2942/2620 3346/3708/3298 3348/3710/3300
f 2661/2942/2620 2654/2935/2613 3347/3709/3299 3346/3708/3298
f 3345/3707/3297 3347/3709/3299 3349/3711/3301 3350/3712/3302
f 3347/3709/3299 2654/2935/2613 2653/2934/2612 3349/3711/3301
f 2652/2933/2611 3351/3713/3303 3349/3711/3301 2653/2934/2612
f 3351/3713/3303 3352/3714/3304 3350/3712/3302 3349/3711/3301
f 3337/3699/3289 3340/3702/3292 3353/3715/3305 3354/3716/3306
f 3340/3702/3292 3345/3707/3297 3350/3712/3302 3353/3715/3305
f 3352/3714/3304 3355/3717/3307 3353/3715/3305 3350/3712/3302
f 3355/3717/3307 3356/3718/3308 3354/3716/3306 3353/3715/3305
f 3357/3719/3309 3358/3720/3310 3359/3721/3311 3360/3722/3312
f 3358/3720/3310 3361/3723/3313 3362/3724/3314 3359/3721/3311
f 3363/3725/3315 3364/3726/3316 3359/3721/3311 3362/3724/3314
f 3364/3726/3316 3365/3727/3317 3360/3722/3312 3359/3721/3311
f 3365/3727/3317 3364/3726/3316 3366/3728/3318 3367/3729/3319
f 3364/3726/3316 3363/3725/3315 3368/3730/3320 3366/3728/3318
f 2665/2948/2624 2663/2945/2622 3366/3728/3318 3368/3730/3320
f 2663/2945/2622 2657/2944/2616 3367/3729/3319 3366/3728/3318
f 3365/3731/3317 3367/3732/3319 3369/3733/3321 3370/3734/3322
f 3367/3732/3319 2657/2938/2616 2660/2941/2619 3369/3733/3321
f 2662/2943/2621 3348/3710/3300 3369/3733/3321 2660/2941/2619
f 3348/3710/3300 3343/3705/3295 3370/3734/3322 3369/3733/3321
f 3365/3731/3317 3370/3734/3322 3371/3735/3323 3360/3736/3312
f 3370/3734/3322 3343/3705/3295 3342/3704/3294 3371/3735/3323
f 3341/3703/3293 3372/3737/3324 3371/3735/3323 3342/3704/3294
f 3372/3737/3324 3357/3738/3309 3360/3736/3312 3371/3735/3323
f 3373/3739/3325 3374/3740/3326 3375/3741/3327 3376/3742/3328
f 3374/3740/3326 3377/3743/3329 3378/3744/3330 3375/3741/3327
f 3379/3745/3331 3380/3746/3332 3375/3741/3327 3378/3744/3330
f 3380/3746/3332 3381/3747/3333 3376/3742/3328 3375/3741/3327
f 3381/3747/3333 3380/3746/3332 3382/3748/3334 3383/3749/3335
f 3380/3746/3332 3379/3745/3331 3384/3750/3336 3382/3748/3334
f 2671/2957/2630 2670/2956/2629 3382/3748/3334 3384/3750/3336
f 3381/3747/3333 3383/3749/3335 3385/3751/3337 3386/3752/3338
f 2665/2948/2624 3368/3730/3320 3385/3751/3337 2666/2949/2625
f 3368/3730/3320 3363/3725/3315 3386/3752/3338 3385/3751/3337
f 3373/3739/3325 3376/3742/3328 3387/3753/3339 3388/3754/3340
f 3376/3742/3328 3381/3747/3333 3386/3752/3338 3387/3753/3339
f 3363/3725/3315 3362/3724/3314 3387/3753/3339 3386/3752/3338
f 3362/3724/3314 3361/3723/3313 3388/3754/3340 3387/3753/3339
f 3389/3755/3341 3390/3756/3342 3391/3757/3343 3392/3758/3344
f 3390/3756/3342 3393/3759/3345 3394/3760/3346 3391/3757/3343
f 3356/3718/3308 3355/3717/3307 3391/3757/3343 3394/3760/3346
f 3355/3717/3307 3352/3714/3304 3392/3758/3344 3391/3757/3343
f 3389/3755/3341 3392/3758/3344 3395/3761/3347 3396/3762/3348
f 3392/3758/3344 3352/3714/3304 3351/3713/3303 3395/3761/3347
f 2652/2933/2611 2649/2930/2608 3395/3761/3347 3351/3713/3303
f 2649/2930/2608 2648/2929/2607 3396/3762/3348 3395/3761/3347
f 3389/3763/3341 3396/3764/3348 3397/3765/3349 3398/3766/3350
f 3396/3764/3348 2648/2952/2607 2669/2955/2628 3397/3765/3349
f 2671/2957/2630 3384/3750/3336 3397/3765/3349 2669/2955/2628
f 3384/3750/3336 3379/3745/3331 3398/3766/3350 3397/3765/3349
f 3393/3767/3345 3390/3768/3342 3399/3769/3351 3400/3770/3352
f 3390/3768/3342 3389/3763/3341 3398/3766/3350 3399/3769/3351
f 3379/3745/3331 3378/3744/3330 3399/3769/3351 3398/3766/3350
f 3378/3744/3330 3377/3743/3329 3400/3770/3352 3399/3769/3351
f 3284/3638/3236 3283/3637/3235 3401/3771/3353 3402/3772/3354
f 3283/3637/3235 3282/3636/3234 3403/3773/3355 3401/3771/3353
f 3404/3774/3356 3405/3775/3357 3401/3771/3353 3403/3773/3355
f 3405/3775/3357 3406/3776/3358 3402/3772/3354 3401/3771/3353
f 3406/3776/3358 3405/3775/3357 3407/3777/3359 3408/3778/3360
f 3405/3775/3357 3404/3774/3356 3409/3779/3361 3407/3777/3359
f 3341/3703/3293 3338/3700/3290 3407/3777/3359 3409/3779/3361
f 3338/3700/3290 3337/3699/3289 3408/3778/3360 3407/3777/3359
f 3406/3776/3358 3408/3778/3360 3410/3780/3362 3411/3781/3363
f 3408/3778/3360 3337/3699/3289 3354/3716/3306 3410/3780/3362
f 3356/3718/3308 3412/3782/3364 3410/3780/3362 3354/3716/3306
f 3412/3782/3364 3413/3783/3365 3411/3781/3363 3410/3780/3362
f 3284/3638/3236 3402/3772/3354 3414/3784/3366 3287/3641/3239
f 3402/3772/3354 3406/3776/3358 3411/3781/3363 3414/3784/3366
f 3413/3783/3365 3415/3785/3367 3414/3784/3366 3411/3781/3363
f 3415/3785/3367 3288/3642/3240 3287/3641/3239 3414/3784/3366
f 3299/3653/3251 3302/3656/3254 3416/3786/3368 3417/3787/3369
f 3302/3656/3254 3304/3658/3256 3418/3788/3370 3416/3786/3368
f 3419/3789/3371 3420/3790/3372 3416/3786/3368 3418/3788/3370
f 3420/3790/3372 3421/3791/3373 3417/3787/3369 3416/3786/3368
f 3357/3719/3309 3422/3792/3374 3423/3793/3375 3358/3720/3310
f 3422/3792/3374 3421/3791/3373 3420/3790/3372 3423/3793/3375
f 3419/3789/3371 3424/3794/3376 3423/3793/3375 3420/3790/3372
f 3424/3794/3376 3361/3723/3313 3358/3720/3310 3423/3793/3375
f 3357/3738/3309 3372/3737/3324 3425/3795/3377 3422/3796/3374
f 3372/3737/3324 3341/3703/3293 3409/3779/3361 3425/3795/3377
f 3404/3774/3356 3426/3797/3378 3425/3795/3377 3409/3779/3361
f 3426/3797/3378 3421/3798/3373 3422/3796/3374 3425/3795/3377
f 3421/3798/3373 3426/3797/3378 3427/3799/3379 3417/3800/3369
f 3426/3797/3378 3404/3774/3356 3403/3773/3355 3427/3799/3379
f 3282/3636/3234 3307/3664/3259 3427/3799/3379 3403/3773/3355
f 3307/3664/3259 3299/3663/3251 3417/3800/3369 3427/3799/3379
f 3320/3678/3272 3319/3677/3271 3428/3801/3380 3429/3802/3381
f 3319/3677/3271 3318/3676/3270 3430/3803/3382 3428/3801/3380
f 3431/3804/3383 3432/3805/3384 3428/3801/3380 3430/3803/3382
f 3432/3805/3384 3433/3806/3385 3429/3802/3381 3428/3801/3380
f 3433/3806/3385 3432/3805/3384 3434/3807/3386 3435/3808/3387
f 3432/3805/3384 3431/3804/3383 3436/3809/3388 3434/3807/3386
f 3377/3743/3329 3374/3740/3326 3434/3807/3386 3436/3809/3388
f 3374/3740/3326 3373/3739/3325 3435/3808/3387 3434/3807/3386
f 3433/3806/3385 3435/3808/3387 3437/3810/3389 3438/3811/3390
f 3435/3808/3387 3373/3739/3325 3388/3754/3340 3437/3810/3389
f 3361/3723/3313 3424/3794/3376 3437/3810/3389 3388/3754/3340
f 3424/3794/3376 3419/3789/3371 3438/3811/3390 3437/3810/3389
f 3320/3678/3272 3429/3802/3381 3439/3812/3391 3323/3681/3275
f 3429/3802/3381 3433/3806/3385 3438/3811/3390 3439/3812/3391
f 3419/3789/3371 3418/3788/3370 3439/3812/3391 3438/3811/3390
f 3418/3788/3370 3304/3658/3256 3323/3681/3275 3439/3812/3391
f 3332/3690/3284 3331/3689/3283 3440/3813/3392 3441/3814/3393
f 3331/3689/3283 3288/3642/3240 3415/3785/3367 3440/3813/3392
f 3413/3783/3365 3442/3815/3394 3440/3813/3392 3415/3785/3367
f 3442/3815/3394 3443/3816/3395 3441/3814/3393 3440/3813/3392
f 3443/3816/3395 3442/3815/3394 3444/3817/3396 3445/3818/3397
f 3442/3815/3394 3413/3783/3365 3412/3782/3364 3444/3817/3396
f 3356/3718/3308 3394/3760/3346 3444/3817/3396 3412/3782/3364
f 3394/3760/3346 3393/3759/3345 3445/3818/3397 3444/3817/3396
f 3393/3767/3345 3400/3770/3352 3446/3819/3398 3445/3820/3397
f 3400/3770/3352 3377/3743/3329 3436/3809/3388 3446/3819/3398
f 3431/3804/3383 3447/3821/3399 3446/3819/3398 3436/3809/3388
f 3447/3821/3399 3443/3822/3395 3445/3820/3397 3446/3819/3398
f 3443/3822/3395 3447/3821/3399 3448/3823/3400 3441/3824/3393
f 3447/3821/3399 3431/3804/3383 3430/3803/3382 3448/3823/3400
f 3318/3676/3270 3333/3692/3285 3448/3823/3400 3430/3803/3382
f 3333/3692/3285 3332/3691/3284 3441/3824/3393 3448/3823/3400
f 3449/3825/3401 3450/3826/3402 3451/3827/3403 3452/3828/3404
f 3450/3826/3402 3453/3829/3405 3454/3830/3406 3451/3827/3403
f 2986/3309/2945 3001/3327/2960 3451/3827/3403 3454/3830/3406
f 3001/3327/2960 2995/3326/2954 3452/3828/3404 3451/3827/3403
f 3455/3831/3407 3456/3832/3408 3457/3833/3409 3458/3834/3410
f 3456/3832/3408 3449/3835/3401 3452/3836/3404 3457/3833/3409
f 2995/3318/2954 2998/3321/2957 3457/3833/3409 3452/3836/3404
f 2998/3321/2957 2969/3292/2928 3458/3834/3410 3457/3833/3409
f 3449/3835/3401 3456/3832/3408 3459/3837/3411 3460/3838/3412
f 3456/3832/3408 3455/3831/3407 3461/3839/3413 3459/3837/3411
f 86/83/78 83/80/75 3459/3837/3411 3461/3839/3413
f 83/80/75 82/79/74 3460/3838/3412 3459/3837/3411
f 3453/3840/3405 3450/3841/3402 3462/3842/3414 3463/3843/3415
f 3450/3841/3402 3449/3844/3401 3460/3845/3412 3462/3842/3414
f 82/108/74 106/107/98 3462/3842/3414 3460/3845/3412
f 106/107/98 105/106/97 3463/3843/3415 3462/3842/3414
f 3464/3846/3416 3465/3847/3417 3466/3848/3418 3467/3849/3419
f 3465/3847/3417 2627/2903/2586 2624/2900/2583 3466/3848/3418
f 2623/2899/2582 3468/3850/3420 3466/3848/3418 2624/2900/2583
f 3468/3850/3420 3469/3851/3421 3467/3849/3419 3466/3848/3418
f 3470/3852/3422 3471/3853/3423 3472/3854/3424 3473/3855/3425
f 3471/3853/3423 3469/3856/3421 3468/3857/3420 3472/3854/3424
f 2623/2928/2582 2647/2927/2606 3472/3854/3424 3468/3857/3420
f 2647/2927/2606 2646/2926/2605 3473/3855/3425 3472/3854/3424
f 3470/3852/3422 3474/3858/3426 3475/3859/3427 3471/3853/3423
f 3474/3858/3426 2105/2330/2075 2120/2348/2090 3475/3859/3427
f 2114/2347/2084 3476/3860/3428 3475/3859/3427 2120/2348/2090
f 3476/3860/3428 3469/3856/3421 3471/3853/3423 3475/3859/3427
f 3469/3851/3421 3476/3861/3428 3477/3862/3429 3467/3849/3419
f 3476/3861/3428 2114/2339/2084 2117/2342/2087 3477/3862/3429
f 2089/2314/2059 3478/3863/3430 3477/3862/3429 2117/2342/2087
f 3478/3863/3430 3464/3846/3416 3467/3849/3419 3477/3862/3429
f 3479/3864/3431 3480/3865/3432 3481/3866/3433 3482/3867/3434
f 3480/3865/3432 3483/3868/3435 3484/3869/3436 3481/3866/3433
f 1745/1923/1715 1742/1920/1712 3481/3866/3433 3484/3869/3436
f 1742/1920/1712 1741/1919/1711 3482/3867/3434 3481/3866/3433
f 3485/3870/3437 3486/3871/3438 3487/3872/3439 3488/3873/3440
f 3486/3871/3438 3479/3874/3431 3482/3875/3434 3487/3872/3439
f 1741/1948/1711 1765/1947/1735 3487/3872/3439 3482/3875/3434
f 1765/1947/1735 1764/1946/1734 3488/3873/3440 3487/3872/3439
f 3485/3870/3437 3489/3876/3441 3490/3877/3442 3486/3871/3438
f 3489/3876/3441 1213/1336/1192 1228/1354/1207 3490/3877/3442
f 1222/1353/1201 3491/3878/3443 3490/3877/3442 1228/1354/1207
f 3491/3878/3443 3479/3874/3431 3486/3871/3438 3490/3877/3442
f 3483/3868/3435 3480/3865/3432 3492/3879/3444 3493/3880/3445
f 3480/3865/3432 3479/3864/3431 3491/3881/3443 3492/3879/3444
f 1222/1345/1201 1225/1348/1204 3492/3879/3444 3491/3881/3443
f 1225/1348/1204 1197/1320/1176 3493/3880/3445 3492/3879/3444
f 3494/3882/3446 3495/3883/3447 3496/3884/3448 3497/3885/3449
f 3495/3883/3447 856/936/837 853/933/834 3496/3884/3448
f 852/932/833 3498/3886/3450 3496/3884/3448 853/933/834
f 3498/3886/3450 3499/3887/3451 3497/3885/3449 3496/3884/3448
f 3499/3888/3451 3498/3889/3450 3500/3890/3452 3501/3891/3453
f 3498/3889/3450 852/961/833 876/960/857 3500/3890/3452
f 875/959/856 3502/3892/3454 3500/3890/3452 876/960/857
f 3502/3892/3454 3503/3893/3455 3501/3891/3453 3500/3890/3452
f 3503/3893/3455 3504/3894/3456 3505/3895/3457 3501/3891/3453
f 3504/3894/3456 166/173/158 184/194/176 3505/3895/3457
f 178/193/170 3506/3896/3458 3505/3895/3457 184/194/176
f 3506/3896/3458 3499/3888/3451 3501/3891/3453 3505/3895/3457
f 3499/3887/3451 3506/3897/3458 3507/3898/3459 3497/3885/3449
f 3506/3897/3458 178/185/170 181/188/173 3507/3898/3459
f 144/151/136 3508/3899/3460 3507/3898/3459 181/188/173
f 3508/3899/3460 3494/3882/3446 3497/3885/3449 3507/3898/3459
f 3509/3900/3461 3510/3901/3462 3511/3902/3463 3512/3903/3464
f 3510/3901/3462 2082/2307/2052 2085/2310/2055 3511/3902/3463
f 1745/1923/1715 3484/3869/3436 3511/3902/3463 2085/2310/2055
f 3484/3869/3436 3483/3868/3435 3512/3903/3464 3511/3902/3463
f 3513/3904/3465 3514/3905/3466 3515/3906/3467 3516/3907/3468
f 3514/3905/3466 3509/3900/3461 3512/3903/3464 3515/3906/3467
f 3483/3868/3435 3493/3880/3445 3515/3906/3467 3512/3903/3464
f 3493/3880/3445 1197/1320/1176 3516/3907/3468 3515/3906/3467
f 3513/3904/3465 3517/3908/3469 3518/3909/3470 3514/3905/3466
f 3517/3908/3469 2627/2903/2586 3465/3847/3417 3518/3909/3470
f 3464/3846/3416 3519/3910/3471 3518/3909/3470 3465/3847/3417
f 3519/3910/3471 3509/3900/3461 3514/3905/3466 3518/3909/3470
f 2082/2307/2052 3510/3901/3462 3520/3911/3472 2088/2313/2058
f 3510/3901/3462 3509/3900/3461 3519/3910/3471 3520/3911/3472
f 3464/3846/3416 3478/3863/3430 3520/3911/3472 3519/3910/3471
f 3478/3863/3430 2089/2314/2059 2088/2313/2058 3520/3911/3472
f 3521/3912/3473 3522/3913/3474 3523/3914/3475 3524/3915/3476
f 3522/3913/3474 1190/1313/1169 1193/1316/1172 3523/3914/3475
f 856/936/837 3495/3883/3447 3523/3914/3475 1193/1316/1172
f 3495/3883/3447 3494/3882/3446 3524/3915/3476 3523/3914/3475
f 3525/3916/3477 3526/3917/3478 3527/3918/3479 3528/3919/3480
f 3526/3917/3478 3521/3912/3473 3524/3915/3476 3527/3918/3479
f 3494/3882/3446 3508/3899/3460 3527/3918/3479 3524/3915/3476
f 3508/3899/3460 144/151/136 3528/3919/3480 3527/3918/3479
f 3521/3912/3473 3526/3917/3478 3529/3920/3481 3530/3921/3482
f 3526/3917/3478 3525/3916/3477 3531/3922/3483 3529/3920/3481
f 3532/3923/3484 3533/3924/3485 3529/3920/3481 3531/3922/3483
f 3533/3924/3485 3534/3925/3486 3530/3921/3482 3529/3920/3481
f 1190/1313/1169 3522/3913/3474 3535/3926/3487 1196/1319/1175
f 3522/3913/3474 3521/3912/3473 3530/3921/3482 3535/3926/3487
f 3534/3925/3486 3536/3927/3488 3535/3926/3487 3530/3921/3482
f 3536/3927/3488 1197/1320/1176 1196/1319/1175 3535/3926/3487
f 3537/3928/3489 3538/3929/3490 3539/3930/3491 3540/3931/3492
f 3538/3929/3490 86/83/78 3461/3839/3413 3539/3930/3491
f 3455/3831/3407 3541/3932/3493 3539/3930/3491 3461/3839/3413
f 3541/3932/3493 3542/3933/3494 3540/3931/3492 3539/3930/3491
f 3542/3933/3494 3541/3932/3493 3543/3934/3495 3544/3935/3496
f 3541/3932/3493 3455/3831/3407 3458/3834/3410 3543/3934/3495
f 2969/3292/2928 2967/3290/2926 3543/3934/3495 3458/3834/3410
f 2967/3290/2926 2966/3289/2925 3544/3935/3496 3543/3934/3495
f 2966/3289/2925 2965/3288/2924 3545/3936/3497 3544/3935/3496
f 2965/3288/2924 2627/2903/2586 3546/3937/3498 3545/3936/3497
f 3547/3938/3499 3548/3939/3500 3545/3936/3497 3546/3937/3498
f 3548/3939/3500 3542/3933/3494 3544/3935/3496 3545/3936/3497
f 3542/3933/3494 3548/3939/3500 3549/3940/3501 3540/3931/3492
f 3548/3939/3500 3547/3938/3499 3550/3941/3502 3549/3940/3501
f 3551/3942/3503 3552/3943/3504 3549/3940/3501 3550/3941/3502
f 3552/3943/3504 3537/3928/3489 3540/3931/3492 3549/3940/3501
f 3553/3944/3505 3554/3945/3506 3555/3946/3507 3556/3947/3508
f 3554/3945/3506 3525/3916/3477 3528/3919/3480 3555/3946/3507
f 144/151/136 142/149/134 3555/3946/3507 3528/3919/3480
f 142/149/134 138/145/130 3556/3947/3508 3555/3946/3507
f 3553/3944/3505 3556/3947/3508 3557/3948/3509 3558/3949/3510
f 3556/3947/3508 138/145/130 141/148/133 3557/3948/3509
f 86/83/78 3538/3929/3490 3557/3948/3509 141/148/133
f 3538/3929/3490 3537/3928/3489 3558/3949/3510 3557/3948/3509
f 3537/3928/3489 3552/3943/3504 3559/3950/3511 3558/3949/3510
f 3552/3943/3504 3551/3942/3503 3560/3951/3512 3559/3950/3511
f 3561/3952/3513 3562/3953/3514 3559/3950/3511 3560/3951/3512
f 3562/3953/3514 3553/3944/3505 3558/3949/3510 3559/3950/3511
f 3553/3944/3505 3562/3953/3514 3563/3954/3515 3554/3945/3506
f 3562/3953/3514 3561/3952/3513 3564/3955/3516 3563/3954/3515
f 3532/3923/3484 3531/3922/3483 3563/3954/3515 3564/3955/3516
f 3531/3922/3483 3525/3916/3477 3554/3945/3506 3563/3954/3515
f 3534/3925/3486 3533/3924/3485 3565/3956/3517 3566/3957/3518
f 3533/3924/3485 3532/3923/3484 3564/3955/3516 3565/3956/3517
f 3561/3952/3513 3567/3958/3519 3565/3956/3517 3564/3955/3516
f 3567/3958/3519 3568/3959/3520 3566/3957/3518 3565/3956/3517
f 3568/3959/3520 3567/3958/3519 3569/3960/3521 3570/3961/3522
f 3567/3958/3519 3561/3952/3513 3560/3951/3512 3569/3960/3521
f 3551/3942/3503 3550/3941/3502 3569/3960/3521 3560/3951/3512
f 3550/3941/3502 3547/3938/3499 3570/3961/3522 3569/3960/3521
f 3547/3938/3499 3546/3937/3498 3571/3962/3523 3570/3961/3522
f 3546/3937/3498 2627/2903/2586 3517/3908/3469 3571/3962/3523
f 3513/3904/3465 3572/3963/3524 3571/3962/3523 3517/3908/3469
f 3572/3963/3524 3568/3959/3520 3570/3961/3522 3571/3962/3523
f 3534/3925/3486 3566/3957/3518 3573/3964/3525 3536/3927/3488
f 3566/3957/3518 3568/3959/3520 3572/3963/3524 3573/3964/3525
f 3513/3904/3465 3516/3907/3468 3573/3964/3525 3572/3963/3524
f 3516/3907/3468 1197/1320/1176 3536/3927/3488 3573/3964/3525
f 3574/3965/3526 3575/3966/3527 3576/3967/3528 3577/3968/3529
f 3575/3966/3527 3578/3969/3530 3579/3970/3531 3576/3967/3528
f 105/106/97 167/174/159 3576/3967/3528 3579/3970/3531
f 167/174/159 161/168/153 3577/3968/3529 3576/3967/3528
f 3580/3971/3532 3581/3972/3533 3582/3973/3534 3583/3974/3535
f 3581/3972/3533 3574/3965/3526 3577/3968/3529 3582/3973/3534
f 161/168/153 164/171/156 3582/3973/3534 3577/3968/3529
f 164/171/156 166/173/158 3583/3974/3535 3582/3973/3534
f 3581/3972/3533 3580/3971/3532 3585/3975/3536 3584/3976/3537
f 3586/3977/3538 3587/3978/3539 3584/3976/3537 3585/3975/3536
f 3591/3979/3540 3592/3980/3541 3589/3981/3542 3590/3982/3543
f 3592/3980/3541 3578/3969/3530 3575/3966/3527 3589/3981/3542
f 3580/3971/3532 3583/3974/3535 3593/3983/3544 3594/3984/3545
f 3583/3974/3535 166/173/158 3504/3894/3456 3593/3983/3544
f 3503/3893/3455 3595/3985/3546 3593/3983/3544 3504/3894/3456
f 3595/3985/3546 3596/3986/3547 3594/3984/3545 3593/3983/3544
f 3596/3986/3547 3595/3985/3546 3597/3987/3548 3598/3988/3549
f 3595/3985/3546 3503/3893/3455 3502/3892/3454 3597/3987/3548
f 875/959/856 3599/3989/3550 3597/3987/3548 3502/3892/3454
f 3599/3989/3550 3600/3990/3551 3598/3988/3549 3597/3987/3548
f 3596/3986/3547 3598/3988/3549 3601/3991/3552 3602/3992/3553
f 3598/3988/3549 3600/3990/3551 3603/3993/3554 3601/3991/3552
f 3604/3994/3555 3605/3995/3556 3601/3991/3552 3603/3993/3554
f 3605/3995/3556 3606/3996/3557 3602/3992/3553 3601/3991/3552
f 3580/3971/3532 3594/3984/3545 3607/3997/3558 3585/3975/3536
f 3594/3984/3545 3596/3986/3547 3602/3992/3553 3607/3997/3558
f 3606/3996/3557 3608/3998/3559 3607/3997/3558 3602/3992/3553
f 3608/3998/3559 3586/3977/3538 3585/3975/3536 3607/3997/3558
f 3600/3990/3551 3599/3989/3550 3609/3999/3560 3610/4000/3561
f 3599/3989/3550 875/959/856 1214/1337/1193 3609/3999/3560
f 1208/1331/1187 3611/4001/3562 3609/3999/3560 1214/1337/1193
f 3611/4001/3562 3612/4002/3563 3610/4000/3561 3609/3999/3560
f 3612/4002/3563 3611/4001/3562 3613/4003/3564 3614/4004/3565
f 3611/4001/3562 1208/1331/1187 1211/1334/1190 3613/4003/3564
f 1213/1336/1192 3489/3876/3441 3613/4003/3564 1211/1334/1190
f 3489/3876/3441 3485/3870/3437 3614/4004/3565 3613/4003/3564
f 3485/3870/3437 3488/3873/3440 3615/4005/3566 3614/4004/3565
f 3488/3873/3440 1764/1946/1734 3616/4006/3567 3615/4005/3566
f 3617/4007/3568 3618/4008/3569 3615/4005/3566 3616/4006/3567
f 3618/4008/3569 3612/4002/3563 3614/4004/3565 3615/4005/3566
f 3600/3990/3551 3610/4000/3561 3619/4009/3570 3603/3993/3554
f 3610/4000/3561 3612/4002/3563 3618/4008/3569 3619/4009/3570
f 3617/4007/3568 3620/4010/3571 3619/4009/3570 3618/4008/3569
f 3620/4010/3571 3604/3994/3555 3603/3993/3554 3619/4009/3570
f 3621/4011/3572 3622/4012/3573 3623/4013/3574 3624/4014/3575
f 3622/4012/3573 3617/4007/3568 3616/4006/3567 3623/4013/3574
f 1764/1946/1734 2106/2331/2076 3623/4013/3574 3616/4006/3567
f 2106/2331/2076 2100/2325/2070 3624/4014/3575 3623/4013/3574
f 3625/4015/3576 3626/4016/3577 3627/4017/3578 3628/4018/3579
f 3626/4016/3577 3621/4011/3572 3624/4014/3575 3627/4017/3578
f 2100/2325/2070 2103/2328/2073 3627/4017/3578 3624/4014/3575
f 2103/2328/2073 2105/2330/2075 3628/4018/3579 3627/4017/3578
f 3621/4011/3572 3626/4016/3577 3629/4019/3580 3630/4020/3581
f 3626/4016/3577 3625/4015/3576 3631/4021/3582 3629/4019/3580
f 3632/4022/3583 3633/4023/3584 3629/4019/3580 3631/4021/3582
f 3633/4023/3584 3634/4024/3585 3630/4020/3581 3629/4019/3580
f 3617/4007/3568 3622/4012/3573 3635/4025/3586 3620/4010/3571
f 3622/4012/3573 3621/4011/3572 3630/4020/3581 3635/4025/3586
f 3634/4024/3585 3636/4026/3587 3635/4025/3586 3630/4020/3581
f 3636/4026/3587 3604/3994/3555 3620/4010/3571 3635/4025/3586
f 3625/4015/3576 3628/4018/3579 3637/4027/3588 3638/4028/3589
f 3628/4018/3579 2105/2330/2075 3474/3858/3426 3637/4027/3588
f 3470/3852/3422 3639/4029/3590 3637/4027/3588 3474/3858/3426
f 3639/4029/3590 3640/4030/3591 3638/4028/3589 3637/4027/3588
f 3640/4030/3591 3639/4029/3590 3641/4031/3592 3642/4032/3593
f 3639/4029/3590 3470/3852/3422 3473/3855/3425 3641/4031/3592
f 2646/2926/2605 2989/3312/2948 3641/4031/3592 3473/3855/3425
f 2989/3312/2948 2981/3304/2940 3642/4032/3593 3641/4031/3592
f 2981/3304/2940 2984/3307/2943 3643/4033/3594 3642/4032/3593
f 2984/3307/2943 2986/3309/2945 3644/4034/3595 3643/4033/3594
f 3645/4035/3596 3646/4036/3597 3643/4033/3594 3644/4034/3595
f 3646/4036/3597 3640/4030/3591 3642/4032/3593 3643/4033/3594
f 3625/4015/3576 3638/4028/3589 3647/4037/3598 3631/4021/3582
f 3638/4028/3589 3640/4030/3591 3646/4036/3597 3647/4037/3598
f 3645/4035/3596 3648/4038/3599 3647/4037/3598 3646/4036/3597
f 3648/4038/3599 3632/4022/3583 3631/4021/3582 3647/4037/3598
f 3645/4035/3596 3644/4034/3595 3649/4039/3600 3650/4040/3601
f 3644/4034/3595 2986/3309/2945 3454/3830/3406 3649/4039/3600
f 3453/3829/3405 3651/4041/3602 3649/4039/3600 3454/3830/3406
f 3651/4041/3602 3652/4042/3603 3650/4040/3601 3649/4039/3600
f 3578/3969/3530 3653/4043/3604 3654/4044/3605 3579/3970/3531
f 3653/4043/3604 3652/4045/3603 3651/4046/3602 3654/4044/3605
f 3453/3840/3405 3463/3843/3415 3654/4044/3605 3651/4046/3602
f 3463/3843/3415 105/106/97 3579/3970/3531 3654/4044/3605
f 3578/3969/3530 3592/3980/3541 3655/4047/3606 3653/4043/3604
f 3592/3980/3541 3591/3979/3540 3656/4048/3607 3655/4047/3606
f 3657/4049/3608 3658/4050/3609 3655/4047/3606 3656/4048/3607
f 3658/4050/3609 3652/4045/3603 3653/4043/3604 3655/4047/3606
f 3652/4042/3603 3658/4051/3609 3659/4052/3610 3650/4040/3601
f 3658/4051/3609 3657/4053/3608 3660/4054/3611 3659/4052/3610
f 3632/4022/3583 3648/4038/3599 3659/4052/3610 3660/4054/3611
f 3648/4038/3599 3645/4035/3596 3650/4040/3601 3659/4052/3610
f 3661/4055/3612 3662/4056/3613 3663/4057/3614 3664/4058/3615
f 3662/4056/3613 3591/3979/3540 3590/3982/3543 3663/4057/3614
f 3588/4059/3616 3665/4060/3617 3663/4057/3614 3590/3982/3543
f 3665/4060/3617 3666/4061/3618 3664/4058/3615 3663/4057/3614
f 3667/4062/3619 3668/4063/3620 3669/4064/3621 3670/4065/3622
f 3668/4063/3620 3666/4061/3618 3665/4060/3617 3669/4064/3621
f 3588/4059/3616 3587/3978/3539 3669/4064/3621 3665/4060/3617
f 3587/3978/3539 3586/3977/3538 3670/4065/3622 3669/4064/3621
f 3666/4061/3618 3668/4063/3620 3671/4066/3623 3672/4067/3624
f 3668/4063/3620 3667/4062/3619 3673/4068/3625 3671/4066/3623
f 3674/4069/3626 3675/4070/3627 3671/4066/3623 3673/4068/3625
f 3675/4070/3627 3676/4071/3628 3672/4067/3624 3671/4066/3623
f 3666/4061/3618 3672/4067/3624 3677/4072/3629 3664/4058/3615
f 3672/4067/3624 3676/4071/3628 3678/4073/3630 3677/4072/3629
f 3679/4074/3631 3680/4075/3632 3677/4072/3629 3678/4073/3630
f 3680/4075/3632 3661/4055/3612 3664/4058/3615 3677/4072/3629
f 3681/4076/3633 3682/4077/3634 3683/4078/3635 3684/4079/3636
f 3682/4077/3634 3667/4062/3619 3670/4065/3622 3683/4078/3635
f 3586/3977/3538 3608/3998/3559 3683/4078/3635 3670/4065/3622
f 3608/3998/3559 3606/3996/3557 3684/4079/3636 3683/4078/3635
f 3685/4080/3637 3686/4081/3638 3687/4082/3639 3688/4083/3640
f 3686/4081/3638 3681/4076/3633 3684/4079/3636 3687/4082/3639
f 3606/3996/3557 3605/3995/3556 3687/4082/3639 3684/4079/3636
f 3605/3995/3556 3604/3994/3555 3688/4083/3640 3687/4082/3639
f 3681/4076/3633 3686/4081/3638 3689/4084/3641 3690/4085/3642
f 3686/4081/3638 3685/4080/3637 3691/4086/3643 3689/4084/3641
f 3692/4087/3644 3693/4088/3645 3689/4084/3641 3691/4086/3643
f 3693/4088/3645 3694/4089/3646 3690/4085/3642 3689/4084/3641
f 3667/4062/3619 3682/4077/3634 3695/4090/3647 3673/4068/3625
f 3682/4077/3634 3681/4076/3633 3690/4085/3642 3695/4090/3647
f 3694/4089/3646 3696/4091/3648 3695/4090/3647 3690/4085/3642
f 3696/4091/3648 3674/4069/3626 3673/4068/3625 3695/4090/3647
f 3697/4092/3649 3698/4093/3650 3699/4094/3651 3700/4095/3652
f 3698/4093/3650 3685/4080/3637 3688/4083/3640 3699/4094/3651
f 3604/3994/3555 3636/4026/3587 3699/4094/3651 3688/4083/3640
f 3636/4026/3587 3634/4024/3585 3700/4095/3652 3699/4094/3651
f 3697/4092/3649 3700/4095/3652 3701/4096/3653 3702/4097/3654
f 3700/4095/3652 3634/4024/3585 3633/4023/3584 3701/4096/3653
f 3632/4022/3583 3703/4098/3655 3701/4096/3653 3633/4023/3584
f 3703/4098/3655 3704/4099/3656 3702/4097/3654 3701/4096/3653
f 3704/4099/3656 3705/4100/3657 3706/4101/3658 3702/4097/3654
f 3705/4100/3657 3707/4102/3659 3708/4103/3660 3706/4101/3658
f 3709/4104/3661 3710/4105/3662 3706/4101/3658 3708/4103/3660
f 3710/4105/3662 3697/4092/3649 3702/4097/3654 3706/4101/3658
f 3685/4080/3637 3698/4093/3650 3711/4106/3663 3691/4086/3643
f 3698/4093/3650 3697/4092/3649 3710/4105/3662 3711/4106/3663
f 3709/4104/3661 3712/4107/3664 3711/4106/3663 3710/4105/3662
f 3712/4107/3664 3692/4087/3644 3691/4086/3643 3711/4106/3663
f 3704/4099/3656 3703/4098/3655 3713/4108/3665 3714/4109/3666
f 3703/4098/3655 3632/4022/3583 3660/4054/3611 3713/4108/3665
f 3657/4053/3608 3715/4110/3667 3713/4108/3665 3660/4054/3611
f 3715/4110/3667 3716/4111/3668 3714/4109/3666 3713/4108/3665
f 3716/4112/3668 3715/4113/3667 3717/4114/3669 3718/4115/3670
f 3715/4113/3667 3657/4049/3608 3656/4048/3607 3717/4114/3669
f 3591/3979/3540 3662/4056/3613 3717/4114/3669 3656/4048/3607
f 3662/4056/3613 3661/4055/3612 3718/4115/3670 3717/4114/3669
f 3661/4055/3612 3680/4075/3632 3719/4116/3671 3718/4115/3670
f 3680/4075/3632 3679/4074/3631 3720/4117/3672 3719/4116/3671
f 3721/4118/3673 3722/4119/3674 3719/4116/3671 3720/4117/3672
f 3722/4119/3674 3716/4112/3668 3718/4115/3670 3719/4116/3671
f 3716/4111/3668 3722/4120/3674 3723/4121/3675 3714/4109/3666
f 3722/4120/3674 3721/4122/3673 3724/4123/3676 3723/4121/3675
f 3707/4102/3659 3705/4100/3657 3723/4121/3675 3724/4123/3676
f 3705/4100/3657 3704/4099/3656 3714/4109/3666 3723/4121/3675
f 3725/4124/3677 3726/4125/3678 3727/4126/3679 3728/4127/3680
f 3726/4125/3678 3676/4071/3628 3675/4070/3627 3727/4126/3679
f 3674/4069/3626 3729/4128/3681 3727/4126/3679 3675/4070/3627
f 3729/4128/3681 3730/4129/3682 3728/4127/3680 3727/4126/3679
f 14/4130/3683 3731/4131/3684 3732/4132/3685 15/4133/3686
f 3731/4131/3684 3725/4124/3677 3728/4127/3680 3732/4132/3685
f 3730/4129/3682 3733/4134/3687 3732/4132/3685 3728/4127/3680
f 3733/4134/3687 12/4135/3688 15/4133/3686 3732/4132/3685
f 3736/4136/3689 3737/4137/3690 3734/4138/3691 3735/4139/3692
f 3737/4137/3690 3725/4124/3677 3731/4131/3684 3734/4138/3691
f 3725/4124/3677 3737/4137/3690 3738/4140/3693 3726/4125/3678
f 3737/4137/3690 3736/4136/3689 3739/4141/3694 3738/4140/3693
f 3679/4074/3631 3678/4073/3630 3738/4140/3693 3739/4141/3694
f 3678/4073/3630 3676/4071/3628 3726/4125/3678 3738/4140/3693
f 3740/4142/3695 3741/4143/3696 3742/4144/3697 3743/4145/3698
f 3741/4143/3696 3694/4089/3646 3693/4088/3645 3742/4144/3697
f 3692/4087/3644 3744/4146/3699 3742/4144/3697 3693/4088/3645
f 3744/4146/3699 3745/4147/3700 3743/4145/3698 3742/4144/3697
f 8/5/5 3746/4148/3701 3747/4149/3702 13/4150/3703
f 3746/4148/3701 3740/4142/3695 3743/4145/3698 3747/4149/3702
f 3745/4147/3700 3748/4151/3704 3747/4149/3702 3743/4145/3698
f 3748/4151/3704 6/2/2 13/4150/3703 3747/4149/3702
f 3740/4142/3695 3746/4148/3701 3749/4152/3705 3750/4153/3706
f 3746/4148/3701 8/5/5 11/8/8 3749/4152/3705
f 12/4135/3688 3733/4134/3687 3749/4152/3705 11/8/8
f 3733/4134/3687 3730/4129/3682 3750/4153/3706 3749/4152/3705
f 3694/4089/3646 3741/4143/3696 3751/4154/3707 3696/4091/3648
f 3741/4143/3696 3740/4142/3695 3750/4153/3706 3751/4154/3707
f 3730/4129/3682 3729/4128/3681 3751/4154/3707 3750/4153/3706
f 3729/4128/3681 3674/4069/3626 3696/4091/3648 3751/4154/3707
f 3709/4104/3661 3708/4103/3660 3752/4155/3708 3753/4156/3709
f 3708/4103/3660 3707/4102/3659 3754/4157/3710 3752/4155/3708
f 3755/4158/3711 3756/4159/3712 3752/4155/3708 3754/4157/3710
f 3756/4159/3712 3757/4160/3713 3753/4156/3709 3752/4155/3708
f 3757/4160/3713 3756/4159/3712 3758/4161/3714 3759/4162/3715
f 3756/4159/3712 3755/4158/3711 3760/4163/3716 3758/4161/3714
f 7/4164/3717 2/4165/3718 3759/4162/3715 3758/4161/3714
f 3757/4160/3713 3759/4162/3715 3761/4166/3719 3762/4167/3720
f 3759/4162/3715 2/4165/3718 4/3/3 3761/4166/3719
f 6/2/2 3748/4151/3704 3761/4166/3719 4/3/3
f 3748/4151/3704 3745/4147/3700 3762/4167/3720 3761/4166/3719
f 3709/4104/3661 3753/4156/3709 3763/4168/3721 3712/4107/3664
f 3753/4156/3709 3757/4160/3713 3762/4167/3720 3763/4168/3721
f 3745/4147/3700 3744/4146/3699 3763/4168/3721 3762/4167/3720
f 3744/4146/3699 3692/4087/3644 3712/4107/3664 3763/4168/3721
f 3721/4118/3673 3720/4117/3672 3764/4169/3722 3765/4170/3723
f 3720/4117/3672 3679/4074/3631 3739/4141/3694 3764/4169/3722
f 3736/4136/3689 3766/4171/3724 3764/4169/3722 3739/4141/3694
f 3766/4171/3724 3767/4172/3725 3765/4170/3723 3764/4169/3722
f 3767/4172/3725 3766/4171/3724 3768/4173/3726 3769/4174/3727
f 3766/4171/3724 3736/4136/3689 3735/4139/3692 3768/4173/3726
f 3755/4158/3711 3771/4175/3728 3770/4176/3729 3760/4163/3716
f 3771/4175/3728 3767/4177/3725 3769/4178/3727 3770/4176/3729
f 3767/4177/3725 3771/4175/3728 3772/4179/3730 3765/4180/3723
f 3771/4175/3728 3755/4158/3711 3754/4157/3710 3772/4179/3730
f 3707/4102/3659 3724/4123/3676 3772/4179/3730 3754/4157/3710
f 3724/4123/3676 3721/4122/3673 3765/4180/3723 3772/4179/3730
l 546 558
l 546 591
l 602 603
l 2295 2303
l 1 5
l 533 534
l 1440 1452
l 1457 1459
l 2338 2340
l 2349 2359
l 3196 3198
l 580 583
l 2324 2325
l 3189 3200
l 529 532
l 1453 1454
l 2325 2363
l 555 556
l 591 592
l 2363 2364
l 3184 3186
l 3209 3210
l 3209 3254
l 556 557
l 996 997
l 1410 1412
l 1410 1413
l 1416 1454
l 2299 2300
l 2375 2376
l 3185 3186
l 3210 3211
l 532 534
l 544 546
l 557 558
l 557 602
l 997 1001
l 1444 1480
l 1484 1485
l 578 579
l 1412 1430
l 1480 1481
