# Blender 5.0.1
# www.blender.org
mtllib PR2obj.mtl
o 12212_Bird_v1_l2.002
v -1.169235 0.804275 0.431071
v -1.524922 0.936300 0.622046
v -0.138445 0.765424 0.433328
v -0.142381 0.761786 0.454393
v -0.143295 0.766826 0.412762
v -0.156984 0.765748 0.395571
v -0.206524 0.755483 0.380925
v -0.179601 0.761547 0.384814
v -0.233089 0.748568 0.384463
v 0.116789 0.485975 0.352299
v 0.118514 0.483543 0.368067
v 0.114967 0.480504 0.367866
v 0.113285 0.482849 0.351750
v 0.119699 0.486880 0.383075
v 0.115750 0.484143 0.383295
v 0.110272 0.481409 0.383410
v 0.109890 0.477435 0.367653
v 0.108327 0.479741 0.351418
v 0.103490 0.474766 0.367579
v 0.102166 0.476928 0.351295
v 0.103340 0.478822 0.383364
v 0.094988 0.476680 0.383260
v 0.095843 0.472610 0.367682
v 0.094594 0.474820 0.351625
v 0.099520 0.484721 0.336951
v 0.105920 0.487390 0.337026
v 0.091851 0.482494 0.337559
v 0.087829 0.494765 0.327828
v 0.096062 0.497273 0.327106
v 0.102993 0.499892 0.327057
v 0.110997 0.490394 0.337427
v 0.114718 0.493337 0.338336
v 0.108569 0.502484 0.327422
v 0.112637 0.504725 0.328406
v 0.101046 0.541186 0.405505
v 0.109919 0.541309 0.404278
v 0.107393 0.553477 0.393982
v 0.098044 0.553706 0.395119
v 0.116459 0.540491 0.402621
v 0.114280 0.551955 0.392400
v 0.112209 0.559513 0.377870
v 0.105105 0.561217 0.379092
v 0.095517 0.561655 0.380090
v 0.093475 0.560292 0.347145
v 0.093857 0.564169 0.363186
v 0.103326 0.563770 0.362307
v 0.102445 0.560207 0.346587
v 0.110289 0.562100 0.361520
v 0.109105 0.558861 0.346229
v 0.082498 0.558696 0.347758
v 0.082446 0.562675 0.363834
v 0.070056 0.554853 0.348231
v 0.069397 0.558834 0.364202
v 0.070645 0.556396 0.380920
v 0.083868 0.560272 0.380882
v 0.086514 0.552252 0.395887
v 0.073486 0.548481 0.395750
v 0.077606 0.536100 0.405867
v 0.090069 0.539590 0.406118
v 0.107047 0.507906 0.404924
v 0.109180 0.492450 0.396209
v 0.115515 0.494622 0.395794
v 0.114163 0.509403 0.404171
v 0.119973 0.496595 0.394994
v 0.119369 0.510404 0.402929
v 0.112226 0.525854 0.407305
v 0.104112 0.525083 0.408414
v 0.118180 0.525817 0.405811
v 0.094122 0.523242 0.408837
v 0.082516 0.520094 0.408492
v 0.087588 0.503043 0.404833
v 0.098044 0.505820 0.405156
v 0.101359 0.490161 0.396266
v 0.092074 0.487630 0.396027
v -0.195298 0.410645 0.304214
v -0.225315 0.392934 0.293346
v -0.229778 0.416427 0.292562
v -0.201682 0.430344 0.302756
v -0.261104 0.373316 0.277166
v -0.259989 0.406113 0.279908
v -0.262509 0.435865 0.289322
v -0.234642 0.442397 0.300037
v -0.209421 0.451677 0.308209
v -0.240503 0.465491 0.312655
v -0.217464 0.470732 0.318799
v -0.266602 0.462169 0.303576
v -0.271422 0.482714 0.323354
v -0.245152 0.481429 0.329258
v -0.224184 0.484076 0.333344
v -0.197114 0.477675 0.323204
v -0.187139 0.461606 0.314066
v -0.205603 0.488713 0.336318
v -0.189180 0.494677 0.338375
v -0.179605 0.484995 0.326151
v -0.168166 0.470879 0.318004
v -0.177122 0.443559 0.310064
v -0.156760 0.454704 0.314859
v -0.147207 0.439093 0.317303
v -0.168969 0.426459 0.312100
v 0.267796 0.414266 0.308001
v 0.272773 0.409243 0.306163
v 0.273976 0.406519 0.307339
v 0.266343 0.418389 0.307625
v 0.269499 0.416019 0.306278
v 0.272471 0.415708 0.305748
v 0.275777 0.408325 0.305529
v 0.277100 0.405529 0.306681
v 0.277222 0.416853 0.310374
v 0.278142 0.409009 0.307669
v 0.276841 0.411712 0.306486
v 0.276051 0.419133 0.308622
v 0.273838 0.418674 0.306559
v 0.273959 0.422928 0.308132
v 0.276637 0.417658 0.313296
v 0.277351 0.410353 0.310460
v 0.275054 0.420257 0.316308
v 0.274934 0.415906 0.315019
v 0.273566 0.412939 0.314208
v 0.276265 0.407090 0.309440
v 0.273261 0.408008 0.310074
v 0.268382 0.412824 0.312581
v 0.270573 0.413375 0.314675
v 0.267341 0.415763 0.315605
v -0.164101 0.413268 0.321303
v -0.191135 0.396108 0.314327
v -0.141591 0.426803 0.326287
v -0.139813 0.418671 0.339455
v -0.162714 0.404793 0.335199
v -0.189672 0.387191 0.329869
v -0.164589 0.401830 0.351313
v -0.191558 0.384188 0.347662
v -0.141797 0.415525 0.354766
v -0.147642 0.418161 0.369850
v -0.169772 0.405410 0.367251
v -0.196177 0.388464 0.365109
v -0.225565 0.368205 0.364258
v -0.220968 0.363834 0.344557
v -0.259151 0.343113 0.366078
v -0.249532 0.344402 0.341241
v -0.246918 0.350028 0.318534
v -0.218735 0.368082 0.324020
v -0.220947 0.377238 0.305387
v -0.249912 0.358965 0.297181
v -0.226159 0.460311 0.392742
v -0.206775 0.466227 0.392243
v -0.211491 0.479708 0.382929
v -0.229291 0.475194 0.382959
v -0.189343 0.471984 0.393700
v -0.195003 0.484622 0.384306
v -0.196824 0.493297 0.370162
v -0.212867 0.488704 0.368789
v -0.229713 0.484812 0.367976
v -0.228152 0.488230 0.350644
v -0.210840 0.492023 0.352375
v -0.194981 0.496933 0.353962
v -0.246689 0.485991 0.348602
v -0.264076 0.484504 0.348301
v -0.262818 0.479115 0.369185
v -0.246895 0.481687 0.368168
v -0.248078 0.471208 0.385181
v -0.247376 0.454745 0.396323
v -0.265303 0.468357 0.388006
v -0.272540 0.449659 0.404935
v -0.178337 0.416302 0.380421
v -0.203190 0.401811 0.379444
v -0.157075 0.427483 0.382585
v -0.168471 0.441089 0.391614
v -0.188420 0.431831 0.389796
v -0.211244 0.420575 0.389617
v -0.198449 0.449325 0.394136
v -0.219590 0.441103 0.394474
v -0.179834 0.456720 0.395735
v -0.242489 0.432437 0.397727
v -0.235901 0.408022 0.391634
v -0.266115 0.422640 0.404397
v -0.260850 0.395236 0.396957
v -0.230397 0.384752 0.380225
v -0.257701 0.368372 0.384625
v -0.005878 0.475422 0.332687
v -0.027117 0.470576 0.331651
v -0.028676 0.483861 0.328827
v -0.009162 0.487731 0.329633
v -0.045112 0.466477 0.330343
v -0.045597 0.480924 0.327709
v -0.045876 0.496045 0.330173
v -0.030300 0.497666 0.331049
v -0.012684 0.500428 0.331579
v -0.018167 0.518937 0.348011
v -0.015870 0.511502 0.337830
v -0.031685 0.509828 0.337571
v -0.032506 0.517994 0.347897
v -0.046089 0.509325 0.337080
v -0.046010 0.518388 0.347927
v 0.000487 0.514582 0.337835
v 0.005604 0.504043 0.331662
v -0.003252 0.521586 0.347972
v 0.011977 0.526109 0.348051
v 0.016780 0.519007 0.337668
v 0.023328 0.508510 0.331404
v 0.011111 0.492054 0.329960
v 0.016206 0.480318 0.333212
v 0.030386 0.496426 0.329776
v 0.036794 0.484740 0.333150
v -0.066069 0.461922 0.327397
v -0.057641 0.463721 0.328863
v -0.057144 0.451715 0.336994
v -0.065345 0.449286 0.335627
v -0.044572 0.455256 0.338426
v -0.043976 0.447881 0.350163
v -0.056798 0.443996 0.348929
v -0.064836 0.441213 0.347758
v -0.064985 0.441707 0.376700
v -0.064781 0.438434 0.362138
v -0.056407 0.441257 0.362794
v -0.056210 0.444294 0.376746
v -0.043564 0.445148 0.363712
v -0.043258 0.447821 0.377222
v -0.070151 0.436338 0.361732
v -0.070086 0.439175 0.346950
v -0.071049 0.439754 0.376979
v -0.076158 0.438131 0.377265
v -0.074468 0.434559 0.361436
v -0.074089 0.437496 0.346265
v -0.070736 0.447575 0.334403
v -0.072176 0.460741 0.326037
v -0.075075 0.446150 0.333382
v -0.077307 0.459764 0.324749
v -0.069913 0.520734 0.379835
v -0.069360 0.511662 0.394266
v -0.057278 0.510425 0.392253
v -0.057743 0.518901 0.378357
v -0.068517 0.498530 0.403700
v -0.056857 0.498014 0.401195
v -0.043993 0.497911 0.399255
v -0.044555 0.509484 0.390447
v -0.045173 0.517473 0.377230
v -0.069904 0.521643 0.347357
v -0.070108 0.524492 0.363149
v -0.058058 0.522404 0.362640
v -0.058277 0.519819 0.347680
v -0.045683 0.520740 0.362066
v -0.081876 0.526285 0.363449
v -0.081898 0.522285 0.381005
v -0.081000 0.523450 0.346817
v -0.091944 0.524578 0.346148
v -0.093612 0.527503 0.363552
v -0.093948 0.523240 0.381969
v -0.081129 0.512835 0.396363
v -0.079667 0.499056 0.406209
v -0.092918 0.513326 0.397907
v -0.090567 0.499054 0.408218
v -0.066572 0.466184 0.399845
v -0.065589 0.451751 0.389896
v -0.056207 0.453692 0.389084
v -0.056268 0.467417 0.398260
v -0.043179 0.456623 0.388826
v -0.043273 0.469309 0.397220
v -0.056470 0.482935 0.402765
v -0.067620 0.482590 0.404973
v -0.043628 0.483829 0.401063
v -0.077577 0.482365 0.407329
v -0.087133 0.481839 0.409263
v -0.083211 0.464295 0.403107
v -0.075217 0.465301 0.401550
v -0.072922 0.450240 0.390856
v -0.079256 0.448875 0.391760
v -0.140580 0.483353 0.321036
v -0.129022 0.467176 0.318631
v -0.141117 0.462248 0.317460
v -0.153023 0.478028 0.320152
v -0.119296 0.451470 0.321783
v -0.131163 0.447010 0.320351
v -0.161681 0.506877 0.340572
v -0.152095 0.497585 0.328483
v -0.164842 0.491711 0.327726
v -0.174676 0.500757 0.339731
v -0.140760 0.502551 0.328714
v -0.130091 0.487495 0.321195
v -0.149499 0.512536 0.341255
v -0.137848 0.517307 0.341948
v -0.130151 0.506555 0.329037
v -0.120697 0.490534 0.321291
v -0.119335 0.470212 0.318937
v -0.110380 0.453729 0.322244
v -0.111059 0.472241 0.319002
v -0.103025 0.454789 0.322293
v -0.111349 0.430905 0.343780
v -0.113463 0.439128 0.330749
v -0.104850 0.440839 0.331339
v -0.102888 0.432325 0.344481
v -0.098114 0.441381 0.331526
v -0.096228 0.432689 0.344818
v -0.104438 0.429077 0.359757
v -0.113170 0.427569 0.358814
v -0.097583 0.429384 0.360392
v -0.102050 0.432436 0.376465
v -0.109600 0.431694 0.375363
v -0.118852 0.429916 0.373904
v -0.131077 0.425835 0.372073
v -0.125222 0.423588 0.357124
v -0.123205 0.426933 0.342199
v -0.125200 0.435052 0.329238
v -0.160640 0.482323 0.400227
v -0.148296 0.486683 0.403846
v -0.153847 0.500252 0.393081
v -0.166593 0.495193 0.389962
v -0.136526 0.490568 0.406878
v -0.141578 0.504759 0.395905
v -0.143508 0.514907 0.378989
v -0.155950 0.510006 0.376876
v -0.168729 0.504356 0.374504
v -0.167146 0.508716 0.356968
v -0.154540 0.514526 0.358442
v -0.142272 0.519555 0.359754
v -0.180532 0.502742 0.355437
v -0.182310 0.498634 0.372108
v -0.180098 0.489845 0.386848
v -0.174091 0.477376 0.396617
v -0.118219 0.441053 0.389485
v -0.128242 0.438792 0.387331
v -0.109726 0.442476 0.391140
v -0.119039 0.457062 0.402517
v -0.128747 0.454836 0.400162
v -0.139595 0.451888 0.397241
v -0.139362 0.470847 0.405578
v -0.151034 0.467145 0.402080
v -0.128514 0.473827 0.408404
v -0.164257 0.462536 0.398587
v -0.152514 0.447599 0.394282
v -0.140814 0.434608 0.384936
v -0.068176 0.495763 0.327749
v -0.067085 0.478358 0.324920
v -0.074363 0.477899 0.323492
v -0.076767 0.496160 0.326404
v -0.080839 0.477513 0.322090
v -0.084826 0.496474 0.325032
v -0.069181 0.511103 0.335366
v -0.079105 0.512382 0.334326
v -0.088824 0.513188 0.333229
v -0.058356 0.509949 0.336343
v -0.058176 0.495501 0.329033
v -0.057952 0.479238 0.326387
v -0.084166 0.434575 0.345363
v -0.085564 0.443369 0.332106
v -0.080043 0.444689 0.332667
v -0.078840 0.435918 0.345721
v -0.089271 0.457320 0.323060
v -0.083023 0.458533 0.323795
v -0.079436 0.432935 0.361193
v -0.084957 0.431485 0.361011
v -0.081875 0.436542 0.377352
v -0.088198 0.434955 0.377334
v -0.094859 0.433589 0.377074
v -0.091032 0.430242 0.360794
v -0.089948 0.433426 0.345073
v -0.091660 0.442283 0.331731
v -0.096029 0.455999 0.322604
v -0.113237 0.496292 0.409592
v -0.101815 0.498078 0.409362
v -0.104817 0.512634 0.398726
v -0.116966 0.510987 0.398687
v -0.106183 0.522932 0.382074
v -0.118527 0.521374 0.381643
v -0.114679 0.523331 0.344025
v -0.117779 0.525985 0.362183
v -0.105630 0.527339 0.363072
v -0.103235 0.524536 0.345181
v -0.130058 0.523377 0.361072
v -0.131001 0.518693 0.380612
v -0.126274 0.520899 0.342869
v -0.129245 0.508346 0.397671
v -0.124833 0.493729 0.408814
v -0.086253 0.447338 0.392394
v -0.093694 0.445646 0.392550
v -0.091585 0.462856 0.404092
v -0.100458 0.461121 0.404339
v -0.097123 0.480706 0.410459
v -0.107308 0.478856 0.410773
v -0.117851 0.476611 0.410104
v -0.109634 0.459130 0.403864
v -0.101526 0.444034 0.392206
v -0.102235 0.494828 0.322666
v -0.095222 0.475500 0.320020
v -0.103054 0.474018 0.319298
v -0.111314 0.492988 0.321820
v -0.109042 0.511792 0.330738
v -0.119586 0.509677 0.329691
v -0.098835 0.513028 0.331904
v -0.093341 0.495982 0.323805
v -0.087759 0.476709 0.320966
v -0.001846 0.458920 0.353124
v -0.003407 0.465575 0.341244
v 0.019904 0.470889 0.342019
v 0.021986 0.464536 0.354320
v 0.041392 0.475338 0.342178
v 0.044059 0.469009 0.354805
v 0.022398 0.461770 0.367964
v -0.001433 0.456186 0.366673
v 0.044429 0.466298 0.368890
v 0.042358 0.468116 0.382317
v 0.020881 0.463479 0.381141
v -0.002267 0.458104 0.379710
v -0.024277 0.450391 0.365097
v -0.024809 0.453163 0.351668
v -0.024471 0.452604 0.378342
v -0.025730 0.460147 0.339901
v -0.014338 0.500557 0.397947
v 0.001639 0.503815 0.398435
v -0.002058 0.513374 0.389250
v -0.016907 0.510547 0.388910
v 0.017856 0.508640 0.399570
v 0.013161 0.518184 0.390062
v 0.010374 0.524845 0.376704
v -0.004357 0.520072 0.376116
v -0.018469 0.517561 0.375990
v -0.019001 0.520692 0.361521
v -0.004748 0.523072 0.361495
v 0.009929 0.527705 0.361824
v -0.032602 0.520032 0.361716
v -0.032070 0.516835 0.376375
v -0.031051 0.509448 0.389377
v -0.029741 0.498710 0.398156
v 0.017142 0.470352 0.391656
v -0.004466 0.465397 0.390370
v 0.037578 0.474996 0.393046
v 0.031127 0.485252 0.400073
v 0.012144 0.480493 0.398750
v -0.007652 0.476112 0.397662
v 0.006637 0.492222 0.401207
v -0.011054 0.488411 0.400528
v 0.024166 0.497063 0.402560
v -0.028182 0.485621 0.400412
v -0.026580 0.472299 0.397087
v -0.025314 0.460633 0.389362
v 0.053440 0.518847 0.329786
v 0.060650 0.504309 0.327522
v 0.046711 0.500505 0.328749
v 0.039219 0.513563 0.330714
v 0.067198 0.490552 0.330712
v 0.053585 0.488044 0.332174
v 0.042167 0.540787 0.348352
v 0.046914 0.531834 0.337014
v 0.032313 0.525114 0.337447
v 0.027240 0.532902 0.348172
v 0.056507 0.548581 0.348396
v 0.060539 0.538381 0.336416
v 0.073068 0.543794 0.335850
v 0.077652 0.528172 0.327712
v 0.066197 0.523824 0.328752
v 0.072517 0.507808 0.326084
v 0.078446 0.492661 0.329112
v 0.082821 0.510881 0.324817
v 0.075201 0.472840 0.353587
v 0.072153 0.479770 0.340216
v 0.083065 0.481000 0.338736
v 0.085960 0.473682 0.352502
v 0.086840 0.471428 0.368121
v 0.075852 0.470378 0.368711
v 0.085508 0.474980 0.383308
v 0.073988 0.473271 0.383248
v 0.059811 0.471134 0.382934
v 0.061990 0.468952 0.369065
v 0.061490 0.471476 0.354492
v 0.058584 0.478111 0.341442
v 0.041128 0.540992 0.379099
v 0.044175 0.533801 0.393227
v 0.059265 0.541910 0.394754
v 0.056272 0.549436 0.380319
v 0.049130 0.522889 0.403109
v 0.063883 0.530119 0.404756
v 0.055197 0.551910 0.363930
v 0.040303 0.543549 0.363268
v 0.025137 0.535034 0.362553
v 0.025734 0.532301 0.377795
v 0.028641 0.525406 0.391601
v 0.033737 0.515396 0.401160
v 0.081574 0.485070 0.395673
v 0.069316 0.482206 0.395003
v 0.075937 0.499274 0.404062
v 0.062812 0.494872 0.402862
v 0.055798 0.509191 0.405896
v 0.069694 0.515142 0.407525
v 0.040535 0.502952 0.404167
v 0.047929 0.490102 0.401534
v 0.054814 0.478872 0.394171
v 0.092009 0.513750 0.324008
v 0.099830 0.516105 0.323762
v 0.087892 0.531359 0.327013
v 0.096895 0.533510 0.326591
v 0.094567 0.549153 0.334630
v 0.084577 0.547280 0.335148
v 0.102778 0.549651 0.334379
v 0.104130 0.534642 0.326664
v 0.108928 0.549068 0.334601
v 0.109531 0.535064 0.327233
v 0.106165 0.518016 0.324104
v 0.110818 0.519476 0.324925
v 0.116899 0.495731 0.339479
v 0.118006 0.497801 0.340828
v 0.115024 0.506514 0.329869
v 0.116359 0.507856 0.331601
v 0.116956 0.508849 0.333213
v 0.121585 0.488905 0.368118
v 0.123117 0.493324 0.380855
v 0.122932 0.491473 0.381698
v 0.120576 0.486399 0.368100
v 0.121890 0.489346 0.382445
v 0.122479 0.498256 0.393768
v 0.122233 0.511010 0.401234
v 0.123499 0.499735 0.392374
v 0.123513 0.511447 0.399269
v 0.123795 0.511738 0.397360
v 0.123781 0.500833 0.390954
v 0.123320 0.524008 0.399475
v 0.122919 0.524725 0.401521
v 0.123168 0.523367 0.397773
v 0.122064 0.534551 0.394754
v 0.122184 0.535864 0.396371
v 0.121805 0.537458 0.398402
v 0.121477 0.525449 0.403780
v 0.120168 0.539143 0.400569
v 0.118174 0.554343 0.375558
v 0.116287 0.557110 0.376618
v 0.118315 0.549932 0.390644
v 0.120158 0.547610 0.388892
v 0.120645 0.545359 0.387269
v 0.118802 0.551699 0.374541
v 0.120515 0.543494 0.385991
v 0.118812 0.549474 0.373773
v 0.115806 0.551896 0.347423
v 0.115134 0.554342 0.346786
v 0.116481 0.556812 0.360648
v 0.114421 0.559674 0.361001
v 0.113106 0.556825 0.346373
v 0.112637 0.547745 0.335308
v 0.112883 0.534795 0.328410
v 0.114448 0.546054 0.336417
v 0.114553 0.534107 0.329971
v 0.115261 0.544250 0.337488
v 0.115500 0.542746 0.338556
v 0.115244 0.520686 0.328198
v 0.113715 0.520306 0.326375
v 0.119189 0.501434 0.343667
v 0.117780 0.510017 0.335414
v 0.119245 0.510226 0.335804
v 0.123864 0.502060 0.343777
v 0.125426 0.496667 0.354823
v 0.122520 0.510236 0.335807
v 0.128584 0.510250 0.335495
v 0.129689 0.502283 0.343325
v 0.131153 0.496935 0.354174
v 0.132682 0.494797 0.366131
v 0.133964 0.496551 0.377313
v 0.128096 0.496284 0.378491
v 0.124820 0.496013 0.379244
v 0.125400 0.512053 0.394083
v 0.124041 0.502251 0.388905
v 0.125354 0.502561 0.388271
v 0.135487 0.511756 0.391442
v 0.128881 0.511947 0.392989
v 0.128770 0.502699 0.387367
v 0.134996 0.502783 0.386021
v 0.128580 0.522542 0.394739
v 0.124860 0.522824 0.395788
v 0.135468 0.522055 0.392984
v 0.134917 0.532030 0.390077
v 0.127671 0.532765 0.391811
v 0.123810 0.533243 0.392823
v 0.120796 0.542424 0.385199
v 0.122347 0.541621 0.384499
v 0.120764 0.547334 0.372824
v 0.132250 0.545553 0.370729
v 0.124766 0.546594 0.372040
v 0.126328 0.541038 0.383558
v 0.133790 0.540187 0.381995
v 0.130720 0.547822 0.358394
v 0.123236 0.548928 0.359516
v 0.129341 0.546112 0.347016
v 0.121998 0.547153 0.347797
v 0.119158 0.549621 0.360073
v 0.121324 0.540672 0.339110
v 0.121213 0.531294 0.333866
v 0.128385 0.539927 0.338536
v 0.127916 0.530699 0.333555
v 0.128032 0.520323 0.332304
v 0.121611 0.520556 0.332596
v 0.118195 0.520711 0.332650
v 0.116687 0.520719 0.332229
v 0.155450 0.496715 0.372927
v 0.143465 0.496807 0.375498
v 0.141826 0.495171 0.364673
v 0.153432 0.495224 0.362681
v 0.140274 0.497271 0.353127
v 0.151880 0.497161 0.351608
v 0.150385 0.509341 0.334123
v 0.150752 0.502092 0.341567
v 0.138930 0.502417 0.342631
v 0.138183 0.510103 0.334915
v 0.164050 0.500754 0.340048
v 0.164939 0.496129 0.349665
v 0.164083 0.507472 0.332844
v 0.178443 0.504096 0.331045
v 0.177813 0.497868 0.337994
v 0.178485 0.493490 0.347063
v 0.166631 0.494223 0.360115
v 0.180297 0.491708 0.356920
v 0.182923 0.492717 0.365836
v 0.168954 0.495457 0.369743
v 0.161272 0.528699 0.383745
v 0.146511 0.530887 0.387462
v 0.146563 0.521324 0.390405
v 0.160706 0.519621 0.386750
v 0.145986 0.511417 0.388892
v 0.159251 0.510368 0.385569
v 0.144899 0.502738 0.383784
v 0.157426 0.502180 0.380735
v 0.171569 0.500509 0.376986
v 0.174294 0.508015 0.381267
v 0.186222 0.497170 0.372449
v 0.189749 0.503909 0.376360
v 0.176411 0.516632 0.382229
v 0.177834 0.525018 0.379303
v 0.192788 0.511654 0.377021
v 0.194894 0.519247 0.374033
v 0.156109 0.541696 0.343800
v 0.141153 0.544461 0.345706
v 0.142792 0.546032 0.356720
v 0.158106 0.543214 0.354267
v 0.144419 0.543914 0.368683
v 0.159777 0.541075 0.365694
v 0.160905 0.536013 0.376113
v 0.145764 0.538638 0.379557
v 0.177965 0.531822 0.371917
v 0.176978 0.536524 0.362009
v 0.195404 0.525580 0.367014
v 0.194656 0.529975 0.357529
v 0.175166 0.538632 0.351206
v 0.192920 0.531968 0.347427
v 0.190219 0.530911 0.338283
v 0.172866 0.537371 0.341357
v 0.152287 0.527907 0.331852
v 0.150951 0.518485 0.330930
v 0.138130 0.519731 0.331783
v 0.138729 0.529709 0.332791
v 0.154133 0.536133 0.336276
v 0.139719 0.538465 0.337609
v 0.170250 0.532254 0.334303
v 0.186920 0.526425 0.331764
v 0.183490 0.519576 0.328239
v 0.167623 0.524671 0.330313
v 0.165506 0.515923 0.329729
v 0.180451 0.511701 0.327956
v 0.255046 0.433440 0.326672
v 0.245212 0.446763 0.334757
v 0.242457 0.446844 0.330131
v 0.252996 0.433246 0.323009
v 0.233903 0.460228 0.342997
v 0.230844 0.460217 0.337175
v 0.229152 0.461788 0.330524
v 0.241036 0.448178 0.324667
v 0.252009 0.434021 0.318833
v 0.253170 0.438261 0.311727
v 0.251900 0.435917 0.314833
v 0.241068 0.450334 0.319381
v 0.242631 0.453130 0.315162
v 0.229141 0.464552 0.324073
v 0.230812 0.468118 0.318956
v 0.260824 0.423521 0.310981
v 0.261355 0.421524 0.313677
v 0.261280 0.425917 0.309057
v 0.261605 0.421598 0.317088
v 0.262668 0.422395 0.319901
v 0.268205 0.441047 0.328026
v 0.261007 0.456764 0.336619
v 0.257818 0.453599 0.338913
v 0.265558 0.438450 0.329669
v 0.251499 0.473093 0.345635
v 0.247952 0.469011 0.348459
v 0.243298 0.465189 0.348833
v 0.253598 0.450610 0.339363
v 0.262195 0.435869 0.329837
v 0.249107 0.448121 0.337870
v 0.258409 0.434236 0.328851
v 0.238351 0.462087 0.346917
v 0.265564 0.422386 0.320956
v 0.268808 0.422937 0.321252
v 0.271205 0.425572 0.321526
v 0.272865 0.428153 0.320829
v 0.266209 0.446135 0.312539
v 0.258404 0.463452 0.316395
v 0.261159 0.463305 0.321210
v 0.268487 0.445795 0.316018
v 0.248310 0.481190 0.320925
v 0.251391 0.481076 0.326809
v 0.253062 0.479532 0.333681
v 0.262580 0.461939 0.326768
v 0.269680 0.444515 0.320230
v 0.269583 0.442994 0.324572
v 0.262548 0.459718 0.332243
v 0.253170 0.476691 0.340423
v 0.274167 0.428758 0.318076
v 0.274459 0.429023 0.314677
v 0.273364 0.430838 0.311812
v 0.271379 0.431785 0.309600
v 0.259494 0.442634 0.309321
v 0.255903 0.440554 0.309768
v 0.245918 0.456349 0.312781
v 0.250018 0.459474 0.312167
v 0.234283 0.472087 0.316093
v 0.238916 0.476099 0.315467
v 0.263074 0.444773 0.310270
v 0.254434 0.461949 0.313338
v 0.243863 0.479298 0.317099
v 0.269405 0.430050 0.307944
v 0.267007 0.427610 0.307102
v 0.263861 0.426819 0.307570
v 0.209493 0.480717 0.356198
v 0.196469 0.487788 0.361386
v 0.193539 0.487036 0.353088
v 0.206336 0.480303 0.348650
v 0.191663 0.488900 0.343893
v 0.204536 0.482051 0.340156
v 0.205502 0.490699 0.325791
v 0.204145 0.485709 0.332109
v 0.191251 0.492846 0.335311
v 0.192184 0.498491 0.328689
v 0.216833 0.476333 0.328347
v 0.216985 0.473079 0.335687
v 0.218417 0.480561 0.322506
v 0.218731 0.471387 0.343354
v 0.221997 0.471567 0.350081
v 0.226191 0.500397 0.361398
v 0.211085 0.511034 0.368028
v 0.208394 0.504255 0.371085
v 0.222893 0.494557 0.364461
v 0.204531 0.497402 0.370731
v 0.218596 0.488711 0.364349
v 0.200353 0.491623 0.367363
v 0.213887 0.483821 0.361499
v 0.226488 0.473951 0.354711
v 0.231511 0.478004 0.357060
v 0.236263 0.482751 0.356899
v 0.239757 0.487630 0.353927
v 0.222124 0.510560 0.330101
v 0.206725 0.521917 0.334441
v 0.209752 0.522657 0.342841
v 0.225259 0.511001 0.337869
v 0.211509 0.520768 0.352344
v 0.227179 0.509083 0.346622
v 0.227548 0.505419 0.354985
v 0.212138 0.516639 0.361287
v 0.241319 0.492016 0.347929
v 0.241189 0.495243 0.340368
v 0.239323 0.497104 0.332442
v 0.236058 0.496989 0.325527
v 0.213118 0.502455 0.322335
v 0.208800 0.496571 0.322633
v 0.194876 0.505302 0.325538
v 0.198663 0.512140 0.325569
v 0.202818 0.518142 0.328590
v 0.217827 0.507444 0.324901
v 0.231588 0.494480 0.320960
v 0.226543 0.490422 0.318925
v 0.221911 0.485473 0.319440
v -0.799523 0.181025 0.720499
v -0.813049 0.185122 0.712920
v -0.810510 0.188474 0.710585
v -0.796724 0.184108 0.718177
v -0.827680 0.189616 0.710979
v -0.825662 0.193407 0.708902
v -0.822905 0.198515 0.706961
v -0.807624 0.193061 0.708359
v -0.793600 0.188520 0.715996
v -0.804336 0.198959 0.706691
v -0.790464 0.194225 0.714155
v -0.819509 0.204824 0.705434
v -0.815809 0.212454 0.704363
v -0.801037 0.206086 0.705552
v -0.787458 0.201290 0.712995
v -0.779780 0.191359 0.726283
v -0.782970 0.185416 0.728148
v -0.776817 0.198674 0.724998
v -0.771252 0.198731 0.739933
v -0.774345 0.190935 0.741581
v -0.777524 0.184511 0.743279
v -0.786073 0.180978 0.730108
v -0.789143 0.177839 0.732093
v -0.780692 0.179543 0.744845
v -0.783654 0.176105 0.746199
v -0.859852 0.215355 0.756772
v -0.861795 0.206675 0.756423
v -0.856122 0.205237 0.771371
v -0.854113 0.214413 0.772208
v -0.862166 0.200009 0.755394
v -0.856481 0.198219 0.769797
v -0.845667 0.194799 0.781734
v -0.845058 0.201965 0.783677
v -0.842973 0.211189 0.784742
v -0.812843 0.200944 0.794432
v -0.828418 0.206435 0.792729
v -0.830643 0.197375 0.791720
v -0.815296 0.192418 0.793607
v -0.831730 0.190594 0.789593
v -0.816784 0.186004 0.791712
v -0.824782 0.217088 0.792277
v -0.839164 0.221975 0.784336
v -0.809272 0.211035 0.793680
v -0.804356 0.222190 0.791074
v -0.819421 0.228562 0.789675
v -0.833532 0.233571 0.781882
v -0.850357 0.224994 0.771732
v -0.844585 0.236327 0.769505
v -0.850443 0.236306 0.754266
v -0.856086 0.225421 0.756224
v -0.849790 0.209551 0.725152
v -0.837481 0.204288 0.713289
v -0.840021 0.198322 0.714722
v -0.852069 0.202542 0.726015
v -0.841551 0.193860 0.716251
v -0.853068 0.197289 0.726742
v -0.859801 0.205559 0.740595
v -0.857760 0.213485 0.740366
v -0.860464 0.199507 0.740412
v -0.854113 0.222719 0.739637
v -0.846198 0.217676 0.724146
v -0.848731 0.232806 0.737932
v -0.841369 0.226902 0.722674
v -0.834085 0.211500 0.711968
v -0.829788 0.219742 0.710790
v -0.389735 0.303888 0.451243
v -0.370071 0.305869 0.435636
v -0.367408 0.324803 0.450099
v -0.387495 0.321245 0.466219
v -0.350732 0.309878 0.421469
v -0.347483 0.330230 0.435045
v -0.351012 0.354395 0.447716
v -0.371458 0.347339 0.463370
v -0.391589 0.341994 0.479616
v -0.381658 0.370531 0.473378
v -0.401508 0.363050 0.489098
v -0.360464 0.379328 0.457900
v -0.377606 0.403080 0.463130
v -0.398694 0.389073 0.478080
v -0.416906 0.380485 0.492783
v -0.434748 0.374947 0.507692
v -0.421118 0.358203 0.505198
v -0.452656 0.371722 0.522447
v -0.441054 0.355841 0.521413
v -0.433813 0.337479 0.514235
v -0.412099 0.338701 0.496568
v -0.408471 0.319500 0.483706
v -0.431421 0.319824 0.502646
v -0.434159 0.305527 0.488513
v -0.410743 0.303785 0.468661
v -0.797206 0.044361 0.661523
v -0.796143 0.044253 0.664130
v -0.795103 0.040508 0.660617
v -0.795884 0.040287 0.657897
v -0.796273 0.044635 0.667647
v -0.795818 0.042021 0.666111
v -0.796415 0.039537 0.665995
v -0.795559 0.037990 0.660066
v -0.796243 0.037790 0.657353
v -0.798510 0.036564 0.659680
v -0.797631 0.036837 0.662313
v -0.801177 0.036820 0.667490
v -0.798498 0.038060 0.667918
v -0.800884 0.037712 0.670760
v -0.800928 0.037833 0.659695
v -0.807479 0.039735 0.665428
v -0.805288 0.040075 0.662478
v -0.803205 0.041585 0.660460
v -0.798759 0.038974 0.657550
v -0.798303 0.041491 0.658100
v -0.799755 0.045377 0.661239
v -0.802672 0.046635 0.662519
v -0.509616 0.306998 0.509224
v -0.498063 0.307543 0.522106
v -0.524960 0.312421 0.545578
v -0.536480 0.311912 0.533555
v -0.488559 0.313671 0.534374
v -0.514458 0.318278 0.556166
v -0.536018 0.321933 0.574563
v -0.547334 0.316095 0.565251
v -0.558973 0.315397 0.554009
v -0.531687 0.321003 0.489090
v -0.521395 0.311474 0.497651
v -0.547413 0.316275 0.521943
v -0.556002 0.325324 0.512476
v -0.569255 0.319606 0.542344
v -0.576641 0.328522 0.532196
v -0.494260 0.306103 0.472316
v -0.481397 0.301403 0.483706
v -0.506570 0.316077 0.464860
v -0.483307 0.311047 0.442499
v -0.468980 0.300660 0.448754
v -0.454804 0.296204 0.459700
v -0.469681 0.302400 0.497272
v -0.442513 0.297775 0.473569
v -0.460925 0.309142 0.511021
v -0.536640 0.378737 0.500537
v -0.551108 0.380341 0.514630
v -0.539999 0.386000 0.525890
v -0.526355 0.384800 0.513523
v -0.564469 0.383086 0.527107
v -0.552569 0.388852 0.537028
v -0.539660 0.389360 0.549685
v -0.527210 0.386352 0.539234
v -0.513338 0.385229 0.527740
v -0.515007 0.381832 0.552167
v -0.500149 0.380367 0.540766
v -0.527968 0.384829 0.562615
v -0.519899 0.375860 0.573379
v -0.505713 0.372605 0.562313
v -0.489076 0.370806 0.549951
v -0.471126 0.370416 0.536594
v -0.484238 0.380580 0.528358
v -0.468197 0.382309 0.515414
v -0.484586 0.387079 0.502991
v -0.498881 0.385492 0.515454
v -0.512397 0.384767 0.500501
v -0.522031 0.378102 0.485932
v -0.499111 0.385916 0.487675
v -0.508561 0.378260 0.472024
v -0.542429 0.351230 0.486185
v -0.538886 0.335109 0.485386
v -0.560685 0.338834 0.506875
v -0.561430 0.354160 0.505284
v -0.579643 0.341840 0.525153
v -0.578273 0.357035 0.521614
v -0.541850 0.366684 0.491409
v -0.558248 0.368877 0.507820
v -0.573171 0.371612 0.522092
v -0.525322 0.365038 0.474446
v -0.523114 0.348432 0.466603
v -0.510203 0.363867 0.458598
v -0.505577 0.345805 0.448456
v -0.516567 0.331108 0.463168
v -0.496026 0.327148 0.442762
v -0.639795 0.308933 0.656290
v -0.625813 0.313580 0.646362
v -0.624834 0.322125 0.656185
v -0.639271 0.316573 0.666540
v -0.614619 0.316634 0.638530
v -0.613087 0.326104 0.647931
v -0.615101 0.338100 0.655135
v -0.627553 0.332937 0.663827
v -0.642642 0.326407 0.674692
v -0.633418 0.344262 0.668155
v -0.648962 0.336794 0.679543
v -0.620261 0.350575 0.659120
v -0.627970 0.361526 0.658877
v -0.641486 0.354296 0.668442
v -0.657507 0.346080 0.680101
v -0.675416 0.336559 0.693319
v -0.666448 0.327847 0.692324
v -0.694420 0.325674 0.707231
v -0.685203 0.317339 0.705943
v -0.678275 0.308245 0.700268
v -0.659650 0.318273 0.687013
v -0.655900 0.309198 0.678489
v -0.674340 0.299889 0.691357
v -0.674570 0.293541 0.680388
v -0.656162 0.302422 0.667796
v -0.607409 0.313072 0.618579
v -0.612864 0.312851 0.622416
v -0.621684 0.312162 0.611812
v -0.600584 0.319287 0.629396
v -0.606517 0.318449 0.633127
v -0.620609 0.311790 0.627762
v -0.629157 0.311254 0.617211
v -0.636260 0.324798 0.592581
v -0.626695 0.316158 0.598699
v -0.631662 0.315909 0.602950
v -0.641217 0.323839 0.597328
v -0.638994 0.314772 0.608481
v -0.648560 0.322150 0.603198
v -0.623235 0.316023 0.595161
v -0.612877 0.311674 0.604769
v -0.632811 0.325373 0.588548
v -0.629731 0.325774 0.584456
v -0.620264 0.315720 0.591778
v -0.603363 0.312831 0.615746
v -0.599708 0.312509 0.612884
v -0.591571 0.319808 0.623652
v -0.595942 0.319625 0.626550
v -0.647342 0.379389 0.608657
v -0.653569 0.373569 0.615324
v -0.647102 0.378998 0.626293
v -0.640203 0.385476 0.619747
v -0.662203 0.367046 0.623334
v -0.656236 0.371982 0.634134
v -0.647590 0.372506 0.644787
v -0.637816 0.379784 0.637248
v -0.630255 0.386335 0.631256
v -0.627447 0.375956 0.646611
v -0.619355 0.382196 0.641253
v -0.637535 0.368904 0.653593
v -0.617676 0.367909 0.652404
v -0.609399 0.373507 0.647776
v -0.612119 0.387931 0.636460
v -0.623529 0.392321 0.625704
v -0.602033 0.378395 0.643644
v -0.594223 0.382862 0.638838
v -0.604374 0.392968 0.630899
v -0.616316 0.397700 0.619414
v -0.634236 0.391368 0.613634
v -0.627782 0.396655 0.606783
v -0.636603 0.389473 0.595210
v -0.642243 0.384648 0.602219
v -0.648542 0.353171 0.593692
v -0.643752 0.338060 0.591125
v -0.648806 0.335884 0.596510
v -0.653792 0.349755 0.599707
v -0.656367 0.333080 0.602948
v -0.661624 0.345568 0.606831
v -0.655611 0.363022 0.606186
v -0.649894 0.367797 0.599688
v -0.663757 0.357701 0.613871
v -0.645425 0.372018 0.593633
v -0.640728 0.375836 0.587016
v -0.640494 0.358773 0.582296
v -0.644561 0.356124 0.588152
v -0.640042 0.339597 0.586366
v -0.636604 0.341046 0.581365
v -0.542105 0.353273 0.601766
v -0.549896 0.337033 0.600820
v -0.540493 0.335706 0.592218
v -0.532973 0.350790 0.593188
v -0.560356 0.324090 0.596039
v -0.550736 0.323714 0.587342
v -0.526709 0.333210 0.580250
v -0.520241 0.347650 0.582056
v -0.529380 0.366450 0.590126
v -0.538142 0.370077 0.598781
v -0.517602 0.362687 0.579837
v -0.530722 0.380182 0.583014
v -0.539387 0.384863 0.591504
v -0.547173 0.388922 0.599568
v -0.545473 0.373102 0.606383
v -0.555144 0.391457 0.607529
v -0.552620 0.374875 0.613658
v -0.555292 0.355825 0.615234
v -0.548937 0.355079 0.608842
v -0.556523 0.337593 0.607254
v -0.566625 0.323628 0.601909
v -0.562011 0.337457 0.612708
v -0.571484 0.322755 0.606474
v -0.583820 0.316183 0.576600
v -0.572127 0.317282 0.587345
v -0.578341 0.316153 0.592985
v -0.589873 0.314831 0.582057
v -0.582658 0.314781 0.597166
v -0.594146 0.313307 0.586080
v -0.599970 0.319530 0.570667
v -0.593853 0.320638 0.565019
v -0.604385 0.318138 0.574841
v -0.611987 0.329012 0.564839
v -0.607149 0.329977 0.560306
v -0.600685 0.330480 0.554451
v -0.591065 0.330137 0.545658
v -0.584146 0.320862 0.556211
v -0.574135 0.316532 0.567729
v -0.562420 0.317474 0.578631
v -0.585009 0.391999 0.544460
v -0.593772 0.396180 0.551508
v -0.581079 0.403534 0.561449
v -0.572360 0.398731 0.553975
v -0.602350 0.398847 0.558986
v -0.589982 0.406583 0.569482
v -0.576347 0.407791 0.582803
v -0.567476 0.404477 0.574573
v -0.558909 0.399579 0.566643
v -0.555328 0.399523 0.588097
v -0.547097 0.394814 0.580021
v -0.563841 0.402556 0.596442
v -0.538324 0.389573 0.571655
v -0.549897 0.394065 0.558607
v -0.563099 0.393430 0.546117
v -0.575564 0.387254 0.536689
v -0.609825 0.345951 0.552381
v -0.602808 0.345343 0.546354
v -0.615584 0.345760 0.557498
v -0.615081 0.365168 0.553719
v -0.608314 0.364249 0.547796
v -0.600722 0.362502 0.541376
v -0.594590 0.378980 0.540500
v -0.602897 0.382094 0.547180
v -0.610727 0.383886 0.553933
v -0.585047 0.375290 0.532563
v -0.590983 0.359920 0.533186
v -0.593210 0.344057 0.537765
v -0.598288 0.345280 0.645447
v -0.597619 0.330771 0.638645
v -0.592174 0.332182 0.635747
v -0.591964 0.347943 0.642345
v -0.586860 0.333308 0.632644
v -0.585630 0.350221 0.638794
v -0.602319 0.360386 0.648858
v -0.595290 0.364264 0.645224
v -0.588033 0.367675 0.641217
v -0.610281 0.355889 0.653019
v -0.605686 0.342066 0.649416
v -0.604258 0.328880 0.642436
v -0.581733 0.321026 0.615821
v -0.586809 0.320335 0.620026
v -0.595782 0.312569 0.609414
v -0.591487 0.312966 0.605531
v -0.606250 0.311147 0.598240
v -0.602346 0.311462 0.594329
v -0.616728 0.315861 0.587807
v -0.612823 0.316274 0.583612
v -0.625848 0.326442 0.579820
v -0.621553 0.327198 0.574897
v -0.616867 0.328101 0.569814
v -0.608669 0.317031 0.579219
v -0.598311 0.312193 0.590244
v -0.587138 0.313666 0.601436
v -0.576538 0.321776 0.611214
v -0.620723 0.397129 0.577223
v -0.629313 0.393810 0.586656
v -0.619440 0.401374 0.598150
v -0.609874 0.404996 0.588504
v -0.607193 0.402453 0.611215
v -0.596965 0.406213 0.601934
v -0.574710 0.389977 0.624578
v -0.584513 0.401034 0.614746
v -0.594861 0.397574 0.623390
v -0.584862 0.386884 0.632291
v -0.573895 0.402905 0.605553
v -0.586423 0.408134 0.592230
v -0.564504 0.391630 0.616051
v -0.599841 0.406940 0.578702
v -0.611515 0.398963 0.567806
v -0.632201 0.342537 0.575639
v -0.627027 0.343901 0.569551
v -0.635201 0.361296 0.575443
v -0.628953 0.363374 0.568015
v -0.634350 0.379429 0.579052
v -0.626931 0.382177 0.570480
v -0.618862 0.383802 0.561837
v -0.622142 0.364730 0.560549
v -0.621398 0.345070 0.563396
v -0.570455 0.354281 0.628241
v -0.574527 0.335732 0.623643
v -0.568117 0.336837 0.618206
v -0.562668 0.355516 0.621792
v -0.570288 0.373315 0.628775
v -0.561145 0.374773 0.621345
v -0.579464 0.370785 0.635519
v -0.578265 0.352397 0.634044
v -0.580872 0.334514 0.628512
v -0.456756 0.322130 0.523328
v -0.482568 0.325659 0.544220
v -0.457164 0.338431 0.532651
v -0.480601 0.340885 0.550740
v -0.462008 0.355429 0.537561
v -0.482658 0.356731 0.553031
v -0.501638 0.359260 0.567337
v -0.502162 0.344092 0.567607
v -0.506634 0.329657 0.563687
v -0.419402 0.294612 0.453544
v -0.399034 0.293255 0.436469
v -0.432636 0.292067 0.439973
v -0.413516 0.289154 0.423419
v -0.449763 0.301779 0.409262
v -0.431098 0.291889 0.413573
v -0.448396 0.295994 0.429797
v -0.464751 0.306371 0.424702
v -0.415970 0.288037 0.398282
v -0.396033 0.287894 0.409128
v -0.437509 0.296548 0.393812
v -0.426210 0.289522 0.371291
v -0.398975 0.286348 0.384900
v -0.378072 0.288570 0.396773
v -0.380129 0.293652 0.421797
v -0.361398 0.296204 0.408926
v -0.459151 0.393918 0.478481
v -0.477212 0.390489 0.464817
v -0.487180 0.387845 0.475752
v -0.471180 0.389965 0.490552
v -0.488377 0.380112 0.449603
v -0.497271 0.378891 0.459971
v -0.452556 0.385602 0.502058
v -0.437599 0.390724 0.488592
v -0.423216 0.397986 0.475441
v -0.413258 0.406481 0.463244
v -0.442306 0.404632 0.456683
v -0.449031 0.398922 0.467090
v -0.469696 0.393681 0.455022
v -0.465042 0.397432 0.446373
v -0.478594 0.383896 0.433666
v -0.482054 0.381790 0.440873
v -0.481295 0.341097 0.422397
v -0.467384 0.319555 0.412958
v -0.479813 0.323333 0.426532
v -0.491597 0.343260 0.433933
v -0.489044 0.362438 0.435045
v -0.498111 0.362957 0.445591
v -0.483025 0.362500 0.426710
v -0.474387 0.339281 0.412886
v -0.480324 0.363119 0.420154
v -0.471752 0.338467 0.405729
v -0.458134 0.315461 0.400334
v -0.454860 0.313110 0.390215
v -0.730175 0.268278 0.684053
v -0.720868 0.267099 0.694753
v -0.739689 0.253707 0.706319
v -0.749256 0.255090 0.695795
v -0.714868 0.269164 0.706360
v -0.733407 0.255411 0.717907
v -0.748541 0.241864 0.727093
v -0.754942 0.240297 0.715340
v -0.764812 0.242100 0.704961
v -0.751617 0.278449 0.672010
v -0.740967 0.272240 0.675899
v -0.760232 0.259270 0.688139
v -0.771089 0.265854 0.684592
v -0.776168 0.246556 0.697506
v -0.787480 0.253204 0.694404
v -0.719988 0.284347 0.662303
v -0.709380 0.280668 0.670766
v -0.730595 0.290436 0.658162
v -0.709638 0.300826 0.644185
v -0.699172 0.294836 0.648572
v -0.688630 0.291402 0.657225
v -0.700377 0.279876 0.681706
v -0.694757 0.282184 0.693608
v -0.679908 0.290873 0.668467
v -0.768311 0.308846 0.701322
v -0.787588 0.296032 0.714674
v -0.781404 0.297748 0.726161
v -0.762507 0.310903 0.712820
v -0.805107 0.283138 0.726623
v -0.798804 0.284653 0.738464
v -0.788933 0.282882 0.748748
v -0.772108 0.296277 0.736443
v -0.753688 0.309751 0.723107
v -0.761327 0.292088 0.743989
v -0.743189 0.305858 0.730861
v -0.777577 0.278426 0.756203
v -0.766363 0.271790 0.759203
v -0.750590 0.285641 0.747372
v -0.732832 0.299653 0.734540
v -0.713783 0.313099 0.721088
v -0.724097 0.319184 0.717157
v -0.704593 0.331661 0.703054
v -0.714453 0.335043 0.695017
v -0.734217 0.322802 0.709202
v -0.742656 0.323678 0.698715
v -0.747962 0.321242 0.687085
v -0.722686 0.335511 0.684284
v -0.727731 0.332806 0.672667
v -0.766526 0.295293 0.680569
v -0.760347 0.286626 0.674090
v -0.779937 0.274038 0.686885
v -0.786161 0.282824 0.693617
v -0.796806 0.261512 0.697269
v -0.803365 0.270226 0.704611
v -0.769377 0.303163 0.690053
v -0.788891 0.290525 0.703360
v -0.806432 0.277887 0.714869
v -0.748788 0.315383 0.675862
v -0.745700 0.307369 0.666328
v -0.728254 0.326494 0.661394
v -0.724905 0.318179 0.651968
v -0.739400 0.298598 0.659919
v -0.718465 0.309145 0.645785
v -0.764707 0.217985 0.736629
v -0.758533 0.229342 0.733035
v -0.757739 0.234284 0.745952
v -0.764640 0.222545 0.750789
v -0.747313 0.247095 0.738840
v -0.750380 0.254756 0.749098
v -0.761554 0.241655 0.757485
v -0.769518 0.229558 0.763891
v -0.768981 0.250216 0.765938
v -0.778203 0.237720 0.773899
v -0.757015 0.263357 0.756401
v -0.779294 0.258475 0.769844
v -0.789698 0.245889 0.778832
v -0.797922 0.233767 0.786076
v -0.785212 0.226018 0.780124
v -0.790670 0.214906 0.784437
v -0.779599 0.207899 0.772078
v -0.775290 0.218314 0.768688
v -0.769295 0.211830 0.754181
v -0.768538 0.207739 0.738596
v -0.772670 0.202228 0.756477
v -0.781141 0.219325 0.712128
v -0.770815 0.217066 0.723196
v -0.774353 0.207207 0.724239
v -0.784799 0.209701 0.712722
v -0.797966 0.214455 0.705370
v -0.793701 0.224076 0.704880
v -0.811956 0.221117 0.703860
v -0.806650 0.230830 0.702873
v -0.786876 0.234791 0.702652
v -0.774945 0.230101 0.709920
v -0.798958 0.241502 0.700100
v -0.764858 0.228149 0.720565
v -0.815717 0.257515 0.769195
v -0.826336 0.259778 0.757917
v -0.836545 0.247950 0.764839
v -0.825709 0.245441 0.776667
v -0.832563 0.258963 0.744414
v -0.842577 0.247535 0.750310
v -0.812206 0.240434 0.784355
v -0.802843 0.252635 0.776715
v -0.791398 0.265311 0.767230
v -0.803523 0.269992 0.759853
v -0.813730 0.272082 0.749043
v -0.820153 0.270868 0.736566
v -0.824883 0.228983 0.709640
v -0.818340 0.238991 0.707696
v -0.835293 0.236715 0.720663
v -0.827340 0.247282 0.717431
v -0.832511 0.254299 0.730323
v -0.841701 0.243307 0.734889
v -0.820828 0.265821 0.723719
v -0.816915 0.258438 0.712287
v -0.809292 0.249919 0.703849
v -0.776024 0.193633 0.758379
v -0.779323 0.186376 0.759896
v -0.783408 0.198432 0.774313
v -0.786783 0.190158 0.775585
v -0.795033 0.204579 0.786905
v -0.798462 0.195228 0.787806
v -0.801133 0.187560 0.787489
v -0.789691 0.183406 0.775902
v -0.803130 0.181877 0.786269
v -0.792122 0.178535 0.775491
v -0.782372 0.180563 0.760853
v -0.785139 0.176490 0.761352
v -0.694245 0.288139 0.704653
v -0.713999 0.274871 0.717425
v -0.697919 0.296193 0.713671
v -0.717337 0.282737 0.726590
v -0.704707 0.305025 0.719573
v -0.723810 0.291440 0.732765
v -0.741622 0.277353 0.745149
v -0.735225 0.268635 0.738652
v -0.732201 0.260930 0.729119
v -0.661392 0.299195 0.655999
v -0.645154 0.305225 0.644856
v -0.669973 0.299462 0.644984
v -0.653692 0.305242 0.633967
v -0.673724 0.315034 0.620525
v -0.663703 0.308594 0.625285
v -0.680277 0.302785 0.636187
v -0.690569 0.308973 0.631657
v -0.649808 0.312445 0.616035
v -0.639992 0.309052 0.624703
v -0.659580 0.319262 0.610982
v -0.631401 0.309338 0.635379
v -0.677030 0.355720 0.667135
v -0.685176 0.355688 0.656652
v -0.703204 0.346174 0.670084
v -0.695134 0.346027 0.680717
v -0.690243 0.351976 0.645429
v -0.708260 0.342981 0.658617
v -0.685394 0.342652 0.688968
v -0.667311 0.352404 0.675512
v -0.651160 0.361100 0.663490
v -0.660900 0.364574 0.654956
v -0.669177 0.364192 0.644458
v -0.674667 0.359970 0.633482
v -0.688101 0.334615 0.626537
v -0.682052 0.324171 0.621349
v -0.699222 0.317557 0.632925
v -0.705532 0.327103 0.638650
v -0.691059 0.344340 0.634968
v -0.708794 0.336117 0.647681
v -0.675863 0.351509 0.623583
v -0.673219 0.340617 0.615807
v -0.667647 0.329296 0.611269
v -0.803624 0.178665 0.724551
v -0.801780 0.179317 0.722660
v -0.791790 0.176211 0.733753
v -0.794024 0.175641 0.735143
v -0.786431 0.174388 0.747088
v -0.795835 0.175612 0.736191
v -0.790781 0.173795 0.748046
v -0.815869 0.182318 0.717560
v -0.829134 0.185575 0.717308
v -0.814773 0.183234 0.715337
v -0.828710 0.187389 0.713279
v -0.841899 0.191035 0.717921
v -0.852733 0.193932 0.727594
v -0.841487 0.189468 0.719602
v -0.851583 0.192071 0.728433
v -0.850217 0.191127 0.729271
v -0.840717 0.188688 0.721131
v -0.857048 0.192239 0.752503
v -0.859195 0.193368 0.753421
v -0.859641 0.195609 0.740337
v -0.861093 0.195746 0.754347
v -0.843858 0.188311 0.776958
v -0.845115 0.190527 0.779415
v -0.855636 0.193845 0.767972
v -0.853869 0.191443 0.766086
v -0.829444 0.183608 0.779673
v -0.830246 0.183788 0.781745
v -0.817405 0.180119 0.781961
v -0.817654 0.180125 0.783973
v -0.817740 0.180616 0.786575
v -0.831200 0.184517 0.784324
v -0.831709 0.186502 0.787018
v -0.817577 0.182323 0.789279
v -0.804584 0.178701 0.784434
v -0.794162 0.175912 0.774481
v -0.805582 0.177367 0.782281
v -0.795898 0.174906 0.773076
v -0.806190 0.177084 0.780174
v -0.797102 0.174786 0.771660
v -0.806592 0.177199 0.778310
v -0.798100 0.175065 0.770486
v -0.787666 0.174376 0.761363
v -0.800034 0.171269 0.737444
v -0.808364 0.174006 0.728550
v -0.797247 0.163908 0.747176
v -0.801803 0.165697 0.737003
v -0.809917 0.168316 0.728281
v -0.818798 0.177035 0.722402
v -0.820058 0.171375 0.722248
v -0.830947 0.174199 0.720154
v -0.829850 0.180148 0.720302
v -0.828960 0.184861 0.719811
v -0.839546 0.186246 0.723357
v -0.849059 0.178120 0.729757
v -0.848233 0.184755 0.730247
v -0.840067 0.182872 0.723357
v -0.840980 0.176574 0.723089
v -0.853222 0.185746 0.739686
v -0.852928 0.189588 0.740059
v -0.853939 0.178683 0.738943
v -0.854665 0.178079 0.749312
v -0.853839 0.185487 0.750386
v -0.853589 0.189480 0.750917
v -0.841562 0.173438 0.768550
v -0.840487 0.180994 0.769993
v -0.849110 0.183734 0.760888
v -0.849990 0.176186 0.759555
v -0.831031 0.170396 0.774800
v -0.829716 0.177744 0.776382
v -0.820022 0.167435 0.777058
v -0.818469 0.174606 0.778685
v -0.817687 0.178354 0.779660
v -0.829075 0.181656 0.777414
v -0.828977 0.183289 0.778400
v -0.817372 0.179936 0.780629
v -0.807449 0.175603 0.776384
v -0.799532 0.173572 0.769126
v -0.808469 0.171999 0.775459
v -0.800596 0.170120 0.768358
v -0.810109 0.165197 0.773959
v -0.802441 0.163726 0.767105
v -0.797756 0.163220 0.757622
v -0.795922 0.169257 0.758646
v -0.834575 0.152792 0.719119
v -0.832739 0.164776 0.719867
v -0.822132 0.162312 0.721979
v -0.824466 0.150773 0.721173
v -0.812229 0.159496 0.727777
v -0.814922 0.148237 0.726857
v -0.803327 0.143188 0.744050
v -0.807448 0.145517 0.734804
v -0.804387 0.156820 0.736163
v -0.800059 0.154758 0.746030
v -0.810261 0.132848 0.732551
v -0.817365 0.135612 0.725042
v -0.806421 0.130106 0.741231
v -0.808735 0.116708 0.737034
v -0.812368 0.119685 0.729069
v -0.819104 0.122492 0.721998
v -0.826455 0.137855 0.719574
v -0.827543 0.124451 0.716856
v -0.836664 0.125256 0.714595
v -0.836119 0.139257 0.717413
v -0.857145 0.151398 0.744871
v -0.855970 0.166339 0.747591
v -0.855157 0.167348 0.737678
v -0.856386 0.152975 0.735472
v -0.850331 0.167386 0.728912
v -0.851582 0.153848 0.727416
v -0.842522 0.166526 0.722586
v -0.843968 0.153785 0.721471
v -0.845121 0.139460 0.719493
v -0.852399 0.138626 0.724812
v -0.845157 0.124631 0.716283
v -0.852077 0.122807 0.720943
v -0.856889 0.136949 0.732273
v -0.857724 0.134518 0.740954
v -0.856329 0.120278 0.727582
v -0.857067 0.117191 0.735403
v -0.824974 0.141501 0.770653
v -0.822346 0.156001 0.774384
v -0.833051 0.158476 0.772171
v -0.835257 0.143451 0.768364
v -0.843268 0.161422 0.766099
v -0.845116 0.146084 0.762502
v -0.852904 0.148932 0.754282
v -0.851425 0.164194 0.757535
v -0.853689 0.131784 0.749743
v -0.846292 0.129017 0.757463
v -0.853314 0.114077 0.743531
v -0.846383 0.111246 0.750806
v -0.836986 0.126657 0.763102
v -0.837533 0.109211 0.756133
v -0.828313 0.108394 0.758496
v -0.827202 0.125151 0.765333
v -0.808380 0.140586 0.761981
v -0.803966 0.141506 0.753519
v -0.800655 0.153666 0.756020
v -0.805166 0.153498 0.765059
v -0.815777 0.140532 0.768098
v -0.812780 0.154335 0.771589
v -0.818319 0.125052 0.763183
v -0.820015 0.109012 0.756699
v -0.813312 0.110951 0.751868
v -0.811356 0.125982 0.757686
v -0.807061 0.127716 0.749927
v -0.809277 0.113629 0.744964
v -0.811954 0.057030 0.672873
v -0.818654 0.065581 0.681217
v -0.813643 0.066435 0.683098
v -0.808092 0.057675 0.674259
v -0.825191 0.075685 0.689884
v -0.819063 0.076449 0.692157
v -0.813206 0.075535 0.695968
v -0.808903 0.065708 0.686232
v -0.804350 0.057129 0.676504
v -0.799882 0.053267 0.682577
v -0.801497 0.055684 0.679496
v -0.805085 0.063784 0.690012
v -0.802873 0.060715 0.693819
v -0.808542 0.073205 0.700559
v -0.805820 0.069787 0.705410
v -0.798365 0.049163 0.670689
v -0.800187 0.049984 0.668010
v -0.797454 0.047827 0.673296
v -0.803213 0.050677 0.666768
v -0.806229 0.050562 0.666306
v -0.820308 0.045274 0.678022
v -0.829211 0.051549 0.688014
v -0.829069 0.055434 0.684699
v -0.819960 0.048425 0.675406
v -0.837993 0.060367 0.698882
v -0.837776 0.064691 0.694661
v -0.835193 0.069088 0.691523
v -0.826877 0.059489 0.682289
v -0.818051 0.051708 0.673471
v -0.823232 0.063069 0.680985
v -0.815360 0.054796 0.672632
v -0.830767 0.072996 0.689803
v -0.808323 0.048508 0.665809
v -0.809918 0.045781 0.666032
v -0.811827 0.043500 0.667890
v -0.812587 0.041459 0.670148
v -0.807845 0.041496 0.688038
v -0.812919 0.046563 0.700997
v -0.818050 0.045814 0.699047
v -0.811642 0.040672 0.686272
v -0.818090 0.054223 0.714852
v -0.824316 0.053472 0.712477
v -0.830390 0.054470 0.708590
v -0.822985 0.046532 0.695804
v -0.815341 0.041163 0.683586
v -0.826922 0.048560 0.691954
v -0.818453 0.042779 0.680864
v -0.835250 0.056824 0.703796
v -0.810949 0.039505 0.671590
v -0.808303 0.038085 0.673110
v -0.805884 0.037907 0.675587
v -0.803519 0.038721 0.677349
v -0.801542 0.046572 0.686720
v -0.799991 0.050038 0.684954
v -0.803014 0.056798 0.697228
v -0.805011 0.052751 0.699747
v -0.805918 0.065359 0.709700
v -0.808381 0.060825 0.713003
v -0.804276 0.043571 0.687907
v -0.808439 0.049087 0.701127
v -0.812612 0.056925 0.714831
v -0.800796 0.040135 0.676673
v -0.798572 0.042288 0.675088
v -0.797487 0.045168 0.674389
v -0.833797 0.098940 0.704568
v -0.835974 0.111746 0.710253
v -0.827394 0.111505 0.712709
v -0.825911 0.099070 0.707046
v -0.819389 0.109779 0.717508
v -0.818481 0.097709 0.711654
v -0.809360 0.091412 0.724185
v -0.812624 0.095043 0.717716
v -0.813142 0.107033 0.724072
v -0.809595 0.103716 0.731390
v -0.811109 0.083688 0.709886
v -0.816478 0.086228 0.704521
v -0.807997 0.080092 0.715522
v -0.823160 0.087358 0.700151
v -0.830156 0.086865 0.697759
v -0.850872 0.085388 0.719358
v -0.854805 0.100628 0.728104
v -0.854164 0.104370 0.721144
v -0.850361 0.089456 0.713250
v -0.850248 0.107731 0.715321
v -0.846857 0.093503 0.708299
v -0.843859 0.110345 0.711463
v -0.841000 0.096908 0.705242
v -0.836719 0.084387 0.697963
v -0.841817 0.080530 0.700335
v -0.844877 0.076159 0.704328
v -0.845235 0.071706 0.709456
v -0.825708 0.077656 0.739434
v -0.827797 0.092340 0.749787
v -0.836398 0.092706 0.747268
v -0.833691 0.077505 0.736949
v -0.844696 0.094468 0.742164
v -0.841338 0.079016 0.732075
v -0.847412 0.081765 0.725936
v -0.851236 0.097186 0.735485
v -0.842123 0.068077 0.715186
v -0.836559 0.065513 0.720755
v -0.829541 0.064227 0.725177
v -0.822447 0.064708 0.727670
v -0.810138 0.099962 0.738452
v -0.809653 0.087260 0.730370
v -0.813837 0.096484 0.744446
v -0.813038 0.083108 0.735390
v -0.820009 0.093754 0.748476
v -0.818603 0.079700 0.738658
v -0.816004 0.067290 0.727397
v -0.811100 0.071139 0.724916
v -0.808258 0.075626 0.720752
v -1.040107 0.293833 0.295242
v -1.041798 0.302281 0.279961
v -1.036646 0.302685 0.279783
v -1.034933 0.294047 0.295316
v -1.047166 0.313661 0.268759
v -1.042089 0.314922 0.268559
v -1.035798 0.316952 0.269154
v -1.030420 0.304089 0.280267
v -1.028740 0.295121 0.295792
v -1.023337 0.306575 0.281336
v -1.021732 0.297494 0.296822
v -1.028410 0.319857 0.270473
v -1.020264 0.323759 0.272559
v -1.015678 0.310473 0.283103
v -1.014345 0.301336 0.298252
v -1.023619 0.293652 0.314220
v -1.030681 0.291041 0.313213
v -1.016036 0.297600 0.315475
v -1.020774 0.300270 0.332157
v -1.028899 0.295949 0.330985
v -1.036265 0.292887 0.329823
v -1.036929 0.289795 0.312572
v -1.042059 0.289559 0.311962
v -1.042676 0.291091 0.328780
v -1.047676 0.290400 0.327695
v -1.075948 0.371341 0.288333
v -1.082924 0.364874 0.285997
v -1.088574 0.366061 0.302590
v -1.081630 0.373036 0.305313
v -1.087210 0.358970 0.284490
v -1.092827 0.359713 0.300507
v -1.094757 0.355118 0.317857
v -1.090569 0.361613 0.320414
v -1.083571 0.368728 0.323397
v -1.076491 0.346413 0.351137
v -1.081869 0.359407 0.339645
v -1.088932 0.352601 0.336664
v -1.083489 0.340267 0.348171
v -1.093088 0.346599 0.333642
v -1.087699 0.334997 0.345191
v -1.072019 0.366186 0.342406
v -1.073525 0.375515 0.326266
v -1.066945 0.352773 0.353648
v -1.054730 0.358371 0.355472
v -1.059240 0.371901 0.344588
v -1.060573 0.381298 0.328683
v -1.071660 0.379711 0.308143
v -1.058882 0.385263 0.310798
v -1.054165 0.382783 0.293865
v -1.066380 0.377544 0.291000
v -1.055737 0.348604 0.267481
v -1.044829 0.332581 0.265129
v -1.051295 0.329513 0.264282
v -1.062431 0.344326 0.266217
v -1.056231 0.327151 0.264314
v -1.067063 0.340672 0.265803
v -1.073577 0.356826 0.273596
v -1.066775 0.362321 0.275490
v -1.078026 0.351952 0.272761
v -1.057641 0.367754 0.277893
v -1.047308 0.353115 0.269565
v -1.046381 0.372696 0.280655
v -1.037079 0.357647 0.272186
v -1.036932 0.336335 0.266846
v -1.027831 0.340469 0.269224
v -0.536052 0.302821 0.354404
v -0.513100 0.302175 0.356191
v -0.518160 0.318278 0.375178
v -0.540428 0.318292 0.372856
v -0.493435 0.302068 0.357952
v -0.499330 0.318607 0.377302
v -0.504975 0.342807 0.392205
v -0.523609 0.341809 0.389322
v -0.545650 0.340485 0.386327
v -0.553632 0.390140 0.390863
v -0.550221 0.365807 0.393049
v -0.527193 0.369274 0.397418
v -0.529237 0.395571 0.396121
v -0.507614 0.371465 0.402194
v -0.502758 0.403334 0.405462
v -0.577821 0.386556 0.387300
v -0.574344 0.363755 0.389803
v -0.601521 0.384720 0.384657
v -0.599118 0.363567 0.387305
v -0.596249 0.341665 0.381445
v -0.570088 0.340206 0.383692
v -0.565701 0.319388 0.370695
v -0.593370 0.322500 0.368912
v -0.590869 0.309216 0.351638
v -0.561974 0.304910 0.352691
v -1.092909 0.127872 0.229337
v -1.093808 0.128676 0.232364
v -1.093789 0.121806 0.229360
v -1.092900 0.120548 0.226388
v -1.095630 0.131386 0.235520
v -1.096227 0.127387 0.234141
v -1.095394 0.119114 0.228220
v -1.094462 0.117671 0.225184
v -1.103430 0.125698 0.228164
v -1.097954 0.119456 0.225799
v -1.098865 0.120806 0.228804
v -1.104016 0.126405 0.231369
v -1.101673 0.126180 0.233619
v -1.105056 0.129279 0.234582
v -1.103983 0.128463 0.226367
v -1.098811 0.122511 0.224526
v -1.104947 0.132754 0.225837
v -1.101564 0.129752 0.224590
v -1.098126 0.128634 0.224204
v -1.095438 0.120798 0.223935
v -1.093734 0.123511 0.225082
v -1.093754 0.130576 0.227519
v -1.096119 0.130926 0.225207
v -1.095499 0.134703 0.226932
v -0.656022 0.327309 0.314825
v -0.655599 0.323270 0.333424
v -0.686639 0.333031 0.334886
v -0.687421 0.337057 0.317023
v -0.654501 0.325868 0.351774
v -0.684229 0.335035 0.352396
v -0.709142 0.342692 0.353133
v -0.712636 0.340847 0.335995
v -0.713656 0.344821 0.318749
v -0.654761 0.351278 0.287338
v -0.655750 0.336980 0.298591
v -0.686671 0.346180 0.301446
v -0.684272 0.359513 0.290495
v -0.712473 0.353679 0.303609
v -0.709163 0.366459 0.292996
v -0.622573 0.327736 0.295826
v -0.622346 0.317425 0.312686
v -0.622961 0.343362 0.284185
v -0.591236 0.337109 0.281499
v -0.589884 0.320166 0.293533
v -0.589256 0.309161 0.311106
v -0.622400 0.313412 0.332141
v -0.589570 0.305123 0.331398
v -0.622539 0.316717 0.351369
v -0.647173 0.414552 0.310427
v -0.667119 0.416722 0.312233
v -0.664612 0.418421 0.330695
v -0.645956 0.416720 0.329791
v -0.684277 0.420804 0.313852
v -0.680761 0.422230 0.331903
v -0.679525 0.417520 0.351118
v -0.663614 0.413724 0.350337
v -0.645414 0.411957 0.350257
v -0.664244 0.403877 0.367780
v -0.645664 0.401509 0.368444
v -0.680512 0.408052 0.368162
v -0.683823 0.394945 0.379721
v -0.666448 0.390258 0.379691
v -0.646534 0.386813 0.380618
v -0.624657 0.384940 0.382405
v -0.625045 0.400924 0.369724
v -0.602798 0.402134 0.371622
v -0.603057 0.413998 0.352124
v -0.625098 0.412086 0.350830
v -0.625088 0.417001 0.329360
v -0.624851 0.414075 0.309099
v -0.602375 0.418927 0.329812
v -0.600902 0.415326 0.308578
v -0.651086 0.387693 0.286673
v -0.653130 0.369210 0.283578
v -0.680472 0.375898 0.286731
v -0.675826 0.392796 0.289596
v -0.703465 0.382079 0.289285
v -0.696780 0.398113 0.291959
v -0.671093 0.407270 0.298290
v -0.648978 0.403780 0.295817
v -0.690029 0.411849 0.300398
v -0.624443 0.401832 0.293664
v -0.623938 0.383775 0.283841
v -0.598694 0.401622 0.292322
v -0.596064 0.381494 0.281785
v -0.623466 0.363172 0.280438
v -0.593466 0.358754 0.277857
v -0.855515 0.346863 0.346638
v -0.834299 0.349895 0.347578
v -0.837799 0.358270 0.358928
v -0.858929 0.354869 0.357861
v -0.816716 0.352131 0.348666
v -0.820303 0.360875 0.360144
v -0.824378 0.373696 0.367950
v -0.842058 0.370601 0.366460
v -0.862907 0.366871 0.365279
v -0.846166 0.384754 0.369436
v -0.866927 0.380688 0.368034
v -0.828518 0.388392 0.371220
v -0.831964 0.402700 0.368855
v -0.849580 0.398489 0.366874
v -0.870178 0.394199 0.365289
v -0.891959 0.390113 0.363880
v -0.889023 0.376568 0.366825
v -0.913523 0.385976 0.362453
v -0.911042 0.372593 0.365560
v -0.907889 0.358948 0.362970
v -0.885457 0.362946 0.364137
v -0.881816 0.351066 0.356761
v -0.904801 0.347276 0.355560
v -0.902157 0.339561 0.344226
v -0.878760 0.343309 0.345518
v -0.796324 0.352854 0.350714
v -0.804578 0.352997 0.349705
v -0.802541 0.350238 0.335214
v -0.794569 0.349682 0.335657
v -0.814570 0.349717 0.334506
v -0.813746 0.352778 0.319906
v -0.801793 0.353252 0.320387
v -0.793897 0.352680 0.320507
v -0.795868 0.373628 0.298324
v -0.794363 0.360927 0.307272
v -0.802313 0.361163 0.307459
v -0.804198 0.373170 0.298695
v -0.814342 0.360512 0.307129
v -0.816314 0.371951 0.298380
v -0.788657 0.360285 0.306734
v -0.788441 0.351662 0.320261
v -0.789783 0.373713 0.297507
v -0.784262 0.373583 0.296616
v -0.783831 0.359459 0.306131
v -0.783767 0.350480 0.319960
v -0.788962 0.348726 0.335962
v -0.784113 0.347514 0.336179
v -0.784697 0.351510 0.352472
v -0.790239 0.352320 0.351693
v -0.807751 0.432464 0.318825
v -0.818306 0.427728 0.318461
v -0.820322 0.430264 0.333299
v -0.809506 0.435441 0.334449
v -0.831486 0.422991 0.317568
v -0.833708 0.425227 0.331879
v -0.834531 0.422069 0.346762
v -0.821167 0.427002 0.348781
v -0.810178 0.432051 0.350734
v -0.808283 0.410404 0.374579
v -0.809789 0.423300 0.365064
v -0.820626 0.418770 0.362338
v -0.818762 0.406726 0.371513
v -0.833936 0.414205 0.359917
v -0.799787 0.427429 0.367757
v -0.800025 0.436731 0.352559
v -0.798759 0.413720 0.377733
v -0.788476 0.416388 0.380768
v -0.788831 0.430983 0.370252
v -0.788917 0.440837 0.354187
v -0.799526 0.440314 0.335283
v -0.788592 0.444612 0.335919
v -0.787933 0.441120 0.318531
v -0.798270 0.437073 0.318828
v -0.801771 0.406994 0.298723
v -0.798468 0.389861 0.295671
v -0.807308 0.388390 0.296116
v -0.811133 0.404122 0.299108
v -0.819662 0.386345 0.295834
v -0.823802 0.401171 0.298725
v -0.815034 0.418111 0.306788
v -0.805010 0.422123 0.306691
v -0.827996 0.414162 0.306273
v -0.796213 0.425782 0.306154
v -0.786993 0.429014 0.305259
v -0.786000 0.411573 0.296812
v -0.793929 0.409452 0.297879
v -0.791601 0.391112 0.294833
v -0.784963 0.392057 0.293784
v -0.724632 0.373641 0.379778
v -0.732685 0.359187 0.368765
v -0.720320 0.356132 0.368134
v -0.712420 0.369521 0.378675
v -0.739294 0.349476 0.353780
v -0.726929 0.347259 0.353544
v -0.703368 0.351196 0.367595
v -0.696423 0.364353 0.377845
v -0.709895 0.406811 0.382860
v -0.716526 0.390289 0.385096
v -0.704466 0.385137 0.383425
v -0.697835 0.400755 0.380984
v -0.689520 0.379684 0.382391
v -0.721141 0.412392 0.384785
v -0.727414 0.394750 0.386740
v -0.733104 0.416726 0.386068
v -0.738314 0.397983 0.387855
v -0.744404 0.378853 0.381682
v -0.734784 0.376708 0.380942
v -0.742218 0.360964 0.369377
v -0.748253 0.350146 0.353905
v -0.750537 0.361962 0.369616
v -0.755628 0.350180 0.353811
v -0.744513 0.350487 0.319645
v -0.743244 0.346856 0.336692
v -0.751856 0.346921 0.336609
v -0.752963 0.350296 0.319473
v -0.758668 0.346267 0.336383
v -0.759536 0.349497 0.319198
v -0.751671 0.359465 0.304758
v -0.743059 0.359367 0.304936
v -0.758407 0.358924 0.304572
v -0.755140 0.373697 0.294434
v -0.747862 0.373610 0.294615
v -0.739000 0.372853 0.294672
v -0.726733 0.370681 0.294240
v -0.730727 0.357823 0.304615
v -0.732105 0.348989 0.319551
v -0.730792 0.345142 0.336630
v -0.709883 0.433288 0.315830
v -0.720934 0.439399 0.316351
v -0.717331 0.442069 0.335254
v -0.705911 0.435359 0.334209
v -0.732702 0.444067 0.316797
v -0.729662 0.447394 0.335927
v -0.728751 0.442838 0.356357
v -0.716202 0.437560 0.355384
v -0.704522 0.430744 0.353879
v -0.717451 0.427162 0.373060
v -0.705836 0.420753 0.371273
v -0.729858 0.432145 0.374355
v -0.693961 0.414076 0.369499
v -0.692680 0.423639 0.352381
v -0.694112 0.428308 0.333153
v -0.698094 0.426687 0.315035
v -0.741708 0.391877 0.291078
v -0.732369 0.389832 0.291113
v -0.750048 0.393066 0.291064
v -0.743904 0.413574 0.293905
v -0.734381 0.411147 0.293915
v -0.724404 0.407589 0.293746
v -0.716470 0.423028 0.302137
v -0.727066 0.428007 0.302479
v -0.737695 0.431719 0.302701
v -0.704682 0.417331 0.301548
v -0.712463 0.403087 0.293251
v -0.720200 0.386670 0.290657
v -0.802401 0.377717 0.372510
v -0.799087 0.363092 0.363447
v -0.792275 0.363225 0.365185
v -0.794537 0.378909 0.375037
v -0.785615 0.363165 0.366751
v -0.786684 0.379744 0.377334
v -0.805586 0.394387 0.376672
v -0.796865 0.396695 0.379689
v -0.787699 0.398385 0.382599
v -0.815653 0.391636 0.373713
v -0.811806 0.376040 0.370028
v -0.807927 0.362372 0.361718
v -0.770933 0.350489 0.353495
v -0.778156 0.350879 0.353100
v -0.778430 0.346769 0.336239
v -0.772085 0.346292 0.336286
v -0.778355 0.349679 0.319683
v -0.772400 0.349218 0.319419
v -0.778148 0.358975 0.305436
v -0.771802 0.358661 0.305010
v -0.777646 0.373586 0.295771
v -0.770444 0.373647 0.295157
v -0.762830 0.373664 0.294634
v -0.765208 0.358593 0.304669
v -0.766022 0.349169 0.319190
v -0.765490 0.346127 0.336229
v -0.763340 0.350338 0.353760
v -0.760837 0.446039 0.317688
v -0.775046 0.444280 0.318140
v -0.774870 0.447913 0.336317
v -0.759706 0.449806 0.336441
v -0.774902 0.443906 0.355457
v -0.759446 0.445599 0.356358
v -0.761456 0.419401 0.385086
v -0.760022 0.435020 0.373760
v -0.775185 0.433584 0.372313
v -0.775665 0.418425 0.383269
v -0.744522 0.434623 0.374469
v -0.743653 0.445393 0.356710
v -0.746878 0.418905 0.386079
v -0.744207 0.449701 0.336299
v -0.746281 0.446157 0.317200
v -0.776969 0.392867 0.292794
v -0.768205 0.393385 0.291915
v -0.776259 0.413331 0.295831
v -0.765564 0.414385 0.295031
v -0.775582 0.431543 0.304439
v -0.762956 0.433131 0.303717
v -0.750027 0.433231 0.303117
v -0.754479 0.414518 0.294337
v -0.758964 0.393454 0.291410
v -0.766281 0.380432 0.380745
v -0.768813 0.362875 0.368978
v -0.759670 0.362564 0.369506
v -0.755196 0.380044 0.381563
v -0.763597 0.400204 0.386823
v -0.750668 0.399750 0.387830
v -0.776266 0.399713 0.384961
v -0.776998 0.380254 0.379308
v -0.777697 0.363047 0.368086
v -0.623023 0.328489 0.367804
v -0.652675 0.336221 0.367297
v -0.623603 0.345715 0.379668
v -0.650447 0.351552 0.378402
v -0.624173 0.365581 0.385144
v -0.648284 0.369278 0.383457
v -0.670443 0.374159 0.382496
v -0.675306 0.357965 0.377757
v -0.680158 0.344181 0.367292
v -0.559992 0.300285 0.331633
v -0.533625 0.297807 0.332577
v -0.559418 0.304347 0.310503
v -0.532910 0.301999 0.310540
v -0.535942 0.333156 0.279079
v -0.533787 0.314151 0.291670
v -0.560209 0.315902 0.292169
v -0.562190 0.333974 0.279889
v -0.510380 0.313962 0.291500
v -0.509438 0.301273 0.311030
v -0.512806 0.333882 0.278588
v -0.492881 0.335192 0.278300
v -0.490108 0.314505 0.291475
v -0.489079 0.301250 0.311445
v -0.510272 0.296957 0.333659
v -0.490130 0.296725 0.334849
v -0.554495 0.422601 0.356784
v -0.552619 0.428075 0.333390
v -0.578132 0.422464 0.331349
v -0.579367 0.417546 0.354194
v -0.549791 0.423826 0.310875
v -0.575683 0.418359 0.309413
v -0.579412 0.405036 0.374103
v -0.554887 0.409563 0.377357
v -0.529656 0.415657 0.381891
v -0.528559 0.429235 0.359918
v -0.503264 0.423579 0.386316
v -0.501885 0.437220 0.363094
v -0.526293 0.436152 0.335435
v -0.523703 0.432372 0.312024
v -0.499608 0.445756 0.338006
v -0.496334 0.447041 0.311687
v -0.543121 0.383828 0.280897
v -0.539331 0.357723 0.275915
v -0.565179 0.357203 0.276476
v -0.568796 0.381666 0.280998
v -0.546597 0.407458 0.292960
v -0.572423 0.403360 0.292287
v -0.522017 0.414073 0.293654
v -0.501949 0.421199 0.292938
v -0.500916 0.392080 0.280993
v -0.519974 0.387656 0.281159
v -0.516456 0.359621 0.275617
v -0.497224 0.362239 0.275462
v -0.942467 0.334974 0.311545
v -0.942911 0.331377 0.326700
v -0.961004 0.327388 0.325007
v -0.960462 0.331005 0.309859
v -0.944059 0.332837 0.341166
v -0.962076 0.328960 0.339512
v -0.977881 0.324288 0.337901
v -0.976451 0.322533 0.323227
v -0.975909 0.326215 0.307890
v -0.960700 0.338784 0.296251
v -0.942607 0.342773 0.297944
v -0.976266 0.334099 0.294213
v -0.977425 0.345388 0.284566
v -0.961620 0.349865 0.286744
v -0.943581 0.353682 0.288272
v -0.923536 0.357209 0.289806
v -0.922323 0.346190 0.299334
v -0.901604 0.360519 0.291370
v -0.900174 0.349448 0.300881
v -0.899838 0.341690 0.314495
v -0.922085 0.338378 0.313036
v -0.922627 0.334728 0.328279
v -0.900478 0.338019 0.329731
v -0.923992 0.336239 0.342763
v -0.951259 0.399223 0.306199
v -0.969070 0.395778 0.304693
v -0.970121 0.397258 0.319166
v -0.952408 0.400683 0.320665
v -0.986675 0.392893 0.302958
v -0.988084 0.394523 0.317694
v -0.988647 0.390867 0.333252
v -0.970565 0.393628 0.334416
v -0.952830 0.396961 0.335883
v -0.951716 0.378254 0.359155
v -0.952712 0.389254 0.349515
v -0.970425 0.385796 0.348111
v -0.969527 0.374808 0.357650
v -0.988290 0.382952 0.347024
v -0.987131 0.371662 0.356671
v -0.934456 0.392955 0.351214
v -0.934716 0.400826 0.337639
v -0.933265 0.381995 0.360869
v -0.914953 0.397046 0.352942
v -0.915408 0.404876 0.339353
v -0.934152 0.404383 0.322364
v -0.914747 0.408454 0.324085
v -0.913067 0.406913 0.309591
v -0.932809 0.402997 0.307817
v -0.963255 0.363135 0.283599
v -0.945216 0.366919 0.285221
v -0.979439 0.358998 0.281432
v -0.981952 0.373004 0.284040
v -0.965226 0.376576 0.286012
v -0.947361 0.380194 0.287683
v -0.967273 0.388176 0.293398
v -0.949483 0.391714 0.294935
v -0.984498 0.384983 0.291556
v -0.930599 0.395385 0.296518
v -0.910423 0.399198 0.298256
v -0.907237 0.387546 0.290853
v -0.928064 0.383887 0.289169
v -0.925583 0.370489 0.286664
v -0.904204 0.373973 0.288288
v -1.012781 0.334997 0.355980
v -1.007134 0.321281 0.347442
v -0.994366 0.326998 0.348355
v -0.998322 0.339682 0.356326
v -1.002354 0.312112 0.334866
v -0.991093 0.318480 0.336321
v -0.980058 0.332165 0.349397
v -0.982604 0.344112 0.357008
v -1.002147 0.354444 0.359301
v -1.018472 0.350724 0.359288
v -0.985095 0.357992 0.359679
v -1.005278 0.368918 0.356359
v -1.023111 0.366012 0.356415
v -1.039815 0.362697 0.356224
v -1.033571 0.346583 0.359129
v -1.047087 0.341904 0.358468
v -1.037839 0.324955 0.354844
v -1.026037 0.329985 0.355521
v -1.018470 0.315542 0.346626
v -1.012085 0.305775 0.333421
v -1.028537 0.310166 0.345619
v -0.998354 0.313341 0.302921
v -0.999394 0.309777 0.319146
v -1.008138 0.303293 0.317227
v -1.006761 0.306929 0.300393
v -1.007856 0.315759 0.285667
v -0.999112 0.321917 0.288531
v -1.011596 0.328835 0.275367
v -1.001822 0.334368 0.278544
v -0.990637 0.340004 0.281757
v -0.988763 0.328219 0.291444
v -0.988265 0.320041 0.305443
v -0.989067 0.316464 0.321240
v -1.026579 0.387235 0.331471
v -1.025559 0.391054 0.314806
v -1.043196 0.388842 0.312985
v -1.044649 0.384897 0.330347
v -1.022600 0.388784 0.298896
v -1.039326 0.386344 0.296468
v -1.043457 0.375859 0.345742
v -1.025820 0.378528 0.346239
v -1.007153 0.380736 0.346577
v -1.007651 0.389011 0.332295
v -1.006849 0.392654 0.316309
v -1.004844 0.390795 0.301071
v -1.017742 0.345067 0.272185
v -1.006482 0.349814 0.275514
v -1.025374 0.361841 0.275219
v -1.012173 0.365703 0.278349
v -1.017798 0.379458 0.286477
v -1.032941 0.376447 0.283641
v -1.001473 0.382265 0.289138
v -0.997594 0.369370 0.281412
v -0.993769 0.354510 0.278720
v -1.037617 0.305516 0.344438
v -1.045535 0.301757 0.343036
v -1.048047 0.319874 0.353515
v -1.056476 0.315266 0.351714
v -1.058347 0.336506 0.357029
v -1.067459 0.330915 0.354784
v -1.074283 0.325774 0.352165
v -1.063169 0.311281 0.349600
v -1.078732 0.321584 0.349345
v -1.067823 0.308404 0.347232
v -1.052001 0.298949 0.341433
v -1.056861 0.297320 0.339708
v -0.926181 0.343726 0.354124
v -0.945814 0.340221 0.352492
v -0.928715 0.355257 0.361380
v -0.947936 0.351741 0.359744
v -0.949983 0.365037 0.362214
v -0.931218 0.368747 0.363916
v -0.967870 0.361446 0.360764
v -0.965899 0.348037 0.358255
v -0.963853 0.336437 0.350870
v -0.876842 0.341558 0.331163
v -0.853380 0.344996 0.332454
v -0.876083 0.345092 0.316092
v -0.852600 0.348339 0.317635
v -0.855038 0.367154 0.295351
v -0.853174 0.356111 0.304448
v -0.876538 0.352857 0.302691
v -0.878282 0.363893 0.293380
v -0.831816 0.358751 0.305993
v -0.831242 0.351077 0.318896
v -0.833821 0.369892 0.297142
v -0.832044 0.347891 0.333559
v -0.872616 0.413014 0.343005
v -0.871738 0.416410 0.328098
v -0.893378 0.412355 0.326065
v -0.894158 0.408914 0.341168
v -0.869722 0.414615 0.313939
v -0.891481 0.410697 0.311742
v -0.893704 0.401149 0.354569
v -0.872064 0.405367 0.356129
v -0.851584 0.409696 0.357834
v -0.852158 0.417402 0.344836
v -0.851378 0.420713 0.330111
v -0.849199 0.418629 0.315958
v -0.862331 0.394574 0.295392
v -0.858289 0.380665 0.292606
v -0.881197 0.377346 0.290403
v -0.884784 0.391093 0.293028
v -0.866308 0.406609 0.302716
v -0.888404 0.402847 0.300467
v -0.845623 0.410334 0.304741
v -0.841461 0.397918 0.297392
v -0.837256 0.383752 0.294517
v -1.046701 0.295775 0.295806
v -1.043968 0.294605 0.295402
v -1.045877 0.290342 0.311492
v -1.048491 0.291701 0.311114
v -1.051147 0.290773 0.326449
v -1.050204 0.293119 0.310862
v -1.048632 0.296983 0.296328
v -1.049911 0.298070 0.296703
v -1.049976 0.304109 0.282919
v -1.048187 0.303293 0.281791
v -1.055365 0.313731 0.274284
v -1.053001 0.313235 0.271362
v -1.045595 0.302548 0.280688
v -1.050637 0.313219 0.269876
v -1.059268 0.325670 0.265284
v -1.069623 0.338000 0.266469
v -1.061025 0.324715 0.266859
v -1.070752 0.336078 0.267816
v -1.070893 0.334719 0.269463
v -1.061871 0.324241 0.268599
v -1.062305 0.323822 0.270147
v -1.079969 0.343329 0.275076
v -1.080511 0.345384 0.273775
v -1.087473 0.348380 0.284857
v -1.088698 0.351000 0.284280
v -1.080109 0.348153 0.272932
v -1.088881 0.354420 0.283978
v -1.095432 0.346812 0.314463
v -1.096060 0.350294 0.315876
v -1.094152 0.354753 0.299220
v -1.093643 0.351049 0.298683
v -1.092157 0.348421 0.298517
v -1.090531 0.346500 0.298595
v -1.092060 0.342516 0.312876
v -1.092364 0.337012 0.327374
v -1.086704 0.326607 0.335950
v -1.087951 0.327568 0.337657
v -1.089111 0.328966 0.339726
v -1.093947 0.339098 0.329045
v -1.094434 0.342156 0.331158
v -1.089392 0.331354 0.342348
v -1.080761 0.319034 0.346561
v -1.070308 0.306920 0.344817
v -1.081087 0.317551 0.344040
v -1.071382 0.306475 0.342548
v -1.080469 0.316880 0.341693
v -1.061623 0.297365 0.336021
v -1.059920 0.296909 0.337874
v -1.051061 0.298604 0.296887
v -1.053968 0.294335 0.309801
v -1.052558 0.298032 0.296584
v -1.056647 0.292321 0.308789
v -1.055238 0.295953 0.295761
v -1.060649 0.292155 0.320685
v -1.065260 0.288026 0.318521
v -1.061302 0.288312 0.306878
v -1.059816 0.291958 0.294172
v -1.056398 0.302208 0.283744
v -1.053740 0.304445 0.284410
v -1.061052 0.298036 0.282305
v -1.064934 0.305940 0.273395
v -1.060225 0.310382 0.274716
v -1.057491 0.312797 0.275231
v -1.052243 0.305115 0.284429
v -1.071826 0.331510 0.271847
v -1.062815 0.323518 0.270995
v -1.064008 0.322297 0.271208
v -1.079334 0.323122 0.269694
v -1.074430 0.328510 0.271235
v -1.066677 0.319606 0.270598
v -1.071397 0.314709 0.269332
v -1.082357 0.335845 0.275986
v -1.079720 0.339111 0.276795
v -1.087250 0.329943 0.274374
v -1.093898 0.333821 0.282798
v -1.088874 0.339975 0.284709
v -1.091855 0.339493 0.311728
v -1.099341 0.329660 0.307808
v -1.094285 0.335950 0.310295
v -1.092875 0.339712 0.296889
v -1.097856 0.333470 0.294630
v -1.098084 0.323360 0.320022
v -1.093125 0.329531 0.322784
v -1.094223 0.315483 0.329153
v -1.089298 0.321259 0.332096
v -1.086802 0.324428 0.333718
v -1.090673 0.332917 0.324375
v -1.089967 0.334581 0.325372
v -1.072467 0.305910 0.336535
v -1.082846 0.312133 0.335931
v -1.075093 0.303360 0.334915
v -1.087739 0.306687 0.332995
v -1.079801 0.298437 0.332160
v -1.071907 0.291839 0.327134
v -1.081143 0.289205 0.268470
v -1.072289 0.298746 0.271338
v -1.068418 0.291455 0.280036
v -1.077185 0.282513 0.277058
v -1.067204 0.285600 0.291556
v -1.075916 0.277059 0.288082
v -1.081512 0.272617 0.310351
v -1.077358 0.273554 0.299779
v -1.068570 0.282012 0.303859
v -1.072735 0.281426 0.314975
v -1.086277 0.263068 0.294893
v -1.084878 0.266562 0.283828
v -1.090518 0.261824 0.304725
v -1.098287 0.249257 0.298487
v -1.094079 0.250912 0.289326
v -1.092626 0.254383 0.278993
v -1.086103 0.271636 0.273307
v -1.093884 0.258964 0.268937
v -1.097972 0.264107 0.260979
v -1.090127 0.277537 0.265081
v -1.111139 0.310640 0.275439
v -1.101720 0.323850 0.279677
v -1.095008 0.320502 0.271647
v -1.104231 0.308106 0.268007
v -1.086972 0.314415 0.267433
v -1.096119 0.302972 0.264227
v -1.078915 0.306835 0.267251
v -1.087964 0.296283 0.264353
v -1.097024 0.283566 0.260814
v -1.104826 0.268982 0.256631
v -1.113123 0.273155 0.255848
v -1.105212 0.289053 0.260379
v -1.113552 0.293010 0.263648
v -1.121376 0.275937 0.258500
v -1.128242 0.276770 0.264605
v -1.120438 0.294710 0.270369
v -1.111486 0.293568 0.318422
v -1.102144 0.306014 0.324512
v -1.106037 0.313496 0.315562
v -1.115564 0.300364 0.309764
v -1.107349 0.319460 0.303656
v -1.116735 0.306002 0.298275
v -1.115292 0.309637 0.286200
v -1.105885 0.323199 0.290983
v -1.124679 0.293401 0.280390
v -1.126176 0.289756 0.291826
v -1.132526 0.274970 0.273822
v -1.133979 0.271368 0.284533
v -1.124852 0.284572 0.302732
v -1.132721 0.266657 0.294967
v -1.128633 0.261449 0.303114
v -1.120829 0.278573 0.311241
v -1.096629 0.280069 0.322123
v -1.088420 0.275117 0.317877
v -1.079447 0.284709 0.323194
v -1.087461 0.290540 0.327850
v -1.104763 0.286502 0.322438
v -1.095540 0.298083 0.328441
v -1.114030 0.272589 0.315313
v -1.121778 0.256639 0.307274
v -1.113503 0.252689 0.307710
v -1.105744 0.267286 0.315282
v -1.097404 0.263458 0.311635
v -1.105250 0.250037 0.304680
v -1.100342 0.158519 0.231866
v -1.103700 0.176930 0.236205
v -1.100999 0.175478 0.241311
v -1.098107 0.157297 0.235675
v -1.106461 0.196692 0.241116
v -1.103304 0.194654 0.247289
v -1.102241 0.192013 0.254417
v -1.100153 0.173344 0.247133
v -1.097316 0.155414 0.240104
v -1.100483 0.152139 0.248071
v -1.098216 0.153789 0.244515
v -1.101086 0.170966 0.252766
v -1.103895 0.168617 0.257350
v -1.103369 0.189137 0.261359
v -1.106689 0.186387 0.267075
v -1.095530 0.139478 0.237570
v -1.094652 0.139932 0.234024
v -1.097406 0.139140 0.240415
v -1.095497 0.142058 0.231055
v -1.097319 0.143750 0.228677
v -1.116526 0.155287 0.229905
v -1.123962 0.173682 0.234027
v -1.119374 0.175590 0.231618
v -1.112773 0.156566 0.228125
v -1.130313 0.194370 0.239152
v -1.124857 0.196301 0.236010
v -1.118284 0.197425 0.235339
v -1.113766 0.176834 0.231200
v -1.108260 0.157611 0.227851
v -1.108256 0.177373 0.232761
v -1.103911 0.158392 0.229177
v -1.111884 0.197569 0.237081
v -1.099619 0.142724 0.226631
v -1.102700 0.141176 0.225568
v -1.109750 0.141047 0.227110
v -1.116645 0.148652 0.246551
v -1.124136 0.165049 0.255802
v -1.126837 0.166533 0.250602
v -1.118674 0.149466 0.242495
v -1.130541 0.183804 0.265866
v -1.133697 0.185874 0.259599
v -1.134663 0.188602 0.252289
v -1.127683 0.168732 0.244591
v -1.119260 0.150940 0.237821
v -1.118663 0.153050 0.233365
v -1.126750 0.171208 0.238675
v -1.133534 0.191607 0.244969
v -1.110857 0.138740 0.229276
v -1.110890 0.136397 0.232276
v -1.110890 0.136095 0.235980
v -1.109837 0.136307 0.239227
v -1.108434 0.148847 0.250004
v -1.104106 0.150274 0.249755
v -1.108581 0.166623 0.259942
v -1.114070 0.165242 0.260523
v -1.112145 0.184390 0.270406
v -1.118620 0.183221 0.271272
v -1.112968 0.148350 0.248986
v -1.119580 0.164638 0.259151
v -1.125117 0.182960 0.269807
v -1.106670 0.135449 0.240412
v -1.099782 0.137056 0.241072
v -1.106408 0.232927 0.251390
v -1.103312 0.249170 0.256357
v -1.099397 0.244928 0.264097
v -1.102623 0.229435 0.258754
v -1.098085 0.240780 0.273562
v -1.101375 0.225792 0.267653
v -1.106766 0.219924 0.284140
v -1.102742 0.222408 0.276535
v -1.099495 0.237320 0.283264
v -1.103649 0.235226 0.291533
v -1.103961 0.206308 0.269290
v -1.102714 0.209471 0.261284
v -1.107660 0.203572 0.275963
v -1.103820 0.212656 0.253179
v -1.107378 0.215387 0.246294
v -1.134966 0.236654 0.251618
v -1.133106 0.257253 0.258192
v -1.126284 0.257345 0.252829
v -1.128382 0.237631 0.246983
v -1.118117 0.255738 0.250794
v -1.120595 0.237171 0.245449
v -1.110026 0.252911 0.251935
v -1.112883 0.235523 0.246996
v -1.113441 0.217003 0.241879
v -1.120621 0.217600 0.240287
v -1.127878 0.217171 0.241302
v -1.133952 0.215495 0.245167
v -1.135227 0.223345 0.285320
v -1.133421 0.242859 0.294376
v -1.137358 0.247225 0.286574
v -1.139088 0.226790 0.277729
v -1.138670 0.251504 0.276731
v -1.140259 0.230644 0.268585
v -1.137162 0.255082 0.266752
v -1.138892 0.234158 0.259325
v -1.137672 0.212819 0.251966
v -1.138898 0.209434 0.260319
v -1.137792 0.206151 0.268707
v -1.134256 0.203480 0.275719
v -1.121040 0.219297 0.290694
v -1.113252 0.218935 0.288877
v -1.110471 0.235069 0.297085
v -1.118616 0.236453 0.299466
v -1.128752 0.220782 0.289620
v -1.126707 0.239150 0.298704
v -1.128269 0.201816 0.279906
v -1.120991 0.201305 0.281316
v -1.113756 0.201924 0.280049
v -0.904107 0.382707 0.111581
v -0.903619 0.389353 0.095468
v -0.899909 0.392616 0.097016
v -0.900354 0.385622 0.113539
v -0.909096 0.396486 0.081109
v -0.905787 0.400247 0.082512
v -0.902336 0.405424 0.084931
v -0.896035 0.397235 0.099455
v -0.896437 0.390024 0.116009
v -0.892487 0.403206 0.102466
v -0.892845 0.395843 0.118862
v -0.898820 0.411936 0.088235
v -0.895608 0.419643 0.092268
v -0.889480 0.410580 0.106067
v -0.889795 0.403098 0.122210
v -0.899190 0.390778 0.134886
v -0.902836 0.384754 0.131962
v -0.896086 0.398335 0.138021
v -0.907745 0.397171 0.151053
v -0.911153 0.389130 0.147857
v -0.914669 0.382520 0.144837
v -0.906536 0.380366 0.129285
v -0.910149 0.377384 0.126988
v -0.918022 0.377559 0.141857
v -0.921039 0.374284 0.139247
v -0.968637 0.427580 0.077657
v -0.969572 0.418540 0.074328
v -0.981155 0.415616 0.087177
v -0.980567 0.425228 0.090809
v -0.969161 0.411362 0.072487
v -0.980149 0.408143 0.085023
v -0.986266 0.402512 0.100958
v -0.987533 0.410057 0.103665
v -0.987086 0.419769 0.107543
v -0.981382 0.403969 0.139647
v -0.987585 0.412309 0.124751
v -0.988076 0.402847 0.120748
v -0.982198 0.395086 0.135631
v -0.986852 0.395617 0.117726
v -0.981494 0.388458 0.132393
v -0.984795 0.423220 0.129572
v -0.984339 0.430865 0.112428
v -0.978461 0.414360 0.144182
v -0.973013 0.425765 0.149067
v -0.979043 0.434946 0.134991
v -0.978511 0.442606 0.118169
v -0.977777 0.436107 0.095724
v -0.972144 0.447709 0.101735
v -0.960485 0.449003 0.088324
v -0.965738 0.437998 0.082413
v -0.933160 0.420708 0.070210
v -0.915731 0.413627 0.074961
v -0.918574 0.407544 0.072440
v -0.935450 0.413547 0.067423
v -0.921081 0.402853 0.071140
v -0.936840 0.407927 0.066120
v -0.953324 0.417546 0.067850
v -0.951782 0.425745 0.070889
v -0.953792 0.411022 0.066341
v -0.948764 0.435219 0.075320
v -0.930001 0.429179 0.074189
v -0.944043 0.445435 0.080958
v -0.925768 0.438454 0.079397
v -0.912312 0.420958 0.078653
v -0.908665 0.429336 0.083234
v -0.499015 0.412289 0.248506
v -0.467220 0.381897 0.251142
v -0.483701 0.404376 0.263654
v -0.509867 0.430356 0.262564
v -0.434581 0.342747 0.259009
v -0.465906 0.382774 0.265830
v -0.483371 0.418728 0.274104
v -0.497999 0.435400 0.273612
v -0.518516 0.455034 0.273719
v -0.505389 0.465104 0.281105
v -0.522512 0.480798 0.281123
v -0.492485 0.451302 0.281529
v -0.492413 0.477800 0.285801
v -0.504906 0.490013 0.284300
v -0.520880 0.503528 0.283249
v -0.539250 0.517250 0.282163
v -0.542466 0.496868 0.280952
v -0.558815 0.530078 0.280346
v -0.563494 0.511971 0.280025
v -0.565278 0.492454 0.273506
v -0.541582 0.474585 0.273903
v -0.537271 0.454135 0.262302
v -0.564220 0.474778 0.262016
v -0.560504 0.461807 0.246859
v -0.530573 0.439043 0.247471
v -0.850618 0.236619 0.066386
v -0.852646 0.236218 0.068681
v -0.848850 0.232204 0.067509
v -0.846562 0.232239 0.065511
v -0.856214 0.236595 0.070186
v -0.854566 0.233808 0.069648
v -0.854740 0.231093 0.068606
v -0.848537 0.229591 0.066502
v -0.846226 0.229533 0.064472
v -0.849709 0.228450 0.063358
v -0.851921 0.228528 0.065395
v -0.858787 0.228866 0.064453
v -0.857767 0.229782 0.067519
v -0.861856 0.229637 0.066412
v -0.857789 0.230707 0.059482
v -0.851021 0.230087 0.061172
v -0.860077 0.232946 0.057715
v -0.855890 0.233209 0.058546
v -0.852885 0.234612 0.059665
v -0.847734 0.231130 0.062272
v -0.847950 0.233763 0.063286
v -0.851669 0.238118 0.063836
v -0.852690 0.237170 0.060864
v -0.854435 0.239805 0.061773
v -0.611345 0.495016 0.244454
v -0.632070 0.506016 0.242747
v -0.629762 0.503419 0.225456
v -0.608060 0.491719 0.227028
v -0.649607 0.513648 0.240725
v -0.647917 0.511502 0.223589
v -0.643828 0.515096 0.206211
v -0.624957 0.506549 0.208024
v -0.602497 0.494202 0.209478
v -0.618698 0.514566 0.193124
v -0.595685 0.501979 0.194706
v -0.638166 0.523439 0.191529
v -0.631732 0.535612 0.181976
v -0.611950 0.526643 0.183749
v -0.588567 0.514197 0.185486
v -0.561693 0.498573 0.187820
v -0.568973 0.485870 0.196450
v -0.531414 0.480108 0.190972
v -0.538651 0.466511 0.198765
v -0.546548 0.458412 0.212474
v -0.576393 0.478193 0.210833
v -0.582846 0.476073 0.228296
v -0.554259 0.456612 0.229413
v -0.587366 0.480337 0.245845
v -0.574841 0.572530 0.217343
v -0.596229 0.581169 0.213235
v -0.598429 0.583369 0.230178
v -0.578115 0.575409 0.234415
v -0.614927 0.588366 0.210111
v -0.616357 0.590309 0.227071
v -0.620066 0.586472 0.244154
v -0.602940 0.579527 0.247047
v -0.583689 0.571829 0.251057
v -0.608885 0.570771 0.261164
v -0.590534 0.563046 0.264953
v -0.625349 0.577854 0.258635
v -0.631544 0.565570 0.268044
v -0.615449 0.558378 0.270324
v -0.597619 0.550351 0.273691
v -0.570969 0.554282 0.269124
v -0.563028 0.563035 0.255746
v -0.578412 0.541061 0.277258
v -0.550883 0.544078 0.273115
v -0.541554 0.552797 0.260466
v -0.555935 0.566159 0.239264
v -0.551154 0.562433 0.222218
v -0.532531 0.555257 0.244707
v -0.525667 0.550320 0.227878
v -0.577550 0.547192 0.190941
v -0.582348 0.530208 0.184766
v -0.605731 0.541880 0.182445
v -0.600575 0.557875 0.187961
v -0.625546 0.550617 0.180380
v -0.620238 0.566031 0.185484
v -0.574866 0.562230 0.202262
v -0.597197 0.571768 0.198675
v -0.616438 0.579497 0.195840
v -0.549835 0.550736 0.206760
v -0.551619 0.534113 0.194681
v -0.522569 0.537059 0.212199
v -0.522824 0.518723 0.199529
v -0.555756 0.515686 0.187798
v -0.525943 0.498639 0.191862
v -0.773995 0.521729 0.212095
v -0.759699 0.524111 0.214292
v -0.765109 0.531379 0.224097
v -0.779134 0.528344 0.221464
v -0.748169 0.524719 0.215982
v -0.753817 0.532871 0.226515
v -0.759421 0.545018 0.233349
v -0.770572 0.542621 0.230195
v -0.784360 0.538668 0.226928
v -0.775374 0.555663 0.231837
v -0.789042 0.550865 0.227961
v -0.764245 0.558927 0.235606
v -0.767398 0.572556 0.232585
v -0.778528 0.568486 0.228325
v -0.792023 0.563048 0.223911
v -0.805271 0.543916 0.223237
v -0.800761 0.532360 0.222743
v -0.808219 0.555589 0.218800
v -0.827442 0.545012 0.212191
v -0.824309 0.533764 0.217092
v -0.819637 0.522758 0.216998
v -0.795612 0.522729 0.217729
v -0.814422 0.513656 0.212379
v -0.809446 0.508137 0.203494
v -0.790744 0.516799 0.208703
v -0.733472 0.524143 0.219803
v -0.739784 0.524632 0.217856
v -0.735014 0.522316 0.203941
v -0.728842 0.521315 0.205077
v -0.743550 0.522886 0.202762
v -0.740285 0.526328 0.188717
v -0.731587 0.525568 0.189619
v -0.725372 0.524545 0.190218
v -0.723503 0.544748 0.168096
v -0.723364 0.532632 0.177246
v -0.729872 0.533496 0.176909
v -0.730315 0.545063 0.167887
v -0.738744 0.534058 0.176151
v -0.739296 0.545150 0.167176
v -0.718245 0.531606 0.177421
v -0.720426 0.523223 0.190820
v -0.717961 0.544200 0.168118
v -0.712537 0.543658 0.168355
v -0.713462 0.530671 0.177733
v -0.715838 0.522149 0.191402
v -0.723864 0.520128 0.206254
v -0.728211 0.523336 0.221641
v -0.719102 0.519024 0.207354
v -0.722972 0.522588 0.223604
v -0.741071 0.598457 0.185771
v -0.749066 0.595586 0.184252
v -0.753804 0.598069 0.198648
v -0.745690 0.601479 0.201199
v -0.758189 0.592416 0.182207
v -0.762851 0.594336 0.195774
v -0.766300 0.591111 0.210317
v -0.757264 0.595098 0.214019
v -0.749084 0.598776 0.217721
v -0.759032 0.587544 0.227810
v -0.750994 0.591092 0.232419
v -0.767906 0.583528 0.223358
v -0.758557 0.576144 0.237313
v -0.750866 0.579230 0.242397
v -0.742892 0.581891 0.247651
v -0.742652 0.594123 0.237166
v -0.733498 0.584139 0.252869
v -0.732694 0.596717 0.242080
v -0.730480 0.604534 0.225630
v -0.740580 0.601844 0.221529
v -0.737251 0.604310 0.203762
v -0.727238 0.606791 0.206839
v -0.723412 0.602931 0.189218
v -0.732968 0.600833 0.187225
v -0.730535 0.575199 0.167067
v -0.726190 0.559639 0.164874
v -0.733284 0.559345 0.164667
v -0.737944 0.574032 0.166664
v -0.742406 0.558659 0.163902
v -0.747164 0.572421 0.165686
v -0.735760 0.588847 0.174206
v -0.743461 0.586780 0.173388
v -0.752682 0.584330 0.172014
v -0.728188 0.590597 0.174916
v -0.723669 0.576092 0.167269
v -0.719576 0.592112 0.176073
v -0.716098 0.576872 0.167961
v -0.719975 0.559781 0.164923
v -0.713564 0.559867 0.165270
v -0.668569 0.545142 0.262798
v -0.672944 0.530461 0.251177
v -0.661578 0.527414 0.252982
v -0.657116 0.541050 0.263608
v -0.675193 0.520567 0.235918
v -0.663707 0.518190 0.238377
v -0.647858 0.522406 0.254852
v -0.643656 0.535537 0.264881
v -0.651287 0.556832 0.268945
v -0.662978 0.561808 0.268863
v -0.637969 0.550709 0.269689
v -0.644949 0.572062 0.267427
v -0.656933 0.577751 0.267908
v -0.668462 0.582275 0.268305
v -0.673900 0.565524 0.268875
v -0.680468 0.585442 0.267916
v -0.684930 0.568056 0.268161
v -0.689024 0.549608 0.260742
v -0.678916 0.547883 0.261945
v -0.682814 0.532205 0.249452
v -0.684803 0.521335 0.233432
v -0.692077 0.533044 0.247625
v -0.693361 0.521418 0.231134
v -0.671269 0.521626 0.201270
v -0.674392 0.517913 0.218395
v -0.684089 0.518178 0.215737
v -0.681215 0.521613 0.198621
v -0.692441 0.517820 0.213286
v -0.689741 0.521057 0.196314
v -0.676941 0.530535 0.184456
v -0.666539 0.530386 0.186943
v -0.685879 0.529957 0.182247
v -0.681418 0.543491 0.173374
v -0.671906 0.543802 0.175491
v -0.660886 0.543234 0.177729
v -0.647827 0.540801 0.179851
v -0.653784 0.528340 0.189306
v -0.658991 0.519802 0.203921
v -0.662526 0.516067 0.221144
v -0.643798 0.599342 0.206386
v -0.656314 0.602955 0.204670
v -0.656963 0.606445 0.223327
v -0.644468 0.602184 0.224396
v -0.669037 0.605265 0.202505
v -0.669935 0.609283 0.221661
v -0.672472 0.606817 0.241226
v -0.659467 0.603535 0.242316
v -0.647233 0.598833 0.242598
v -0.651508 0.590424 0.258104
v -0.663492 0.595208 0.258379
v -0.676149 0.598594 0.257854
v -0.639187 0.584514 0.257864
v -0.634468 0.593048 0.242930
v -0.631302 0.596707 0.225363
v -0.630490 0.594442 0.207975
v -0.666631 0.560199 0.173953
v -0.655166 0.558981 0.176177
v -0.676978 0.560455 0.171820
v -0.673069 0.578193 0.176773
v -0.661789 0.577357 0.179024
v -0.649934 0.575285 0.181165
v -0.658140 0.592438 0.189619
v -0.645895 0.589544 0.191583
v -0.670299 0.594060 0.187322
v -0.632348 0.585339 0.193518
v -0.636322 0.571707 0.183211
v -0.641706 0.556115 0.178257
v -0.743920 0.548090 0.240966
v -0.738772 0.533914 0.232164
v -0.732948 0.533933 0.235132
v -0.737336 0.548975 0.245080
v -0.726786 0.533796 0.238153
v -0.730101 0.549740 0.249046
v -0.748266 0.564065 0.244783
v -0.740922 0.565915 0.249758
v -0.732493 0.567510 0.254645
v -0.755621 0.561694 0.240052
v -0.750928 0.546727 0.237006
v -0.745357 0.533606 0.229202
v -0.709522 0.521687 0.227207
v -0.716638 0.522039 0.225425
v -0.713603 0.518301 0.208480
v -0.707247 0.517823 0.209796
v -0.710393 0.521320 0.192173
v -0.704330 0.520910 0.193090
v -0.707746 0.530093 0.178274
v -0.701292 0.529766 0.179219
v -0.706062 0.543336 0.168984
v -0.698654 0.543273 0.170126
v -0.690367 0.543296 0.171615
v -0.694003 0.529709 0.180575
v -0.697431 0.520772 0.194417
v -0.700153 0.517661 0.211327
v -0.701626 0.521498 0.229046
v -0.697466 0.605873 0.195839
v -0.711285 0.604629 0.192236
v -0.714319 0.608815 0.210710
v -0.699741 0.610184 0.214779
v -0.717334 0.606700 0.230185
v -0.702560 0.607981 0.234646
v -0.719861 0.598783 0.247024
v -0.705500 0.600008 0.251678
v -0.721523 0.585864 0.257906
v -0.708040 0.586970 0.262307
v -0.694037 0.586896 0.265773
v -0.690521 0.600074 0.255402
v -0.687190 0.608095 0.238494
v -0.684490 0.610371 0.218651
v -0.683040 0.606178 0.199435
v -0.705809 0.560135 0.166315
v -0.696936 0.560282 0.167846
v -0.706748 0.577668 0.169505
v -0.696162 0.578205 0.171700
v -0.708653 0.593430 0.178431
v -0.696331 0.594265 0.181258
v -0.683195 0.594526 0.184415
v -0.684729 0.578498 0.174234
v -0.687185 0.560515 0.169725
v -0.710707 0.550594 0.256004
v -0.710657 0.533743 0.243318
v -0.701448 0.533505 0.245563
v -0.699816 0.550482 0.258716
v -0.709834 0.569400 0.263019
v -0.697241 0.569322 0.266165
v -0.721917 0.568780 0.259103
v -0.721076 0.550364 0.252752
v -0.719194 0.533799 0.240798
v -0.588946 0.491496 0.260800
v -0.611287 0.504839 0.259054
v -0.587803 0.507115 0.271898
v -0.608636 0.518871 0.269500
v -0.584186 0.524466 0.277776
v -0.603773 0.534869 0.274805
v -0.621852 0.543456 0.271843
v -0.627323 0.528234 0.267016
v -0.630993 0.515020 0.256959
v -0.522158 0.433041 0.230699
v -0.488139 0.406447 0.232634
v -0.513222 0.435032 0.214672
v -0.477889 0.410099 0.217710
v -0.462059 0.437548 0.201048
v -0.468766 0.420807 0.206382
v -0.504760 0.443989 0.202000
v -0.497718 0.459125 0.195266
v -0.432456 0.399011 0.212299
v -0.442090 0.385907 0.222060
v -0.425792 0.417354 0.208576
v -0.390447 0.400419 0.217968
v -0.397252 0.380953 0.219823
v -0.407342 0.365754 0.227804
v -0.453523 0.377937 0.236131
v -0.419611 0.353864 0.240735
v -0.499106 0.528081 0.269291
v -0.484128 0.528940 0.256576
v -0.508421 0.542403 0.250324
v -0.519907 0.540851 0.264915
v -0.470757 0.521517 0.241958
v -0.498868 0.536122 0.234195
v -0.512221 0.519449 0.278796
v -0.530896 0.532207 0.276214
v -0.495748 0.506873 0.281547
v -0.479964 0.515672 0.274320
v -0.482539 0.495485 0.284918
v -0.464488 0.504783 0.280297
v -0.459823 0.516379 0.264303
v -0.441192 0.508084 0.251711
v -0.440106 0.506145 0.273468
v -0.407384 0.497855 0.265743
v -0.458577 0.483125 0.213275
v -0.458594 0.459529 0.204080
v -0.493190 0.479361 0.197167
v -0.491622 0.501185 0.205645
v -0.462399 0.504998 0.226741
v -0.493406 0.521289 0.218713
v -0.430058 0.489949 0.236784
v -0.424565 0.466168 0.222765
v -0.396360 0.477185 0.248354
v -0.390325 0.451902 0.234029
v -0.423227 0.440823 0.212649
v -0.388228 0.425136 0.223212
v -0.842309 0.482979 0.160123
v -0.845248 0.478926 0.174275
v -0.862868 0.461617 0.165027
v -0.859300 0.465641 0.150759
v -0.850063 0.479007 0.186785
v -0.868605 0.461699 0.177537
v -0.883827 0.444891 0.169096
v -0.876875 0.444870 0.156607
v -0.872656 0.448806 0.142097
v -0.858247 0.472690 0.137006
v -0.841398 0.490160 0.146521
v -0.871604 0.455920 0.128155
v -0.874065 0.465163 0.116957
v -0.860144 0.482018 0.126260
v -0.842709 0.499545 0.136006
v -0.823462 0.515903 0.145350
v -0.822422 0.506396 0.155717
v -0.803599 0.529293 0.153352
v -0.802711 0.519561 0.163641
v -0.803438 0.512129 0.176840
v -0.823193 0.499085 0.169168
v -0.825699 0.494929 0.183284
v -0.829808 0.495061 0.195812
v -0.805748 0.508014 0.190970
v -0.873134 0.530373 0.169803
v -0.869642 0.534252 0.155591
v -0.893520 0.516472 0.145017
v -0.897403 0.512446 0.159390
v -0.864610 0.534119 0.143063
v -0.887566 0.516339 0.132489
v -0.908635 0.499279 0.122057
v -0.915706 0.499338 0.134665
v -0.920120 0.495329 0.149256
v -0.873461 0.513848 0.193934
v -0.874556 0.523215 0.183307
v -0.898770 0.505428 0.173154
v -0.897090 0.496152 0.183917
v -0.921390 0.488202 0.163405
v -0.918929 0.478958 0.174603
v -0.850439 0.540110 0.193153
v -0.849039 0.547328 0.179775
v -0.849616 0.530622 0.203632
v -0.827917 0.554702 0.201993
v -0.826539 0.562012 0.188647
v -0.845883 0.551330 0.165605
v -0.823481 0.565960 0.174565
v -0.819447 0.565715 0.161998
v -0.841459 0.551166 0.153067
v -0.865142 0.492618 0.120712
v -0.846709 0.510193 0.130687
v -0.880571 0.475738 0.111083
v -0.889593 0.485899 0.110039
v -0.872168 0.502906 0.120029
v -0.852249 0.520630 0.130267
v -0.880051 0.511255 0.124072
v -0.858527 0.529090 0.134453
v -0.899417 0.494325 0.113791
v -0.836254 0.545952 0.144394
v -0.814904 0.560298 0.153149
v -0.810340 0.551351 0.148582
v -0.831148 0.537280 0.140028
v -0.826606 0.526795 0.140220
v -0.806416 0.540478 0.148535
v -0.928627 0.429890 0.169212
v -0.913834 0.421988 0.166064
v -0.905360 0.435030 0.171090
v -0.917668 0.443162 0.174635
v -0.900527 0.417472 0.158054
v -0.894027 0.430262 0.162782
v -0.893164 0.449883 0.177482
v -0.903184 0.458204 0.181409
v -0.929000 0.453226 0.173240
v -0.942226 0.439706 0.167308
v -0.912325 0.468404 0.180484
v -0.937383 0.463699 0.166697
v -0.952485 0.450078 0.160095
v -0.964279 0.437504 0.154278
v -0.952403 0.427437 0.162337
v -0.959836 0.416098 0.157792
v -0.942635 0.407229 0.160974
v -0.936678 0.418001 0.164901
v -0.919857 0.410556 0.162122
v -0.904619 0.406543 0.154285
v -0.924263 0.400496 0.158758
v -0.885343 0.422137 0.130045
v -0.890875 0.417891 0.145188
v -0.893795 0.407272 0.141314
v -0.887873 0.411730 0.125821
v -0.887385 0.419183 0.110197
v -0.884659 0.429435 0.115002
v -0.892774 0.428431 0.096991
v -0.889192 0.438732 0.102553
v -0.883299 0.450839 0.109161
v -0.879862 0.441637 0.120903
v -0.880839 0.434473 0.135357
v -0.885643 0.430317 0.150108
v -0.956117 0.466817 0.132019
v -0.950510 0.471338 0.116442
v -0.963062 0.459193 0.108551
v -0.969082 0.454487 0.124699
v -0.940835 0.471730 0.103354
v -0.952141 0.460009 0.095398
v -0.969690 0.446910 0.140915
v -0.956920 0.459460 0.147464
v -0.940744 0.473046 0.154899
v -0.939767 0.480308 0.140162
v -0.934746 0.484478 0.125204
v -0.926362 0.484598 0.112340
v -0.904671 0.438656 0.088776
v -0.899353 0.449189 0.095158
v -0.920299 0.448308 0.085651
v -0.912953 0.459168 0.092781
v -0.927528 0.467149 0.095534
v -0.937001 0.455909 0.087744
v -0.915127 0.479745 0.104214
v -0.902916 0.471495 0.100946
v -0.891681 0.461345 0.102523
v -0.928203 0.391666 0.155290
v -0.931524 0.384257 0.151889
v -0.947085 0.397549 0.157107
v -0.950341 0.388992 0.153310
v -0.964948 0.405376 0.153354
v -0.967987 0.395897 0.149239
v -0.969410 0.387919 0.145324
v -0.952437 0.382133 0.149781
v -0.969390 0.382150 0.141959
v -0.953436 0.377280 0.146521
v -0.936386 0.374433 0.145645
v -0.863194 0.492755 0.199565
v -0.856363 0.484121 0.195318
v -0.835208 0.500234 0.204471
v -0.841063 0.509040 0.208883
v -0.869244 0.503150 0.199236
v -0.846158 0.519700 0.208751
v -0.891897 0.485593 0.189479
v -0.884437 0.475235 0.190032
v -0.876315 0.466742 0.185940
v -0.787057 0.516255 0.196139
v -0.770027 0.520856 0.199418
v -0.784649 0.520325 0.182205
v -0.767478 0.524730 0.185522
v -0.783846 0.527836 0.169139
v -0.766404 0.532297 0.172793
v -0.784604 0.537789 0.159243
v -0.767150 0.542574 0.163221
v -0.751131 0.533948 0.174949
v -0.752499 0.526351 0.187562
v -0.751889 0.544641 0.165732
v -0.755405 0.522726 0.201438
v -0.783659 0.583566 0.174818
v -0.800246 0.576189 0.169207
v -0.804247 0.576732 0.181876
v -0.787866 0.584550 0.187639
v -0.807229 0.572961 0.195807
v -0.790946 0.580791 0.201469
v -0.792574 0.573366 0.214352
v -0.808760 0.565491 0.208887
v -0.779047 0.579036 0.219058
v -0.777441 0.586554 0.206207
v -0.774198 0.590089 0.192194
v -0.769687 0.588717 0.179133
v -0.787335 0.549444 0.154694
v -0.769935 0.554797 0.159185
v -0.791193 0.560813 0.155230
v -0.774065 0.566820 0.160158
v -0.795692 0.570290 0.160191
v -0.778856 0.577042 0.165587
v -0.764494 0.581469 0.169441
v -0.759291 0.570397 0.163613
v -0.754825 0.557413 0.162203
v -0.910269 0.380579 0.109472
v -0.907481 0.381162 0.110308
v -0.913089 0.375932 0.125112
v -0.925226 0.372384 0.134678
v -0.912601 0.380640 0.108965
v -0.926517 0.372764 0.133011
v -0.911950 0.386313 0.094843
v -0.917471 0.391716 0.083272
v -0.914184 0.392767 0.081519
v -0.906874 0.387541 0.094737
v -0.911852 0.394066 0.080909
v -0.923023 0.399860 0.071271
v -0.937730 0.404282 0.066344
v -0.924466 0.398067 0.072345
v -0.938067 0.402043 0.067581
v -0.938067 0.399965 0.070778
v -0.938132 0.400796 0.069267
v -0.925572 0.397023 0.073678
v -0.926277 0.396515 0.074984
v -0.951647 0.402674 0.069386
v -0.952666 0.404178 0.067789
v -0.950779 0.401882 0.071017
v -0.962341 0.401506 0.076176
v -0.963957 0.402366 0.074780
v -0.965898 0.403837 0.073277
v -0.953414 0.406706 0.066545
v -0.967752 0.406650 0.072343
v -0.981051 0.395308 0.099320
v -0.983870 0.397881 0.099678
v -0.978067 0.403348 0.084321
v -0.975562 0.400577 0.084635
v -0.972992 0.399207 0.085644
v -0.978068 0.394189 0.099568
v -0.970747 0.398448 0.086546
v -0.975628 0.393699 0.099823
v -0.976376 0.388071 0.113749
v -0.978817 0.388365 0.114062
v -0.972602 0.382493 0.125894
v -0.974706 0.382436 0.126826
v -0.977255 0.382931 0.128055
v -0.981778 0.389098 0.114632
v -0.984575 0.391286 0.115809
v -0.979695 0.384642 0.129914
v -0.968524 0.378980 0.139174
v -0.953621 0.374761 0.143643
v -0.966973 0.377696 0.137039
v -0.939099 0.372759 0.137029
v -0.938578 0.371985 0.140570
v -0.937721 0.372481 0.142856
v -0.928079 0.373219 0.130629
v -0.921139 0.371709 0.118367
v -0.916767 0.376057 0.106221
v -0.928915 0.368883 0.127864
v -0.929405 0.362941 0.124969
v -0.921791 0.365957 0.115749
v -0.917539 0.370279 0.103911
v -0.916116 0.381176 0.093706
v -0.915443 0.384416 0.094823
v -0.916845 0.375148 0.091521
v -0.920239 0.379994 0.080499
v -0.919533 0.386212 0.082432
v -0.919000 0.389649 0.083511
v -0.938122 0.397495 0.071619
v -0.938078 0.399249 0.071589
v -0.927157 0.394131 0.075642
v -0.938569 0.386488 0.068670
v -0.938372 0.393632 0.070710
v -0.927548 0.390465 0.074696
v -0.928070 0.383866 0.072737
v -0.949956 0.395076 0.070891
v -0.949966 0.399175 0.071881
v -0.949871 0.387604 0.068737
v -0.960262 0.386732 0.073302
v -0.960531 0.394520 0.075671
v -0.960899 0.398802 0.076830
v -0.961408 0.400698 0.076955
v -0.969521 0.397799 0.087062
v -0.974185 0.393129 0.099943
v -0.968795 0.395917 0.086730
v -0.973361 0.391333 0.099430
v -0.972345 0.379216 0.095040
v -0.972874 0.387077 0.097962
v -0.968406 0.391576 0.085445
v -0.967898 0.383709 0.082838
v -0.973115 0.374071 0.107863
v -0.973645 0.381867 0.110975
v -0.969742 0.369252 0.119106
v -0.970207 0.376674 0.122406
v -0.970672 0.380674 0.124314
v -0.974132 0.386025 0.112726
v -0.974956 0.387724 0.113523
v -0.962094 0.372506 0.129960
v -0.951291 0.369594 0.133504
v -0.961814 0.365466 0.126686
v -0.951315 0.363007 0.130281
v -0.939818 0.362096 0.129755
v -0.921916 0.357271 0.073298
v -0.921175 0.369952 0.077248
v -0.917986 0.365678 0.088044
v -0.918835 0.353589 0.083875
v -0.918604 0.361052 0.100094
v -0.919475 0.349251 0.095390
v -0.930420 0.341561 0.114635
v -0.923467 0.344986 0.106295
v -0.922813 0.356676 0.111490
v -0.930069 0.353541 0.120352
v -0.923264 0.331830 0.100595
v -0.919511 0.336043 0.090306
v -0.929772 0.327951 0.108354
v -0.927488 0.313877 0.102020
v -0.921576 0.317952 0.094857
v -0.918061 0.322080 0.085280
v -0.918904 0.339887 0.079256
v -0.917432 0.325637 0.074765
v -0.919884 0.327963 0.065095
v -0.921681 0.342954 0.069101
v -0.958404 0.358325 0.064881
v -0.959810 0.374172 0.069500
v -0.949766 0.375583 0.065332
v -0.948902 0.360235 0.061097
v -0.938833 0.375165 0.065506
v -0.938576 0.360690 0.061466
v -0.928778 0.373193 0.069586
v -0.929053 0.359705 0.065780
v -0.928308 0.344396 0.061665
v -0.937105 0.344371 0.057319
v -0.925807 0.328454 0.057754
v -0.933877 0.327451 0.053282
v -0.946802 0.343015 0.056534
v -0.955599 0.340349 0.059846
v -0.942609 0.325006 0.052228
v -0.950723 0.321677 0.055099
v -0.967179 0.342070 0.107299
v -0.968899 0.357296 0.113819
v -0.972088 0.361636 0.102834
v -0.970162 0.345806 0.096635
v -0.971394 0.366505 0.090445
v -0.969424 0.350327 0.084654
v -0.965432 0.354722 0.073371
v -0.967164 0.370919 0.078639
v -0.962107 0.336405 0.067794
v -0.965958 0.332042 0.078454
v -0.956711 0.317424 0.062412
v -0.960323 0.313145 0.072361
v -0.966663 0.328046 0.089876
v -0.961049 0.309437 0.083247
v -0.958598 0.307046 0.093106
v -0.963886 0.324946 0.100125
v -0.950421 0.338867 0.118571
v -0.939997 0.339440 0.118663
v -0.940135 0.352124 0.124835
v -0.951166 0.352391 0.125033
v -0.960064 0.339761 0.114754
v -0.961296 0.354120 0.121293
v -0.957259 0.323537 0.107467
v -0.952578 0.306641 0.100265
v -0.944431 0.307887 0.104397
v -0.948364 0.323713 0.111441
v -0.938667 0.325200 0.111848
v -0.935580 0.310358 0.105144
v -0.869173 0.251970 0.058881
v -0.880484 0.261942 0.057454
v -0.879702 0.262024 0.063406
v -0.868402 0.252086 0.063469
v -0.891967 0.273492 0.056677
v -0.891012 0.273315 0.063809
v -0.891750 0.271328 0.071269
v -0.880320 0.260454 0.069423
v -0.868684 0.250849 0.068120
v -0.872438 0.245904 0.074877
v -0.870181 0.248778 0.072166
v -0.882067 0.257680 0.074707
v -0.893865 0.267956 0.077722
v -0.897304 0.263730 0.082294
v -0.860139 0.241652 0.070132
v -0.858436 0.242858 0.067163
v -0.862298 0.240029 0.072111
v -0.858773 0.244155 0.063802
v -0.859912 0.244378 0.060494
v -0.878841 0.240396 0.051928
v -0.893037 0.248087 0.048868
v -0.889565 0.252373 0.047913
v -0.876020 0.243737 0.051387
v -0.907862 0.258421 0.046825
v -0.903555 0.263240 0.045525
v -0.898987 0.267781 0.047091
v -0.885909 0.256433 0.049313
v -0.873014 0.247046 0.052635
v -0.882762 0.259830 0.052600
v -0.870660 0.250053 0.055258
v -0.894908 0.271405 0.050986
v -0.861616 0.239800 0.056271
v -0.864545 0.237573 0.055080
v -0.867268 0.235385 0.055171
v -0.882203 0.234146 0.068390
v -0.897473 0.239851 0.070357
v -0.898157 0.239790 0.064412
v -0.882540 0.233928 0.063766
v -0.913296 0.248378 0.073192
v -0.914251 0.248587 0.065965
v -0.913514 0.250639 0.058316
v -0.897539 0.241458 0.058112
v -0.881900 0.234982 0.058946
v -0.880761 0.237334 0.054786
v -0.895793 0.244297 0.052639
v -0.911301 0.254130 0.051587
v -0.867822 0.232936 0.057183
v -0.867963 0.231022 0.060437
v -0.869210 0.230427 0.063828
v -0.869633 0.230813 0.067134
v -0.877570 0.238785 0.074432
v -0.874901 0.242283 0.075533
v -0.888294 0.249604 0.079432
v -0.891929 0.245387 0.078190
v -0.906277 0.254186 0.082493
v -0.880261 0.235836 0.072040
v -0.895173 0.241903 0.075084
v -0.910356 0.250497 0.078788
v -0.867496 0.231998 0.069553
v -0.864783 0.234081 0.071329
v -0.863438 0.237107 0.072267
v -0.909858 0.299357 0.059038
v -0.915864 0.313404 0.061661
v -0.913835 0.311767 0.070934
v -0.908111 0.298276 0.067762
v -0.914507 0.308622 0.080850
v -0.908827 0.295577 0.076986
v -0.916464 0.287015 0.091276
v -0.911767 0.291574 0.085338
v -0.917686 0.304567 0.089818
v -0.923077 0.300151 0.096440
v -0.903787 0.279335 0.081329
v -0.901259 0.283088 0.073737
v -0.907833 0.274818 0.086646
v -0.900522 0.285401 0.065332
v -0.901813 0.286027 0.057297
v -0.933269 0.286750 0.048238
v -0.943156 0.303567 0.051181
v -0.935943 0.307643 0.048673
v -0.927009 0.291302 0.046211
v -0.928230 0.310939 0.050021
v -0.920273 0.295298 0.047695
v -0.921103 0.313004 0.054542
v -0.914241 0.298232 0.052092
v -0.905383 0.284263 0.050871
v -0.910503 0.280841 0.046624
v -0.916112 0.276372 0.045082
v -0.921363 0.271515 0.046793
v -0.940167 0.273987 0.081494
v -0.950565 0.289946 0.086892
v -0.952594 0.291649 0.077430
v -0.941817 0.275154 0.072588
v -0.951824 0.294912 0.067237
v -0.941003 0.278004 0.062993
v -0.938063 0.282105 0.054358
v -0.948548 0.299118 0.057898
v -0.925485 0.266853 0.052166
v -0.928132 0.263106 0.059971
v -0.928945 0.260550 0.068715
v -0.927676 0.259984 0.076877
v -0.930269 0.295950 0.099011
v -0.922723 0.282397 0.093491
v -0.938101 0.292595 0.098066
v -0.929558 0.278283 0.092284
v -0.945325 0.290379 0.093917
v -0.935687 0.275231 0.088164
v -0.924009 0.261801 0.083215
v -0.918888 0.265320 0.087179
v -0.913182 0.269908 0.088444
v -0.361619 0.467802 0.261197
v -0.356474 0.441815 0.247052
v -0.366701 0.487304 0.276279
v -0.332556 0.482158 0.289313
v -0.327507 0.462032 0.275074
v -0.323653 0.435741 0.261248
v -0.292208 0.433642 0.275862
v -0.295726 0.460616 0.290136
v -0.301458 0.480566 0.304420
v -0.290839 0.403910 0.265292
v -0.322424 0.407371 0.250089
v -0.294794 0.376346 0.258325
v -0.325522 0.381150 0.242951
v -0.354692 0.414208 0.235945
v -0.357182 0.388791 0.229402
v -0.479926 0.401088 0.277646
v -0.477928 0.407879 0.275651
v -0.463761 0.372259 0.269503
v -0.471289 0.367889 0.272968
v -0.449549 0.339631 0.271051
v -0.462413 0.337820 0.275715
v -0.482245 0.364806 0.274761
v -0.487628 0.396103 0.279630
v -0.476405 0.336458 0.277678
v -0.489702 0.426981 0.289537
v -0.484419 0.432982 0.285472
v -0.484803 0.453279 0.299876
v -0.481809 0.459972 0.292875
v -0.485480 0.440878 0.282906
v -0.484606 0.467994 0.288448
v -0.480765 0.340799 0.397542
v -0.490798 0.342190 0.394848
v -0.484113 0.318244 0.378975
v -0.471683 0.316875 0.381041
v -0.477035 0.301599 0.359166
v -0.462284 0.300040 0.360850
v -0.474127 0.339243 0.400919
v -0.460652 0.314432 0.384324
v -0.447273 0.296786 0.363853
v -0.480888 0.364567 0.415258
v -0.478214 0.386546 0.427810
v -0.481446 0.390214 0.422199
v -0.485238 0.366703 0.411129
v -0.493882 0.369877 0.406723
v -0.488582 0.395262 0.415583
v -0.327069 0.337469 0.420723
v -0.329633 0.362615 0.432780
v -0.330633 0.315788 0.408274
v -0.309470 0.323342 0.395436
v -0.305570 0.346065 0.407292
v -0.307385 0.372210 0.418846
v -0.282629 0.355900 0.394393
v -0.284509 0.383161 0.406438
v -0.286778 0.332091 0.382057
v -0.289328 0.410526 0.414923
v -0.296438 0.432929 0.419899
v -0.320063 0.420653 0.433754
v -0.312834 0.398374 0.428186
v -0.337077 0.388326 0.442704
v -0.345836 0.410738 0.447788
v -0.472982 0.296286 0.335543
v -0.457059 0.295266 0.336461
v -0.471638 0.301036 0.311688
v -0.455607 0.300817 0.311613
v -0.457275 0.315267 0.289940
v -0.472851 0.314835 0.291272
v -0.442025 0.315927 0.286782
v -0.423901 0.315930 0.284033
v -0.421386 0.300804 0.310128
v -0.439554 0.300668 0.311033
v -0.440768 0.293222 0.338083
v -0.421798 0.292068 0.338320
v -0.336833 0.297491 0.375732
v -0.321070 0.307397 0.385389
v -0.341559 0.300924 0.397119
v -0.357550 0.292073 0.386134
v -0.367033 0.293034 0.350183
v -0.353441 0.293066 0.364686
v -0.376599 0.288399 0.374077
v -0.392197 0.289146 0.358151
v -0.334329 0.298984 0.355197
v -0.317981 0.304361 0.364244
v -0.346727 0.298258 0.343205
v -0.333310 0.303162 0.337491
v -0.320781 0.305388 0.343336
v -0.303294 0.311496 0.350097
v -0.300363 0.315146 0.372617
v -0.283420 0.322824 0.356859
v -0.307316 0.356049 0.255239
v -0.334703 0.361132 0.241020
v -0.286089 0.351086 0.272145
v -0.305702 0.337436 0.271352
v -0.323252 0.341324 0.256297
v -0.346995 0.345809 0.244409
v -0.337735 0.330736 0.262060
v -0.359666 0.333944 0.252905
v -0.322408 0.328166 0.274290
v -0.334416 0.322786 0.278887
v -0.348235 0.322423 0.272733
v -0.369852 0.323523 0.266765
v -0.397239 0.328156 0.262333
v -0.387660 0.340364 0.246022
v -0.375423 0.353178 0.235103
v -0.364671 0.368865 0.229300
v -0.292600 0.324882 0.310709
v -0.271142 0.335712 0.314021
v -0.273875 0.329253 0.336546
v -0.294986 0.318339 0.331513
v -0.332236 0.311750 0.307661
v -0.312462 0.317226 0.308703
v -0.314002 0.311385 0.327105
v -0.332583 0.306487 0.324887
v -0.332985 0.317719 0.290785
v -0.314653 0.323219 0.290461
v -0.295886 0.331557 0.290057
v -0.274602 0.343615 0.292205
v -0.375743 0.303742 0.307862
v -0.353366 0.307086 0.307428
v -0.352205 0.301326 0.326492
v -0.373758 0.296787 0.330321
v -0.399270 0.301737 0.308968
v -0.398283 0.293431 0.334982
v -0.400093 0.314274 0.283991
v -0.374875 0.313038 0.285892
v -0.352813 0.314336 0.288667
v -0.278372 0.483204 0.351449
v -0.275953 0.477028 0.371321
v -0.288753 0.487060 0.332258
v -0.295553 0.489099 0.339625
v -0.285400 0.483716 0.356492
v -0.281256 0.487511 0.361820
v -0.277872 0.481386 0.378113
v -0.291072 0.493153 0.346629
v -0.271881 0.503914 0.354571
v -0.262043 0.498538 0.368690
v -0.258486 0.492840 0.384179
v -0.280540 0.474863 0.394269
v -0.261089 0.487270 0.399500
v -0.269712 0.482121 0.413274
v -0.289304 0.468615 0.408934
v -0.294350 0.461355 0.407699
v -0.279013 0.467604 0.389968
v -0.288342 0.456481 0.406759
v -0.305090 0.445324 0.421423
v -0.327099 0.434975 0.434250
v -0.309427 0.453365 0.421234
v -0.329592 0.445704 0.431920
v -0.304703 0.473942 0.430763
v -0.323407 0.457157 0.429311
v -0.303590 0.462767 0.420880
v -0.284333 0.477789 0.424050
v -0.348507 0.451355 0.433446
v -0.353824 0.438457 0.439576
v -0.330703 0.469930 0.432235
v -0.365067 0.464447 0.424738
v -0.378076 0.444690 0.433898
v -0.381571 0.431713 0.443385
v -0.352189 0.426148 0.445592
v -0.380315 0.419605 0.452644
v -0.411130 0.415587 0.452739
v -0.440363 0.410690 0.447665
v -0.411921 0.425275 0.442646
v -0.441219 0.417486 0.438373
v -0.444678 0.434415 0.413006
v -0.443084 0.425238 0.427507
v -0.410900 0.435895 0.431711
v -0.409672 0.447216 0.417315
v -0.474758 0.421386 0.409254
v -0.470301 0.412718 0.422343
v -0.465551 0.406482 0.431406
v -0.463719 0.401480 0.438989
v -0.475690 0.433594 0.389558
v -0.474582 0.446145 0.366172
v -0.445132 0.445496 0.392816
v -0.444806 0.456848 0.369546
v -0.409747 0.458926 0.397130
v -0.410321 0.470219 0.373733
v -0.370228 0.478483 0.404403
v -0.372093 0.489503 0.381230
v -0.372201 0.498311 0.357187
v -0.410354 0.480076 0.349841
v -0.369567 0.503365 0.333014
v -0.411807 0.487721 0.327937
v -0.444154 0.476123 0.324466
v -0.444241 0.467250 0.345736
v -0.473118 0.455930 0.341621
v -0.471187 0.463930 0.320050
v -0.469169 0.471055 0.305477
v -0.469168 0.478225 0.295996
v -0.445499 0.483127 0.308582
v -0.448763 0.489586 0.296741
v -0.394116 0.498022 0.298486
v -0.422914 0.495759 0.296754
v -0.416547 0.492303 0.310795
v -0.385633 0.498337 0.313404
v -0.429303 0.499754 0.284275
v -0.454641 0.496393 0.287452
v -0.399757 0.498658 0.284003
v -0.473636 0.486161 0.289424
v -0.368097 0.495401 0.290495
v -0.337108 0.491763 0.301723
v -0.365025 0.498041 0.304099
v -0.337432 0.496216 0.313096
v -0.356173 0.501055 0.317409
v -0.329555 0.500843 0.323894
v -0.336494 0.510834 0.331359
v -0.310050 0.511368 0.335246
v -0.288237 0.508656 0.343196
v -0.307537 0.497909 0.333883
v -0.313601 0.493236 0.325079
v -0.309460 0.489417 0.315723
v -0.224020 0.520454 0.378469
v -0.220018 0.515076 0.393962
v -0.234899 0.525772 0.364753
v -0.189455 0.555355 0.374320
v -0.177307 0.550271 0.388222
v -0.172904 0.545266 0.404162
v -0.132221 0.585023 0.394812
v -0.127730 0.580390 0.411303
v -0.144770 0.589603 0.380842
v -0.115172 0.625631 0.385438
v -0.102601 0.621830 0.399677
v -0.098283 0.617838 0.416706
v -0.131038 0.576154 0.428247
v -0.176081 0.540672 0.420348
v -0.101721 0.613928 0.434504
v -0.112871 0.610663 0.450831
v -0.142003 0.572769 0.443793
v -0.186602 0.536931 0.435031
v -0.222751 0.510060 0.409474
v -0.232296 0.505815 0.423454
v -0.226463 0.533673 0.453159
v -0.269695 0.500460 0.440542
v -0.248490 0.502639 0.434206
v -0.204347 0.534558 0.446483
v -0.153577 0.607738 0.471190
v -0.182731 0.570262 0.463238
v -0.160387 0.570745 0.456000
v -0.131255 0.608476 0.463511
v -0.205497 0.571552 0.464106
v -0.249804 0.534391 0.453724
v -0.176333 0.608415 0.472270
v -0.196301 0.610802 0.465265
v -0.225444 0.574816 0.457087
v -0.269924 0.537586 0.446469
v -0.294642 0.499096 0.441024
v -0.316107 0.500910 0.433716
v -0.288222 0.551468 0.408522
v -0.330945 0.517851 0.394284
v -0.327203 0.508422 0.416632
v -0.282766 0.543954 0.429942
v -0.216411 0.620168 0.427241
v -0.245207 0.586322 0.419377
v -0.238894 0.580151 0.440627
v -0.209925 0.615002 0.448837
v -0.215100 0.625068 0.404813
v -0.243721 0.592161 0.397485
v -0.205121 0.628836 0.386226
v -0.233754 0.596281 0.379443
v -0.277116 0.562937 0.369002
v -0.286834 0.558257 0.386640
v -0.330413 0.525690 0.371284
v -0.321573 0.531188 0.353505
v -0.300922 0.533737 0.346662
v -0.275562 0.533503 0.347956
v -0.257571 0.564483 0.360544
v -0.233372 0.563269 0.359490
v -0.214447 0.597458 0.369694
v -0.190282 0.596370 0.367308
v -0.185663 0.630499 0.375799
v -0.161215 0.630248 0.372750
v -0.136214 0.628542 0.376182
v -0.165595 0.593529 0.371301
v -0.209369 0.559926 0.364473
v -0.252850 0.530499 0.354219
v -0.830616 0.275101 -0.038498
v -0.843531 0.285449 -0.030170
v -0.113049 0.692064 0.426753
v -0.098307 0.654719 0.421914
v -0.102548 0.658082 0.404245
v -0.117193 0.694706 0.408413
v -0.114957 0.660755 0.389618
v -0.129592 0.696091 0.393129
v -0.127791 0.730638 0.430853
v -0.132055 0.732677 0.411669
v -0.144736 0.732744 0.395614
v -0.131684 0.727272 0.450531
v -0.116877 0.688649 0.445674
v -0.143387 0.722789 0.468131
v -0.128179 0.684833 0.462869
v -0.101951 0.651086 0.440336
v -0.113100 0.647659 0.457137
v -0.131593 0.644963 0.469959
v -0.153915 0.643256 0.477621
v -0.146867 0.681127 0.475660
v -0.169471 0.677973 0.482928
v -0.162759 0.717905 0.481044
v -0.186015 0.713096 0.487954
v -0.209769 0.709206 0.487775
v -0.230205 0.706974 0.479390
v -0.212349 0.675418 0.475595
v -0.192423 0.675897 0.483376
v -0.176606 0.642753 0.478399
v -0.196488 0.643833 0.471156
v -0.210025 0.646760 0.454394
v -0.216426 0.650652 0.432465
v -0.225735 0.676828 0.458310
v -0.231994 0.679684 0.436024
v -0.243678 0.707042 0.461537
v -0.249602 0.708969 0.438718
v -0.247390 0.712349 0.415343
v -0.236555 0.716719 0.395906
v -0.219891 0.687266 0.394000
v -0.230281 0.683345 0.413063
v -0.215060 0.654886 0.409807
v -0.204941 0.658555 0.390974
v -0.175572 0.693808 0.379754
v -0.160839 0.662175 0.376885
v -0.185417 0.661009 0.380185
v -0.200194 0.690888 0.383084
v -0.191378 0.726511 0.381617
v -0.216315 0.721683 0.384924
v -0.165942 0.730421 0.385399
v -0.150505 0.695637 0.383347
v -0.135870 0.662110 0.380247
vn 0.6443 -0.6949 -0.3193
vn 0.6791 -0.7337 0.0224
vn 0.5810 -0.8139 -0.0033
vn 0.5902 -0.7416 -0.3190
vn 0.6438 -0.6954 0.3194
vn 0.4761 -0.7867 0.3931
vn 0.3585 -0.8254 0.4362
vn 0.4514 -0.8920 0.0241
vn 0.4543 -0.8277 -0.3295
vn 0.3274 -0.9439 0.0427
vn 0.3149 -0.8894 -0.3315
vn 0.2685 -0.8462 0.4604
vn 0.1893 -0.8642 0.4661
vn 0.2004 -0.9784 0.0502
vn 0.1676 -0.9305 -0.3256
vn 0.2340 -0.7160 -0.6577
vn 0.3651 -0.6738 -0.6425
vn 0.1031 -0.7505 -0.6528
vn 0.0058 -0.4202 -0.9074
vn 0.0920 -0.3976 -0.9129
vn 0.1907 -0.3834 -0.9037
vn 0.5047 -0.6152 -0.6056
vn 0.6123 -0.5200 -0.5956
vn 0.3201 -0.3647 -0.8744
vn 0.5070 -0.3185 -0.8010
vn 0.0506 0.4342 0.8994
vn 0.1960 0.4574 0.8674
vn 0.1924 0.7850 0.5888
vn 0.0184 0.7784 0.6274
vn 0.4140 0.4570 0.7872
vn 0.4209 0.7485 0.5124
vn 0.4042 0.8834 0.2369
vn 0.1723 0.9426 0.2859
vn -0.0107 0.9499 0.3123
vn -0.0871 0.8830 -0.4612
vn -0.0465 0.9981 -0.0407
vn 0.1293 0.9905 -0.0465
vn 0.0635 0.8909 -0.4498
vn 0.3619 0.9303 -0.0593
vn 0.2879 0.8547 -0.4321
vn -0.2148 0.8575 -0.4675
vn -0.2101 0.9770 -0.0373
vn -0.3279 0.8221 -0.4655
vn -0.3617 0.9317 -0.0350
vn -0.3429 0.8790 0.3313
vn -0.1808 0.9276 0.3270
vn -0.1372 0.7499 0.6472
vn -0.2851 0.7036 0.6509
vn -0.1745 0.3680 0.9133
vn -0.0672 0.4029 0.9128
vn 0.1345 -0.3275 0.9352
vn 0.2251 -0.6032 0.7651
vn 0.3203 -0.5952 0.7370
vn 0.2215 -0.3186 0.9216
vn 0.5032 -0.5520 0.6649
vn 0.4070 -0.2937 0.8649
vn 0.1916 0.0325 0.9809
vn 0.0851 0.0096 0.9963
vn 0.3902 0.0561 0.9190
vn 0.0140 -0.0118 0.9998
vn -0.0421 -0.0300 0.9987
vn 0.0567 -0.3415 0.9382
vn 0.0864 -0.3340 0.9386
vn 0.1695 -0.6055 0.7776
vn 0.1324 -0.6121 0.7796
vn 0.4057 -0.1981 -0.8923
vn 0.4577 -0.2126 -0.8633
vn 0.2987 0.1687 -0.9393
vn 0.2336 0.1621 -0.9587
vn 0.5123 -0.2592 -0.8187
vn 0.3726 0.1792 -0.9105
vn 0.3029 0.3966 -0.8666
vn 0.1977 0.4036 -0.8933
vn 0.1107 0.4006 -0.9095
vn 0.1319 0.6219 -0.7719
vn 0.0201 0.6232 -0.7818
vn 0.2660 0.5934 -0.7597
vn 0.1882 0.8977 -0.3984
vn 0.0414 0.8925 -0.4492
vn -0.0770 0.8715 -0.4842
vn -0.0777 0.6047 -0.7927
vn 0.0425 0.3796 -0.9242
vn -0.1864 0.8494 -0.4938
vn -0.2688 0.8285 -0.4912
vn -0.1405 0.5782 -0.8037
vn -0.0054 0.3451 -0.9385
vn 0.1823 0.1418 -0.9730
vn 0.1389 0.1069 -0.9845
vn 0.3137 -0.2234 -0.9229
vn 0.3618 -0.1987 -0.9108
vn -0.5590 -0.2679 -0.7847
vn -0.5896 -0.2427 -0.7703
vn -0.3627 -0.1234 -0.9237
vn -0.2635 -0.2083 -0.9419
vn 0.0283 0.0598 -0.9978
vn 0.1665 -0.1876 -0.9680
vn 0.4365 -0.8387 -0.3256
vn -0.3309 -0.9079 -0.2572
vn 0.9846 0.1581 -0.0749
vn 0.9768 -0.1363 -0.1652
vn 0.6546 0.1783 -0.7346
vn 0.8175 0.2810 -0.5027
vn 0.4065 0.2253 -0.8854
vn 0.6278 0.3071 -0.7152
vn 0.9274 -0.0050 0.3741
vn 0.8096 -0.2383 0.5365
vn 0.7880 -0.1232 0.6032
vn 0.5983 -0.3070 0.7401
vn 0.2356 -0.5328 0.8128
vn 0.3545 -0.7047 0.6146
vn -0.0986 -0.7259 0.6807
vn -0.1720 -0.6608 0.7306
vn -0.4293 -0.6825 0.5915
vn -0.4057 -0.7101 0.5754
vn 0.5051 -0.5591 -0.6575
vn 0.5287 -0.5686 -0.6302
vn 0.4537 -0.5755 -0.6804
vn 0.5003 -0.8045 -0.3201
vn 0.5503 -0.7829 -0.2902
vn 0.5640 -0.7791 -0.2736
vn 0.5135 -0.8490 0.1244
vn 0.5419 -0.8311 0.1253
vn 0.4619 -0.8815 0.0982
vn 0.3426 -0.7882 0.5112
vn 0.3955 -0.7454 0.5366
vn 0.4436 -0.7165 0.5384
vn 0.4974 -0.7027 0.5087
vn 0.5547 -0.8260 0.0996
vn 0.5641 -0.7115 0.4189
vn 0.5538 -0.8323 0.0255
vn 0.5474 -0.7927 -0.2683
vn 0.5663 -0.7796 -0.2673
vn 0.5451 -0.5880 -0.5975
vn 0.5442 -0.6380 -0.5448
vn -0.0013 0.3370 0.9415
vn -0.1247 0.3091 0.9428
vn -0.2125 0.6799 0.7018
vn -0.1243 0.7035 0.6998
vn -0.2218 0.2766 0.9351
vn -0.3025 0.6561 0.6914
vn -0.3298 0.8751 0.3541
vn -0.2530 0.8994 0.3564
vn -0.1938 0.9131 0.3588
vn -0.1677 0.9850 -0.0414
vn -0.2485 0.9673 -0.0516
vn -0.3301 0.9429 -0.0443
vn -0.1045 0.9944 -0.0132
vn -0.0105 0.9962 0.0860
vn -0.0850 0.9216 0.3788
vn -0.1373 0.9209 0.3649
vn -0.0437 0.7254 0.6869
vn 0.1347 0.3645 0.9214
vn 0.0281 0.7638 0.6448
vn 0.3069 0.3847 0.8705
vn 0.2384 -0.5353 0.8103
vn 0.2957 -0.4962 0.8163
vn 0.1856 -0.5881 0.7872
vn 0.0470 -0.3797 0.9239
vn 0.1075 -0.3234 0.9401
vn 0.1851 -0.2873 0.9398
vn -0.0086 -0.0675 0.9977
vn 0.1019 -0.0370 0.9941
vn -0.0873 -0.1171 0.9893
vn 0.2286 -0.0368 0.9728
vn 0.2818 -0.2718 0.9202
vn 0.3811 -0.0602 0.9226
vn 0.4043 -0.2607 0.8767
vn 0.3694 -0.4712 0.8009
vn 0.4602 -0.4474 0.7668
vn 0.1262 -0.4317 -0.8931
vn 0.1483 -0.4038 -0.9028
vn 0.0599 -0.0230 -0.9979
vn 0.0350 -0.0407 -0.9986
vn 0.1730 -0.3786 -0.9093
vn 0.0914 -0.0102 -0.9958
vn 0.0474 0.3120 -0.9489
vn 0.0001 0.3170 -0.9484
vn -0.0372 0.3136 -0.9488
vn -0.1113 0.9163 -0.3848
vn -0.0876 0.6457 -0.7586
vn -0.0251 0.6402 -0.7678
vn -0.0171 0.9162 -0.4003
vn 0.0434 0.6236 -0.7805
vn 0.0692 0.9050 -0.4198
vn -0.1487 0.6306 -0.7617
vn -0.0697 0.2988 -0.9518
vn -0.2120 0.8969 -0.3880
vn -0.3154 0.8548 -0.4121
vn -0.2097 0.5931 -0.7773
vn -0.1060 0.2720 -0.9564
vn 0.0163 -0.0599 -0.9981
vn 0.1094 -0.4546 -0.8839
vn -0.0144 -0.0804 -0.9967
vn 0.0713 -0.4738 -0.8777
vn 0.2582 -0.3297 -0.9081
vn 0.2099 -0.3551 -0.9110
vn 0.2885 -0.6759 -0.6782
vn 0.3401 -0.6520 -0.6776
vn 0.2503 -0.6982 -0.6707
vn 0.2860 -0.8864 -0.3640
vn 0.3241 -0.8735 -0.3633
vn 0.3725 -0.8567 -0.3569
vn 0.2751 -0.8694 0.4104
vn 0.3423 -0.9394 0.0172
vn 0.3050 -0.9523 0.0053
vn 0.2443 -0.8812 0.4046
vn 0.2747 -0.9615 -0.0058
vn 0.2197 -0.8912 0.3969
vn 0.3644 -0.9308 0.0285
vn 0.3977 -0.8467 -0.3534
vn 0.2923 -0.8596 0.4191
vn 0.2788 -0.8577 0.4320
vn 0.3417 -0.9391 0.0351
vn 0.3638 -0.8585 -0.3614
vn 0.3604 -0.6357 -0.6827
vn 0.2748 -0.3078 -0.9109
vn 0.3246 -0.6372 -0.6990
vn 0.2470 -0.2997 -0.9215
vn 0.1692 0.9131 0.3709
vn 0.1864 0.7228 0.6654
vn 0.1666 0.7292 0.6637
vn 0.1592 0.9167 0.3666
vn 0.2111 0.3486 0.9132
vn 0.1759 0.3530 0.9190
vn 0.0961 0.3826 0.9189
vn 0.1067 0.7448 0.6587
vn 0.1052 0.9252 0.3646
vn 0.1600 0.8922 -0.4223
vn 0.1630 0.9863 0.0247
vn 0.1505 0.9884 0.0198
vn 0.1333 0.8944 -0.4269
vn 0.0937 0.9954 0.0217
vn 0.1273 0.9914 0.0319
vn 0.1293 0.9176 0.3760
vn 0.1414 0.8989 -0.4147
vn 0.0756 0.9075 -0.4132
vn 0.0430 0.9984 0.0361
vn 0.0392 0.9239 0.3807
vn 0.1526 0.7274 0.6691
vn 0.1928 0.3551 0.9147
vn 0.0652 0.7341 0.6759
vn 0.1188 0.3576 0.9263
vn 0.2062 -0.4183 0.8846
vn 0.2201 -0.6661 0.7127
vn 0.1843 -0.6744 0.7150
vn 0.1622 -0.4155 0.8950
vn 0.1510 -0.6782 0.7192
vn 0.1061 -0.4085 0.9066
vn 0.1683 -0.0882 0.9818
vn 0.2134 -0.0959 0.9722
vn 0.0877 -0.0680 0.9938
vn 0.2155 -0.0945 0.9719
vn 0.1669 -0.0970 0.9812
vn 0.1966 -0.4182 0.8868
vn 0.2227 -0.4156 0.8819
vn 0.2393 -0.6569 0.7150
vn 0.2256 -0.6562 0.7201
vn -0.0657 0.2680 -0.9612
vn 0.0580 0.0141 -0.9982
vn 0.1032 0.0621 -0.9927
vn -0.0378 0.3057 -0.9514
vn 0.1749 -0.3157 -0.9326
vn 0.2551 -0.2664 -0.9295
vn -0.3417 0.8033 -0.4878
vn -0.2003 0.5285 -0.8250
vn -0.1789 0.5490 -0.8165
vn -0.3190 0.8107 -0.4909
vn -0.1938 0.5294 -0.8259
vn -0.0748 0.2510 -0.9651
vn -0.3286 0.8143 -0.4784
vn -0.2709 0.8438 -0.4633
vn -0.1473 0.5537 -0.8196
vn -0.0461 0.2621 -0.9640
vn 0.0217 -0.0177 -0.9996
vn 0.0962 -0.3533 -0.9305
vn 0.0281 -0.0180 -0.9994
vn 0.0799 -0.3590 -0.9299
vn 0.2616 -0.8900 -0.3733
vn 0.2458 -0.6609 -0.7091
vn 0.1243 -0.6939 -0.7093
vn 0.1214 -0.9161 -0.3820
vn 0.0985 -0.6981 -0.7092
vn 0.0983 -0.9199 -0.3796
vn 0.1095 -0.9940 0.0028
vn 0.2366 -0.9713 0.0249
vn 0.0948 -0.9955 0.0086
vn 0.0719 -0.9131 0.4014
vn 0.0725 -0.9155 0.3958
vn 0.1633 -0.8901 0.4256
vn 0.2655 -0.8417 0.4702
vn 0.3685 -0.9276 0.0614
vn 0.4015 -0.8460 -0.3508
vn 0.3662 -0.6151 -0.6983
vn -0.3324 0.2208 0.9169
vn -0.3308 0.2276 0.9158
vn -0.3997 0.6297 0.6662
vn -0.4066 0.6211 0.6700
vn -0.2741 0.2604 0.9258
vn -0.3429 0.6582 0.6703
vn -0.3568 0.8611 0.3622
vn -0.4129 0.8393 0.3537
vn -0.4231 0.8356 0.3504
vn -0.4131 0.9103 -0.0273
vn -0.3998 0.9165 -0.0147
vn -0.3417 0.9398 0.0013
vn -0.3878 0.9210 -0.0366
vn -0.3935 0.8496 0.3512
vn -0.3718 0.6326 0.6794
vn -0.2922 0.2411 0.9255
vn 0.0004 -0.7303 0.6831
vn 0.0521 -0.7035 0.7088
vn 0.0181 -0.7239 0.6897
vn -0.0548 -0.5020 0.8631
vn -0.0896 -0.5156 0.8521
vn -0.0646 -0.4950 0.8665
vn -0.2016 -0.2197 0.9545
vn -0.1935 -0.2125 0.9578
vn -0.1536 -0.1950 0.9687
vn -0.1497 -0.1732 0.9735
vn -0.0115 -0.4440 0.8960
vn 0.1237 -0.6500 0.7498
vn 0.1498 0.3109 -0.9386
vn 0.1822 0.0169 -0.9831
vn 0.2019 0.0335 -0.9788
vn 0.1673 0.3209 -0.9322
vn 0.1821 0.0408 -0.9824
vn 0.1446 0.3262 -0.9342
vn 0.1479 0.6089 -0.7794
vn 0.1522 0.6155 -0.7733
vn 0.1136 0.6220 -0.7747
vn 0.1073 0.6110 -0.7844
vn 0.1023 0.3075 -0.9460
vn 0.1341 0.0012 -0.9910
vn 0.2270 -0.8991 -0.3743
vn 0.2002 -0.6677 -0.7170
vn 0.2578 -0.6528 -0.7123
vn 0.2926 -0.8818 -0.3698
vn 0.1525 -0.3217 -0.9345
vn 0.1956 -0.3080 -0.9310
vn 0.2828 -0.9585 0.0369
vn 0.2244 -0.9739 0.0340
vn 0.2377 -0.8669 0.4381
vn 0.1901 -0.8803 0.4347
vn 0.1345 -0.8960 0.4232
vn 0.1618 -0.9865 0.0248
vn 0.1630 -0.9116 -0.3773
vn 0.1480 -0.6827 -0.7156
vn 0.1148 -0.3391 -0.9337
vn -0.0856 0.3285 0.9406
vn 0.0151 0.3473 0.9376
vn -0.0496 0.7307 0.6809
vn -0.1557 0.7158 0.6807
vn -0.0730 0.9215 0.3814
vn -0.1765 0.9087 0.3783
vn -0.1002 0.8963 -0.4321
vn -0.1616 0.9865 0.0274
vn -0.0624 0.9975 0.0339
vn -0.0123 0.9070 -0.4209
vn -0.2551 0.9668 0.0170
vn -0.2711 0.8879 0.3716
vn -0.1869 0.8752 -0.4462
vn -0.2537 0.6912 0.6766
vn -0.1826 0.2997 0.9364
vn 0.1872 -0.6660 0.7220
vn 0.1389 -0.6810 0.7190
vn 0.1440 -0.4313 0.8906
vn 0.0838 -0.4497 0.8892
vn 0.0911 -0.1110 0.9896
vn 0.0112 -0.1316 0.9912
vn -0.0709 -0.1590 0.9847
vn 0.0169 -0.4732 0.8808
vn 0.0820 -0.7005 0.7090
vn 0.0537 0.3062 -0.9505
vn 0.1022 0.0201 -0.9946
vn 0.0651 0.0023 -0.9979
vn 0.0051 0.2864 -0.9581
vn -0.0121 0.6049 -0.7962
vn -0.0785 0.5837 -0.8081
vn 0.0527 0.6180 -0.7844
vn 0.1001 0.3198 -0.9422
vn 0.1407 0.0339 -0.9895
vn 0.2373 -0.9059 -0.3508
vn 0.2010 -0.7409 -0.6408
vn 0.1789 -0.7587 -0.6264
vn 0.2110 -0.9162 -0.3406
vn 0.1319 -0.7756 -0.6173
vn 0.1625 -0.9296 -0.3309
vn 0.2151 -0.9763 -0.0220
vn 0.2365 -0.9714 -0.0218
vn 0.1767 -0.9842 -0.0123
vn 0.1626 -0.9094 0.3828
vn 0.1821 -0.9096 0.3736
vn 0.1916 -0.9063 0.3766
vn 0.2538 -0.9671 -0.0152
vn 0.2600 -0.8961 -0.3597
vn 0.2033 -0.8996 0.3865
vn 0.2247 -0.7194 -0.6572
vn -0.0734 0.4362 0.8969
vn -0.1534 0.4250 0.8921
vn -0.2138 0.7532 0.6221
vn -0.1024 0.7688 0.6313
vn -0.2214 0.3921 0.8929
vn -0.3241 0.7123 0.6225
vn -0.3656 0.8671 0.3383
vn -0.2333 0.9085 0.3466
vn -0.1044 0.9291 0.3548
vn -0.1089 0.9934 0.0372
vn -0.2354 0.9714 0.0327
vn -0.3669 0.9302 0.0146
vn 0.0031 0.9995 0.0306
vn 0.0106 0.9321 0.3622
vn 0.0042 0.7625 0.6470
vn 0.0053 0.4208 0.9072
vn 0.1127 -0.6853 0.7194
vn 0.1172 -0.6851 0.7189
vn 0.1087 -0.6787 0.7264
vn 0.0289 -0.3827 0.9234
vn 0.0332 -0.3865 0.9217
vn 0.0471 -0.3909 0.9192
vn -0.0568 -0.0155 0.9983
vn -0.0150 -0.0183 0.9997
vn -0.0817 -0.0280 0.9963
vn 0.0286 -0.0413 0.9987
vn 0.0683 -0.3999 0.9140
vn 0.1281 -0.6816 0.7205
vn -0.1680 0.2442 -0.9551
vn -0.0865 -0.0801 -0.9930
vn -0.0536 -0.0883 -0.9947
vn -0.1416 0.2509 -0.9576
vn -0.0218 -0.4677 -0.8836
vn 0.0199 -0.4788 -0.8777
vn -0.4135 0.7887 -0.4549
vn -0.2808 0.5369 -0.7955
vn -0.2574 0.5553 -0.7908
vn -0.3899 0.8098 -0.4384
vn -0.4017 0.7906 -0.4621
vn -0.2825 0.5370 -0.7949
vn -0.2447 0.5565 -0.7940
vn -0.1670 0.2708 -0.9480
vn -0.1794 0.2511 -0.9512
vn -0.1035 -0.0611 -0.9927
vn -0.0345 -0.4462 -0.8943
vn -0.0921 -0.0388 -0.9950
vn 0.0613 -0.9468 -0.3160
vn 0.0259 -0.7828 -0.6218
vn 0.0247 -0.7718 -0.6353
vn 0.0705 -0.9459 -0.3167
vn 0.1155 -0.9923 0.0456
vn 0.1015 -0.9944 0.0280
vn 0.1389 -0.8795 0.4552
vn 0.1265 -0.8930 0.4319
vn 0.1385 -0.9039 0.4047
vn 0.1300 -0.9915 0.0060
vn 0.1023 -0.9412 -0.3221
vn 0.0712 -0.7847 -0.6158
vn -0.4814 0.8128 0.3281
vn -0.4145 0.6516 0.6353
vn -0.3856 0.6606 0.6441
vn -0.4517 0.8293 0.3290
vn -0.2688 0.3390 0.9016
vn -0.2473 0.3399 0.9074
vn -0.4620 0.8863 -0.0322
vn -0.4859 0.8737 -0.0236
vn -0.4596 0.8881 -0.0072
vn -0.4570 0.8256 0.3309
vn -0.3984 0.6693 0.6272
vn -0.2641 0.3563 0.8963
vn 0.1120 -0.6257 0.7720
vn 0.1036 -0.6442 0.7578
vn 0.0402 -0.3524 0.9350
vn 0.0318 -0.3635 0.9311
vn -0.0921 -0.0456 0.9947
vn -0.0793 -0.0433 0.9959
vn -0.0942 -0.0411 0.9947
vn 0.0284 -0.3743 0.9269
vn 0.1038 -0.6635 0.7410
vn -0.0467 -0.0227 -0.9986
vn 0.0160 -0.0169 -0.9997
vn -0.1314 0.2900 -0.9480
vn -0.0763 0.3034 -0.9498
vn -0.1044 0.6049 -0.7895
vn -0.1831 0.5809 -0.7931
vn 0.0092 0.6229 -0.7823
vn 0.0176 0.3136 -0.9494
vn 0.2145 0.6170 -0.7571
vn 0.2113 0.3151 -0.9253
vn 0.1195 -0.0140 -0.9927
vn 0.3160 -0.0044 -0.9487
vn 0.7283 -0.2298 -0.6456
vn 0.7817 -0.3328 -0.5274
vn 0.8368 -0.1659 -0.5219
vn 0.8703 -0.2407 -0.4297
vn 0.9141 -0.4055 -0.0051
vn 0.9403 -0.3259 0.0986
vn 0.8328 -0.5165 0.1992
vn 0.8503 -0.5247 0.0416
vn 0.7553 -0.4290 0.4954
vn 0.6941 -0.2259 0.6835
vn 0.9415 -0.2349 0.2417
vn 0.9284 -0.1112 0.3545
vn 0.9866 -0.0337 0.1594
vn 0.9913 -0.0971 0.0890
vn 0.9909 -0.1291 0.0389
vn 0.9959 0.0592 0.0688
vn 0.9280 0.0680 0.3664
vn 0.9910 0.0540 -0.1227
vn 0.9932 0.1160 -0.0017
vn 0.9909 0.0665 -0.1173
vn 0.9279 0.2520 0.2748
vn 0.6875 0.0716 0.7226
vn 0.7044 0.3940 0.5905
vn 0.8837 0.4657 0.0476
vn 0.6876 0.7116 0.1442
vn 0.7044 0.6134 0.3571
vn 0.9203 0.3677 0.1336
vn 0.9886 0.1424 -0.0485
vn 0.9869 0.1454 -0.0703
vn 0.9914 0.0386 -0.1251
vn 0.9919 0.0327 -0.1231
vn 0.8027 0.5886 -0.0957
vn 0.6545 0.7517 -0.0812
vn 0.8180 0.4839 -0.3110
vn 0.5949 0.7085 -0.3797
vn 0.5320 0.5330 -0.6580
vn 0.5231 0.2821 -0.8043
vn 0.8182 0.3575 -0.4502
vn 0.7201 0.2552 -0.6452
vn 0.9406 0.2370 -0.2432
vn 0.9418 0.2361 -0.2392
vn 0.6004 0.0142 -0.7995
vn 0.7495 0.0249 -0.6615
vn -0.0516 -0.5177 -0.8540
vn -0.0274 -0.8129 -0.5818
vn -0.0146 -0.8105 -0.5855
vn -0.0294 -0.4384 -0.8983
vn -0.0016 -0.9343 -0.3565
vn -0.0015 -0.8967 -0.4426
vn 0.2098 -0.3370 0.9178
vn 0.2320 -0.3324 0.9142
vn 0.1914 -0.6717 0.7157
vn 0.1653 -0.6773 0.7169
vn 0.2755 -0.3111 0.9096
vn 0.2252 -0.6538 0.7224
vn 0.1897 -0.7994 0.5700
vn 0.1653 -0.8057 0.5689
vn 0.1138 -0.8898 0.4419
vn 0.2600 0.0730 0.9628
vn 0.2924 0.0845 0.9525
vn 0.2390 0.0712 0.9684
vn 0.2414 0.5123 0.8242
vn 0.2630 0.5110 0.8183
vn 0.2783 0.5224 0.8060
vn 0.1795 0.9417 0.2844
vn 0.2009 0.9386 0.2806
vn 0.2343 0.8071 0.5419
vn 0.2128 0.8098 0.5468
vn 0.2180 0.9352 0.2789
vn 0.2495 0.8111 0.5291
vn 0.1410 0.9900 -0.0019
vn 0.1649 0.9847 0.0573
vn 0.0834 0.9173 -0.3893
vn 0.0875 0.9212 -0.3792
vn 0.1984 0.9672 0.1585
vn 0.0161 0.6572 -0.7536
vn 0.0209 0.6662 -0.7455
vn -0.0311 0.3038 -0.9522
vn -0.0211 0.3184 -0.9477
vn -0.0544 -0.0956 -0.9939
vn -0.0332 -0.1554 -0.9873
vn 0.1229 -0.2747 -0.9536
vn 0.1444 -0.2744 -0.9507
vn 0.2722 -0.2435 -0.9309
vn 0.2750 -0.2587 -0.9260
vn 0.0369 -0.9292 0.3678
vn 0.0837 -0.9272 0.3651
vn 0.0190 -0.9997 -0.0149
vn -0.0406 -0.9991 -0.0098
vn 0.0401 -0.9991 -0.0131
vn -0.0223 -0.9512 -0.3079
vn -0.0841 -0.9503 -0.2998
vn -0.1166 -0.5255 -0.8427
vn -0.1115 -0.8164 -0.5666
vn -0.0529 -0.8152 -0.5768
vn -0.0717 -0.5218 -0.8500
vn -0.1985 -0.8106 -0.5510
vn -0.1759 -0.9422 -0.2851
vn -0.1870 -0.5235 -0.8312
vn -0.2846 -0.5090 -0.8123
vn -0.3189 -0.7878 -0.5270
vn -0.3022 -0.9170 -0.2605
vn -0.1287 -0.9917 0.0017
vn -0.2500 -0.9680 0.0241
vn -0.1358 -0.9093 0.3933
vn -0.0356 -0.9257 0.3766
vn 0.3031 0.5052 0.8080
vn 0.2595 0.5117 0.8191
vn 0.2481 0.0705 0.9662
vn 0.2707 0.0652 0.9605
vn 0.2084 -0.3399 0.9171
vn 0.2072 -0.3461 0.9150
vn 0.1535 -0.6812 0.7158
vn 0.1288 -0.6869 0.7153
vn 0.0859 -0.6898 0.7188
vn 0.2003 -0.3532 0.9139
vn 0.0273 -0.6843 0.7287
vn 0.1905 -0.3588 0.9137
vn 0.3009 0.0548 0.9521
vn 0.3661 0.4895 0.7914
vn 0.3412 0.0372 0.9392
vn 0.4501 0.4585 0.7662
vn 0.1477 0.9066 -0.3954
vn 0.1023 0.9152 -0.3899
vn 0.1644 0.9864 -0.0045
vn 0.2197 0.9755 -0.0129
vn 0.2036 0.9381 0.2801
vn 0.2609 0.9271 0.2690
vn 0.2901 0.7977 0.5287
vn 0.2356 0.8072 0.5412
vn 0.3694 0.7772 0.5094
vn 0.3440 0.9048 0.2510
vn 0.4757 0.7370 0.4802
vn 0.4554 0.8620 0.2225
vn 0.3001 0.9535 -0.0284
vn 0.4072 0.9117 -0.0535
vn 0.3001 0.8540 -0.4250
vn 0.2129 0.8886 -0.4063
vn -0.0298 0.2946 -0.9552
vn -0.0870 -0.1072 -0.9904
vn -0.0650 -0.1002 -0.9928
vn -0.0315 0.3011 -0.9531
vn 0.0511 0.6498 -0.7584
vn 0.0261 0.6559 -0.7544
vn 0.0849 0.6381 -0.7653
vn 0.1307 0.6170 -0.7760
vn -0.0362 0.2798 -0.9594
vn -0.0329 0.2869 -0.9574
vn -0.1263 -0.1114 -0.9857
vn -0.1808 -0.1072 -0.9777
vn -0.4739 -0.6801 0.5594
vn -0.4748 -0.6997 0.5339
vn -0.7011 -0.6838 0.2021
vn -0.7136 -0.6615 0.2305
vn -0.4509 -0.7367 0.5040
vn -0.6597 -0.7326 0.1677
vn -0.7382 -0.6636 -0.1212
vn -0.7872 -0.6091 -0.0970
vn -0.8089 -0.5817 -0.0853
vn -0.6271 -0.2621 -0.7335
vn -0.7916 -0.4581 -0.4044
vn -0.7748 -0.4915 -0.3977
vn -0.6242 -0.2923 -0.7246
vn -0.7304 -0.5475 -0.4085
vn -0.5974 -0.3365 -0.7279
vn -0.7722 -0.4202 -0.4765
vn -0.8158 -0.5736 -0.0736
vn -0.6085 -0.2491 -0.7534
vn -0.6862 -0.6645 0.2957
vn -0.4512 -0.6793 0.5788
vn 0.7918 -0.0116 0.6106
vn 0.7812 0.0634 0.6210
vn 0.4999 -0.2248 0.8364
vn 0.4966 -0.2755 0.8231
vn 0.7481 0.1592 0.6442
vn 0.4889 -0.1586 0.8578
vn 0.1829 -0.4239 0.8870
vn 0.1834 -0.4476 0.8752
vn 0.1858 -0.4651 0.8655
vn -0.1419 -0.6084 0.7809
vn -0.1344 -0.6003 0.7884
vn -0.1351 -0.6217 0.7715
vn -0.1170 -0.6074 0.7857
vn 0.1983 -0.4876 0.8503
vn 0.5016 -0.3190 0.8041
vn 0.7928 -0.0796 0.6043
vn 0.6371 0.4022 -0.6575
vn 0.6296 0.4687 -0.6195
vn 0.8319 0.4836 -0.2722
vn 0.8585 0.4084 -0.3100
vn 0.5989 0.5584 -0.5740
vn 0.7834 0.5801 -0.2232
vn 0.8506 0.5223 0.0604
vn 0.9066 0.4215 0.0203
vn 0.9402 0.3404 -0.0105
vn 0.9340 0.2154 0.2849
vn 0.9051 0.2964 0.3050
vn 0.8539 0.3994 0.3338
vn 0.9511 0.1329 0.2790
vn 0.9648 0.2600 -0.0398
vn 0.8704 0.3392 -0.3568
vn 0.6349 0.3434 -0.6921
vn -0.0253 0.1438 -0.9893
vn -0.3325 -0.0352 -0.9424
vn -0.3393 -0.0450 -0.9396
vn -0.0284 0.1655 -0.9858
vn -0.3321 -0.0579 -0.9415
vn -0.0303 0.1951 -0.9803
vn 0.2948 0.2932 -0.9095
vn 0.2985 0.3437 -0.8904
vn 0.2872 0.4113 -0.8651
vn 0.3008 0.2465 -0.9213
vn -0.0115 0.1163 -0.9931
vn -0.3152 -0.0422 -0.9481
vn -0.3325 -0.8336 0.4411
vn -0.2421 -0.8772 0.4146
vn -0.3824 -0.9223 0.0550
vn -0.4971 -0.8630 0.0902
vn -0.4405 -0.8687 -0.2267
vn -0.5615 -0.8053 -0.1903
vn -0.4770 -0.4386 -0.7617
vn -0.5648 -0.6845 -0.4610
vn -0.4503 -0.7437 -0.4941
vn -0.3879 -0.4805 -0.7865
vn -0.6582 -0.6170 -0.4315
vn -0.6607 -0.7346 -0.1544
vn -0.5469 -0.3892 -0.7412
vn -0.5895 -0.7975 0.1283
vn -0.4023 -0.7849 0.4712
vn 0.6235 0.3395 0.7043
vn 0.5415 0.4074 0.7354
vn 0.3873 0.0054 0.9219
vn 0.4310 -0.0395 0.9015
vn 0.1843 -0.3696 0.9107
vn 0.1826 -0.3838 0.9052
vn -0.0310 -0.6734 0.7386
vn -0.0795 -0.6574 0.7494
vn -0.1142 -0.6393 0.7604
vn 0.1823 -0.4013 0.8976
vn 0.4646 -0.0941 0.8805
vn 0.6924 0.2559 0.6746
vn 0.4755 0.7326 -0.4870
vn 0.3934 0.8001 -0.4528
vn 0.5215 0.8488 -0.0875
vn 0.6220 0.7727 -0.1267
vn 0.5738 0.7976 0.1860
vn 0.6783 0.7198 0.1473
vn 0.6898 0.5986 0.4073
vn 0.5892 0.6751 0.4441
vn 0.7782 0.5070 0.3707
vn 0.7707 0.6284 0.1054
vn 0.7095 0.6834 -0.1719
vn 0.5446 0.6514 -0.5282
vn -0.0360 0.2481 -0.9681
vn -0.2793 -0.0878 -0.9562
vn -0.2343 -0.0998 -0.9670
vn -0.0372 0.2668 -0.9630
vn 0.1803 0.5824 -0.7927
vn 0.2252 0.5361 -0.8136
vn 0.2621 0.4778 -0.8385
vn -0.0329 0.2238 -0.9741
vn -0.3120 -0.0733 -0.9472
vn 0.2172 -0.7893 -0.5743
vn 0.0172 -0.6903 -0.7234
vn 0.0828 -0.5438 -0.8351
vn 0.3298 -0.6674 -0.6677
vn -0.2608 -0.4852 -0.8346
vn -0.2352 -0.3042 -0.9231
vn -0.2185 -0.1813 -0.9589
vn 0.1308 -0.4150 -0.9004
vn 0.4153 -0.5458 -0.7278
vn 0.1762 -0.2944 -0.9393
vn 0.4864 -0.4177 -0.7674
vn -0.2001 -0.0899 -0.9756
vn -0.1692 -0.0138 -0.9855
vn 0.2269 -0.1740 -0.9583
vn 0.5467 -0.2790 -0.7895
vn 0.7391 -0.4625 -0.4898
vn 0.6664 -0.5777 -0.4714
vn 0.7919 -0.3394 -0.5077
vn 0.9355 -0.3392 -0.0991
vn 0.9029 -0.4208 -0.0875
vn 0.8564 -0.5084 -0.0904
vn 0.5664 -0.6929 -0.4461
vn 0.4200 -0.8157 -0.3978
vn 0.7804 -0.6172 -0.0997
vn 0.6363 -0.7644 -0.1045
vn -0.9530 0.2816 0.1117
vn -0.9840 0.1279 0.1243
vn -0.8515 0.0374 0.5231
vn -0.8210 0.2216 0.5261
vn -0.9868 -0.1053 0.1229
vn -0.8506 -0.2047 0.4844
vn -0.6512 -0.2838 0.7038
vn -0.6334 -0.0477 0.7724
vn -0.5922 0.1407 0.7934
vn 0.1296 -0.0593 0.9898
vn -0.2855 0.0527 0.9569
vn -0.3434 -0.1230 0.9311
vn 0.0672 -0.2042 0.9766
vn -0.3933 -0.3479 0.8511
vn -0.0135 -0.4115 0.9113
vn -0.2190 0.2170 0.9513
vn -0.5308 0.3187 0.7853
vn 0.1895 0.0706 0.9793
vn 0.2473 0.1928 0.9496
vn -0.1434 0.3779 0.9147
vn -0.4476 0.4904 0.7477
vn -0.7673 0.3890 0.5099
vn -0.6880 0.5473 0.4765
vn -0.8454 0.5300 0.0668
vn -0.9064 0.4124 0.0914
vn -0.7500 0.2066 -0.6284
vn -0.5363 0.0605 -0.8419
vn -0.5483 -0.0387 -0.8354
vn -0.7724 0.1177 -0.6241
vn -0.5629 -0.2334 -0.7928
vn -0.7940 -0.0752 -0.6033
vn -0.9355 0.1678 -0.3109
vn -0.9037 0.2768 -0.3266
vn -0.9556 -0.0401 -0.2920
vn -0.8695 0.3573 -0.3411
vn -0.7308 0.2592 -0.6314
vn -0.8358 0.4223 -0.3509
vn -0.7139 0.2941 -0.6355
vn -0.5254 0.1186 -0.8425
vn -0.5096 0.1567 -0.8460
vn 0.4450 -0.7337 0.5134
vn 0.5034 -0.6853 0.5262
vn 0.6108 -0.4345 0.6620
vn 0.5918 -0.4680 0.6563
vn 0.5300 -0.6483 0.5467
vn 0.6084 -0.4071 0.6813
vn 0.6180 -0.2004 0.7602
vn 0.6366 -0.1908 0.7472
vn 0.6404 -0.1963 0.7426
vn 0.5744 0.0848 0.8142
vn 0.5966 0.1215 0.7932
vn 0.5472 0.0137 0.8369
vn 0.2934 0.4055 0.8657
vn 0.3399 0.4962 0.7989
vn 0.3998 0.5412 0.7398
vn 0.4351 0.5745 0.6933
vn 0.6076 0.1393 0.7820
vn 0.4525 0.5971 0.6623
vn 0.6050 0.1476 0.7825
vn 0.6081 -0.2313 0.7594
vn 0.6301 -0.2123 0.7470
vn 0.5585 -0.5059 0.6574
vn 0.5169 -0.5402 0.6641
vn 0.3297 -0.8082 0.4879
vn 0.3885 -0.7770 0.4953
vn 0.5823 0.6636 -0.4697
vn 0.8834 0.4503 -0.1298
vn 0.9896 0.1126 -0.0898
vn 0.6492 0.2995 -0.6992
vn 0.9664 0.2474 0.0702
vn 0.9848 -0.0499 0.1662
vn 0.8530 -0.4508 0.2629
vn 0.8372 -0.5463 -0.0237
vn 0.4317 -0.4881 -0.7586
vn 0.0514 -0.9004 -0.4319
vn 0.5964 -0.7843 0.1707
vn 0.5894 -0.7521 0.2947
vn 0.3531 -0.8937 0.2768
vn 0.3372 -0.9107 0.2384
vn -0.6250 -0.1779 -0.7601
vn -0.2816 -0.2672 -0.9216
vn -0.5456 -0.3536 -0.7598
vn -0.6527 -0.1511 -0.7424
vn 0.2233 0.5247 -0.8215
vn 0.3125 0.7521 -0.5802
vn -0.1767 -0.9842 0.0117
vn 0.0333 -0.9701 0.2405
vn 0.0419 -0.9698 0.2403
vn -0.1680 -0.9858 0.0012
vn 0.2718 -0.8284 0.4898
vn 0.2789 -0.8213 0.4976
vn 0.3090 -0.8074 0.5026
vn 0.0775 -0.9700 0.2306
vn -0.1389 -0.9901 -0.0216
vn -0.5781 -0.6672 -0.4698
vn -0.3790 -0.8990 -0.2196
vn -0.3718 -0.8980 -0.2355
vn -0.5745 -0.6595 -0.4847
vn -0.3553 -0.8971 -0.2625
vn -0.5671 -0.6512 -0.5043
vn -0.3786 -0.9028 -0.2040
vn -0.1694 -0.9852 0.0259
vn -0.5796 -0.6754 -0.4560
vn -0.5791 -0.6882 -0.4371
vn -0.3697 -0.9115 -0.1802
vn -0.1437 -0.9884 0.0498
vn 0.0463 -0.9682 0.2457
vn 0.0847 -0.9621 0.2592
vn 0.2875 -0.8254 0.4859
vn -0.3716 0.8197 -0.4359
vn -0.3276 0.8143 -0.4792
vn -0.0384 0.9753 -0.2173
vn -0.1021 0.9822 -0.1577
vn -0.2699 0.7801 -0.5644
vn 0.0376 0.9487 -0.3138
vn 0.2539 0.9631 -0.0895
vn 0.1633 0.9866 0.0049
vn 0.0947 0.9930 0.0712
vn 0.3400 0.9084 0.2434
vn 0.2774 0.9111 0.3050
vn 0.4326 0.8869 0.1622
vn 0.5990 0.6339 0.4892
vn 0.5254 0.6513 0.5475
vn 0.4850 0.6421 0.5937
vn 0.4637 0.6205 0.6325
vn 0.2328 0.9047 0.3567
vn 0.1972 0.8940 0.4023
vn -0.0159 0.9875 0.1570
vn 0.0381 0.9921 0.1192
vn -0.1611 0.9788 -0.1264
vn -0.4185 0.8044 -0.4216
vn -0.2237 0.9684 -0.1101
vn -0.4696 0.7757 -0.4218
vn -0.7039 0.0689 -0.7069
vn -0.6957 -0.3082 -0.6489
vn -0.6913 -0.2966 -0.6589
vn -0.6930 0.0790 -0.7166
vn -0.6820 -0.2920 -0.6705
vn -0.6727 0.0662 -0.7369
vn -0.6056 0.4628 -0.6474
vn -0.5805 0.4667 -0.6672
vn -0.5431 0.4349 -0.7183
vn -0.6301 0.4380 -0.6412
vn -0.7121 0.0479 -0.7005
vn -0.6536 0.4016 -0.6415
vn -0.7184 0.0220 -0.6953
vn -0.6979 -0.3228 -0.6394
vn -0.6999 -0.3397 -0.6282
vn 0.5060 -0.8085 0.3003
vn 0.4899 -0.7983 0.3504
vn 0.6123 -0.5001 0.6123
vn 0.6289 -0.5122 0.5848
vn 0.4641 -0.7904 0.3999
vn 0.5859 -0.4942 0.6422
vn 0.5880 -0.1880 0.7867
vn 0.6156 -0.1782 0.7676
vn 0.6280 -0.1806 0.7570
vn 0.5177 0.1588 0.8407
vn 0.5236 0.1686 0.8351
vn 0.4907 0.1341 0.8610
vn 0.2650 0.4977 0.8259
vn 0.2927 0.5300 0.7959
vn 0.2939 0.5426 0.7869
vn 0.2839 0.5395 0.7927
vn 0.5208 0.1637 0.8378
vn 0.2691 0.5193 0.8111
vn 0.5146 0.1436 0.8453
vn 0.6381 -0.2122 0.7402
vn 0.6342 -0.1925 0.7488
vn 0.6428 -0.5261 0.5568
vn 0.6567 -0.5390 0.5275
vn 0.5576 -0.8059 0.1992
vn 0.5297 -0.8114 0.2471
vn 0.2737 -0.8980 0.3446
vn 0.3867 -0.7795 0.4929
vn 0.4279 -0.7827 0.4519
vn 0.2474 -0.9510 0.1854
vn 0.2386 -0.9674 0.0848
vn 0.0293 -0.9818 -0.1875
vn 0.0154 -0.9883 -0.1518
vn -0.5202 -0.6225 -0.5848
vn -0.4113 -0.7814 -0.4693
vn -0.2491 -0.8524 -0.4598
vn -0.4498 -0.6053 -0.6567
vn -0.1711 -0.8721 -0.4585
vn -0.3917 -0.5877 -0.7080
vn -0.5733 -0.6250 -0.5298
vn -0.4711 -0.7741 -0.4230
vn -0.5847 -0.6122 -0.5324
vn -0.4681 -0.7644 -0.4433
vn 0.4156 -0.7587 0.5017
vn 0.3750 -0.7717 0.5137
vn 0.2644 -0.8887 0.3746
vn 0.3099 -0.8800 0.3599
vn -0.7779 0.6094 -0.1532
vn -0.7395 0.6439 -0.1966
vn -0.5508 0.8185 0.1634
vn -0.5761 0.7946 0.1916
vn -0.6659 0.7033 -0.2490
vn -0.4887 0.8650 0.1143
vn -0.2738 0.8739 0.4016
vn -0.3265 0.8338 0.4453
vn -0.3472 0.8160 0.4621
vn -0.0770 0.7289 0.6802
vn -0.1015 0.7143 0.6924
vn -0.0278 0.7669 0.6412
vn 0.2152 0.4627 0.8600
vn 0.1855 0.4502 0.8734
vn -0.0722 0.7427 0.6657
vn -0.3167 0.8427 0.4353
vn 0.2072 0.4727 0.8565
vn 0.2766 0.5160 0.8107
vn 0.0038 0.7964 0.6048
vn -0.2409 0.8976 0.3691
vn -0.5520 0.8157 0.1731
vn -0.4835 0.8687 0.1077
vn -0.7223 0.6582 -0.2122
vn -0.7715 0.6171 -0.1551
vn -0.7875 0.0186 -0.6161
vn -0.6846 -0.2746 -0.6752
vn -0.6207 -0.2433 -0.7454
vn -0.7314 0.0655 -0.6788
vn -0.5683 -0.2035 -0.7973
vn -0.6703 0.1239 -0.7317
vn -0.7883 0.3468 -0.5082
vn -0.8383 0.3028 -0.4533
vn -0.7167 0.4145 -0.5609
vn -0.8526 0.2928 -0.4329
vn -0.8264 0.3116 -0.4690
vn -0.8084 0.0046 -0.5886
vn -0.8183 -0.0011 -0.5748
vn -0.7299 -0.2872 -0.6203
vn -0.7323 -0.2827 -0.6196
vn 0.6657 -0.1879 0.7222
vn 0.5696 -0.4936 0.6572
vn 0.5322 -0.5008 0.6827
vn 0.6380 -0.1811 0.7485
vn 0.4246 -0.7864 0.4487
vn 0.3620 -0.7959 0.4853
vn 0.4963 -0.5112 0.7017
vn 0.6066 -0.1773 0.7750
vn 0.7055 0.1871 0.6835
vn 0.7366 0.1631 0.6563
vn 0.6563 0.2135 0.7236
vn 0.6788 0.5944 0.4312
vn 0.7153 0.5674 0.4080
vn 0.6918 0.5717 0.4410
vn 0.7346 0.1581 0.6598
vn 0.6068 0.5910 0.5315
vn 0.6916 0.1654 0.7031
vn 0.6741 -0.1808 0.7162
vn 0.6820 -0.1885 0.7066
vn 0.6059 -0.4851 0.6305
vn 0.4881 -0.7734 0.4045
vn 0.6222 -0.4725 0.6241
vn 0.5163 -0.7591 0.3965
vn -0.0065 -0.9894 -0.1454
vn 0.2206 -0.9653 0.1397
vn 0.3048 -0.9496 0.0728
vn 0.0759 -0.9718 -0.2232
vn 0.3284 -0.9420 0.0695
vn 0.0839 -0.9697 -0.2294
vn -0.2039 -0.8689 -0.4510
vn -0.2629 -0.8852 -0.3838
vn -0.2068 -0.8621 -0.4626
vn -0.4910 -0.6051 -0.6267
vn -0.4856 -0.6169 -0.6194
vn -0.5139 -0.6306 -0.5816
vn -0.5449 -0.6419 -0.5395
vn -0.3194 -0.8940 -0.3143
vn -0.0856 -0.9938 -0.0703
vn 0.1381 -0.9703 0.1988
vn -0.2208 0.7014 -0.6777
vn -0.2709 0.7081 -0.6521
vn 0.0549 0.9153 -0.3991
vn 0.1143 0.8897 -0.4421
vn -0.3835 0.7386 -0.5544
vn -0.0766 0.9572 -0.2791
vn 0.1742 0.9845 -0.0212
vn 0.3013 0.9418 -0.1492
vn 0.3541 0.9130 -0.2023
vn 0.5112 0.8509 0.1210
vn 0.5520 0.8311 0.0680
vn 0.3981 0.8847 0.2425
vn 0.5212 0.8489 0.0880
vn 0.3341 0.9258 -0.1771
vn 0.1033 0.9071 -0.4079
vn -0.2233 0.7326 -0.6430
vn -0.6379 -0.2868 -0.7147
vn -0.6464 -0.2925 -0.7047
vn -0.6514 -0.2779 -0.7060
vn -0.6792 0.0257 -0.7335
vn -0.6440 0.0236 -0.7647
vn -0.6403 0.0272 -0.7676
vn -0.5103 0.3587 -0.7816
vn -0.5325 0.3510 -0.7702
vn -0.6051 0.3602 -0.7101
vn -0.5166 0.3888 -0.7628
vn -0.6527 0.0417 -0.7565
vn -0.6641 -0.2933 -0.6877
vn 0.5120 -0.2043 0.8343
vn 0.5111 -0.4860 0.7089
vn 0.5098 -0.4732 0.7185
vn 0.5117 -0.1952 0.8367
vn 0.5443 -0.4604 0.7012
vn 0.5511 -0.1810 0.8146
vn 0.4131 0.0973 0.9055
vn 0.4216 0.1089 0.9002
vn 0.4749 0.1332 0.8699
vn 0.4449 0.1079 0.8890
vn 0.5472 -0.2006 0.8126
vn 0.5490 -0.4913 0.6762
vn 0.4957 -0.7437 0.4485
vn 0.4660 -0.7477 0.4731
vn 0.2857 -0.9298 0.2321
vn 0.2672 -0.9506 0.1582
vn -0.0324 -0.9919 -0.1226
vn -0.0127 -0.9907 -0.1357
vn -0.3644 -0.8339 -0.4144
vn -0.2967 -0.8681 -0.3980
vn -0.5654 -0.5987 -0.5673
vn -0.5460 -0.5939 -0.5909
vn -0.5224 -0.5956 -0.6102
vn -0.2572 -0.8644 -0.4321
vn 0.0342 -0.9827 -0.1820
vn 0.3016 -0.9462 0.1168
vn 0.5114 -0.7477 0.4235
vn -0.5884 0.7262 -0.3556
vn -0.6564 0.6984 -0.2852
vn -0.4005 0.9158 0.0294
vn -0.3172 0.9471 -0.0487
vn -0.1537 0.9443 0.2912
vn -0.0683 0.9747 0.2127
vn 0.4244 0.5761 0.6985
vn 0.1706 0.8713 0.4600
vn 0.0892 0.8415 0.5328
vn 0.3542 0.5524 0.7546
vn 0.2672 0.8895 0.3706
vn 0.0340 0.9927 0.1157
vn 0.5030 0.5908 0.6308
vn -0.2163 0.9655 -0.1453
vn -0.5040 0.7434 -0.4397
vn -0.7127 -0.2743 -0.6456
vn -0.6949 -0.2708 -0.6662
vn -0.7799 0.0153 -0.6258
vn -0.7529 0.0219 -0.6577
vn -0.7828 0.3340 -0.5250
vn -0.7389 0.3495 -0.5761
vn -0.6852 0.3593 -0.6336
vn -0.7220 0.0250 -0.6914
vn -0.6755 -0.2716 -0.6855
vn 0.6267 -0.1710 0.7603
vn 0.6063 -0.4537 0.6531
vn 0.6182 -0.4607 0.6369
vn 0.6511 -0.1744 0.7386
vn 0.5839 0.1620 0.7955
vn 0.6326 0.1660 0.7565
vn 0.5352 0.1521 0.8309
vn 0.5961 -0.1721 0.7842
vn 0.5841 -0.4528 0.6736
vn 0.4836 -0.5578 0.6745
vn 0.4722 -0.5536 0.6860
vn 0.5873 -0.2357 0.7743
vn 0.5811 -0.2192 0.7838
vn 0.5978 0.1637 0.7847
vn 0.6009 0.1915 0.7760
vn 0.6176 0.2148 0.7566
vn 0.5878 -0.1930 0.7856
vn 0.4785 -0.5341 0.6969
vn 0.1462 -0.9493 0.2783
vn 0.2089 -0.9275 0.3101
vn -0.0945 -0.9919 0.0844
vn -0.0277 -0.9916 0.1262
vn -0.5817 -0.7668 -0.2713
vn -0.2958 -0.9537 -0.0540
vn -0.3480 -0.9279 -0.1337
vn -0.5828 -0.7153 -0.3857
vn -0.1800 -0.9833 0.0252
vn 0.0768 -0.9885 0.1300
vn -0.5419 -0.8362 -0.0840
vn -0.2712 -0.9625 0.0016
vn -0.0067 -0.9998 -0.0200
vn 0.1787 -0.9768 0.1176
vn 0.3012 -0.9000 0.3152
vn 0.3717 -0.8681 0.3289
vn -0.1383 0.9624 0.2339
vn -0.3733 0.9253 -0.0669
vn -0.2952 0.9508 -0.0939
vn -0.0723 0.9782 0.1944
vn -0.6107 0.6881 -0.3919
vn -0.5320 0.7356 -0.4194
vn 0.1584 0.8794 0.4489
vn 0.1033 0.8561 0.5064
vn 0.0471 0.8215 0.5683
vn -0.0412 0.7562 0.6530
vn -0.2849 0.8589 0.4257
vn -0.2126 0.9286 0.3042
vn -0.4765 0.8788 0.0241
vn -0.5768 0.7935 0.1941
vn -0.8827 0.4661 -0.0607
vn -0.7363 0.6099 -0.2931
vn -0.7839 -0.0779 -0.6159
vn -0.7543 -0.4331 -0.4934
vn -0.7147 -0.3697 -0.5937
vn -0.7355 -0.0142 -0.6774
vn -0.7509 0.2849 -0.5958
vn -0.6872 0.3539 -0.6344
vn -0.8617 0.1718 -0.4775
vn -0.8741 -0.2144 -0.4358
vn -0.9864 -0.0383 -0.1597
vn -0.8879 -0.4595 0.0238
vn -0.7854 -0.5672 -0.2480
vn -0.6574 -0.7360 0.1619
vn 0.2371 -0.8431 -0.4827
vn 0.4249 -0.8710 -0.2465
vn 0.4648 -0.8286 -0.3122
vn 0.2689 -0.7902 -0.5507
vn 0.6085 -0.7871 0.1015
vn 0.6485 -0.7599 0.0453
vn 0.7212 -0.6924 -0.0208
vn 0.5431 -0.7418 -0.3934
vn 0.3374 -0.6903 -0.6401
vn -0.2750 -0.4530 -0.8480
vn 0.0196 -0.7316 -0.6814
vn 0.0411 -0.6712 -0.7402
vn -0.2629 -0.3963 -0.8797
vn 0.0909 -0.5649 -0.8201
vn -0.2344 -0.3032 -0.9236
vn 0.0059 -0.7742 -0.6330
vn 0.2152 -0.8795 -0.4244
vn -0.2814 -0.4932 -0.8232
vn -0.2893 -0.5220 -0.8024
vn -0.0129 -0.8070 -0.5904
vn 0.1914 -0.9089 -0.3705
vn 0.3976 -0.8981 -0.1882
vn 0.5810 -0.7995 0.1527
vn 0.3728 -0.9182 -0.1336
vn -0.5873 0.8035 -0.0973
vn -0.5984 0.7991 -0.0580
vn -0.4242 0.8603 0.2829
vn -0.4220 0.8740 0.2409
vn -0.6237 0.7813 -0.0244
vn -0.4388 0.8387 0.3227
vn -0.2411 0.7896 0.5642
vn -0.2379 0.8155 0.5276
vn -0.2381 0.8379 0.4912
vn -0.0193 0.6906 0.7230
vn -0.0236 0.7195 0.6941
vn -0.0139 0.6634 0.7481
vn 0.2922 0.4069 0.8655
vn 0.2751 0.4296 0.8601
vn 0.2640 0.4578 0.8489
vn 0.2611 0.4884 0.8326
vn -0.0230 0.7486 0.6626
vn -0.0130 0.7769 0.6295
vn -0.2253 0.8843 0.4090
vn -0.2330 0.8622 0.4498
vn -0.4129 0.8902 0.1923
vn -0.5761 0.8053 -0.1403
vn -0.4057 0.9018 0.1488
vn -0.5672 0.8036 -0.1802
vn -0.6542 0.3103 -0.6898
vn -0.5324 -0.0443 -0.8453
vn -0.5285 -0.0113 -0.8488
vn -0.6604 0.3217 -0.6785
vn -0.5176 0.0388 -0.8548
vn -0.6662 0.3336 -0.6670
vn -0.6724 0.5931 -0.4428
vn -0.6870 0.5941 -0.4185
vn -0.7077 0.5856 -0.3953
vn -0.6607 0.5866 -0.4684
vn -0.6464 0.2979 -0.7025
vn -0.6490 0.5757 -0.4973
vn -0.6357 0.2835 -0.7180
vn -0.5320 -0.0690 -0.8440
vn -0.5281 -0.0884 -0.8445
vn 0.8921 -0.4384 -0.1097
vn 0.8153 -0.5732 -0.0821
vn 0.8437 -0.4255 0.3273
vn 0.8889 -0.3427 0.3040
vn 0.7813 -0.5036 0.3688
vn 0.7236 -0.2484 0.6439
vn 0.7633 -0.2126 0.6101
vn 0.7895 -0.1749 0.5883
vn 0.5971 0.0583 0.8001
vn 0.6112 0.0550 0.7896
vn 0.5697 0.0578 0.8198
vn 0.3069 0.3832 0.8712
vn 0.3075 0.3477 0.8857
vn 0.2895 0.2898 0.9123
vn 0.6097 0.0362 0.7918
vn 0.5915 -0.0134 0.8062
vn 0.7940 -0.1608 0.5863
vn 0.8006 -0.1501 0.5801
vn 0.9150 -0.2738 0.2962
vn 0.9359 -0.3344 -0.1106
vn 0.9145 -0.2671 0.3039
vn 0.5187 -0.3515 -0.7794
vn 0.7473 -0.4234 -0.5121
vn 0.7979 -0.3082 -0.5181
vn 0.5612 -0.2344 -0.7938
vn 0.2459 -0.1395 -0.9592
vn 0.2176 -0.2501 -0.9435
vn -0.1551 0.0015 -0.9879
vn -0.1709 -0.0773 -0.9822
vn 0.1635 -0.4079 -0.8983
vn 0.4366 -0.5286 -0.7280
vn -0.1954 -0.1826 -0.9636
vn 0.6531 -0.5934 -0.4704
vn -0.3011 0.7047 0.6425
vn -0.5287 0.7511 0.3955
vn -0.6004 0.6718 0.4337
vn -0.3629 0.6240 0.6920
vn -0.7166 0.6970 0.0238
vn -0.7780 0.6268 0.0435
vn -0.0764 0.5055 0.8594
vn -0.0354 0.5828 0.8119
vn -0.0161 0.6311 0.7755
vn -0.2612 0.7547 0.6018
vn -0.4757 0.8023 0.3606
vn -0.6652 0.7466 0.0025
vn -0.4996 0.1654 -0.8503
vn -0.5019 0.1356 -0.8542
vn -0.6991 0.3183 -0.6403
vn -0.6868 0.3319 -0.6466
vn -0.7672 0.5267 -0.3661
vn -0.8014 0.4790 -0.3581
vn -0.7353 0.5627 -0.3778
vn -0.6747 0.3390 -0.6556
vn -0.5054 0.0952 -0.8576
vn 0.8974 -0.3119 0.3122
vn 0.8755 -0.3721 0.3085
vn 0.7766 -0.2023 0.5966
vn 0.7544 -0.2597 0.6028
vn 0.5608 -0.0851 0.8236
vn 0.5204 -0.1691 0.8370
vn 0.4693 -0.2751 0.8391
vn 0.7191 -0.3487 0.6011
vn 0.3800 -0.4612 0.8018
vn 0.6326 -0.5234 0.5708
vn 0.8338 -0.4668 0.2947
vn 0.7256 -0.6356 0.2637
vn 0.6727 -0.5503 0.4946
vn 0.6946 -0.5548 0.4580
vn 0.6453 -0.2356 0.7267
vn 0.6608 -0.2538 0.7063
vn 0.5137 0.1146 0.8503
vn 0.5231 0.0880 0.8477
vn 0.5419 0.0666 0.8378
vn 0.6858 -0.2624 0.6789
vn 0.7273 -0.5456 0.4163
vn 0.3364 -0.9387 -0.0753
vn 0.2991 -0.9540 -0.0198
vn 0.1560 -0.9351 -0.3182
vn 0.1157 -0.9548 -0.2738
vn -0.3237 -0.5596 -0.7629
vn -0.0780 -0.8495 -0.5218
vn -0.0418 -0.8320 -0.5532
vn -0.3031 -0.5437 -0.7826
vn -0.1205 -0.8617 -0.4929
vn 0.0754 -0.9694 -0.2336
vn -0.3518 -0.5725 -0.7406
vn 0.2719 -0.9619 0.0294
vn -0.2164 0.9061 0.3635
vn -0.4100 0.9074 0.0920
vn -0.4019 0.9086 0.1136
vn -0.2162 0.9004 0.3776
vn -0.5772 0.7783 -0.2472
vn -0.5648 0.7961 -0.2175
vn 0.0022 0.7970 0.6040
vn 0.0106 0.8032 0.5957
vn 0.0058 0.7956 0.6058
vn -0.2312 0.9004 0.3685
vn -0.4354 0.8959 0.0883
vn -0.6081 0.7493 -0.2623
vn -0.6251 0.2233 -0.7479
vn -0.5267 -0.1353 -0.8392
vn -0.5245 -0.1096 -0.8443
vn -0.6262 0.2599 -0.7351
vn -0.6492 0.5204 -0.5548
vn -0.6428 0.5551 -0.5279
vn -0.6717 0.4732 -0.5700
vn -0.6369 0.1761 -0.7506
vn -0.5383 -0.1657 -0.8263
vn -0.0066 -0.9368 -0.3498
vn 0.0744 -0.8963 -0.4372
vn 0.2367 -0.9085 -0.3445
vn 0.0438 -0.9499 -0.3093
vn 0.5209 -0.8494 -0.0846
vn -0.0521 -0.9183 -0.3924
vn -0.0374 -0.8165 -0.5761
vn -0.2971 -0.5974 -0.7449
vn -0.5980 -0.4528 -0.6613
vn -0.7654 -0.3472 -0.5418
vn -0.5352 -0.7536 -0.3816
vn -0.5477 -0.7312 -0.4066
vn -0.4362 -0.8656 -0.2460
vn -0.4385 -0.8653 -0.2430
vn -0.9400 -0.2011 -0.2756
vn -0.9094 -0.3948 0.1308
vn -0.5434 -0.7385 0.3991
vn -0.6097 -0.5828 0.5372
vn -0.7662 -0.5237 0.3723
vn -0.6649 -0.6950 0.2738
vn -0.7195 -0.6651 0.1999
vn -0.2853 -0.9576 0.0393
vn -0.2703 -0.9626 0.0208
vn -0.2570 -0.9625 0.0870
vn -0.2827 -0.9561 0.0768
vn -0.2072 -0.8979 0.3883
vn -0.3765 -0.8353 0.4007
vn -0.4149 -0.6323 0.6543
vn -0.1159 -0.6842 0.7200
vn 0.2125 -0.7274 0.6525
vn 0.4265 -0.7488 0.5073
vn -0.0127 -0.9317 0.3631
vn 0.0282 -0.9558 0.2926
vn -0.1930 -0.9768 0.0931
vn -0.1864 -0.9803 0.0658
vn -0.2502 -0.9681 -0.0114
vn -0.2522 -0.9677 0.0040
vn 0.6150 -0.7452 0.2579
vn 0.7684 -0.1740 -0.6159
vn 0.5978 -0.1201 -0.7926
vn 0.5960 -0.1305 -0.7923
vn 0.6937 -0.1615 -0.7019
vn 0.3427 -0.0490 -0.9382
vn 0.3354 -0.0548 -0.9405
vn -0.0363 0.0364 -0.9987
vn -0.0496 0.0306 -0.9983
vn -0.7570 0.1429 -0.6376
vn -0.7682 0.1363 -0.6255
vn -0.4605 0.1053 -0.8814
vn -0.4489 0.1097 -0.8868
vn -0.9521 0.1347 -0.2744
vn -0.9750 0.1101 -0.1930
vn -0.9794 0.0798 0.1855
vn -0.9914 0.0782 0.1047
vn -0.9956 0.0707 -0.0619
vn -0.9957 0.0737 -0.0566
vn -0.6353 -0.0612 0.7698
vn -0.6376 -0.0608 0.7679
vn -0.8314 0.0022 0.5557
vn -0.8301 0.0045 0.5575
vn -0.3889 -0.1308 0.9120
vn -0.3436 -0.1565 0.9260
vn -0.0058 -0.2200 0.9755
vn -0.0115 -0.2408 0.9705
vn -0.1231 -0.3347 0.9342
vn -0.2746 -0.3460 0.8972
vn -0.3375 -0.7955 0.5032
vn -0.3211 -0.8012 0.5049
vn 0.5802 -0.3511 0.7349
vn 0.3915 -0.3269 0.8601
vn 0.4173 -0.3120 0.8535
vn 0.6807 -0.3361 0.6509
vn 0.4251 -0.2921 0.8567
vn 0.7366 -0.3216 0.5949
vn 0.8968 -0.3180 0.3077
vn 0.8391 -0.3294 0.4329
vn -0.0138 0.0932 -0.9955
vn -0.0276 0.0539 -0.9982
vn 0.3508 -0.0265 -0.9361
vn 0.3660 0.0250 -0.9303
vn 0.6041 -0.0961 -0.7911
vn 0.6167 -0.0413 -0.7861
vn 0.9555 -0.2083 -0.2091
vn 0.8129 -0.1136 -0.5713
vn 0.8022 -0.1664 -0.5735
vn 0.9460 -0.2487 -0.2080
vn 0.9434 -0.2662 -0.1979
vn 0.8266 -0.0331 -0.5618
vn 0.6325 0.0424 -0.7734
vn 0.9685 -0.1435 -0.2035
vn 0.9814 -0.0507 -0.1852
vn 0.8401 0.0833 -0.5359
vn 0.6469 0.1641 -0.7447
vn 0.3835 0.1043 -0.9176
vn 0.3987 0.2204 -0.8902
vn 0.0175 0.2529 -0.9673
vn 0.0022 0.1581 -0.9874
vn -0.9841 0.0194 0.1767
vn -0.9809 0.0621 0.1844
vn -0.9530 0.1258 -0.2756
vn -0.9540 0.1031 -0.2816
vn -0.7549 0.1435 -0.6400
vn -0.7505 0.1424 -0.6454
vn -0.4425 0.1192 -0.8888
vn -0.4317 0.1385 -0.8913
vn -0.4188 0.1758 -0.8909
vn -0.7445 0.1463 -0.6513
vn -0.4086 0.2306 -0.8831
vn -0.7388 0.1531 -0.6564
vn -0.9536 0.0719 -0.2923
vn -0.9861 -0.0434 0.1602
vn -0.9503 0.0283 -0.3100
vn -0.9829 -0.1315 0.1289
vn -0.0184 -0.2786 0.9602
vn -0.0107 -0.2368 0.9715
vn -0.3933 -0.1521 0.9067
vn -0.4009 -0.2036 0.8932
vn -0.6383 -0.0837 0.7652
vn -0.6446 -0.1380 0.7519
vn -0.8365 -0.0698 0.5436
vn -0.8322 -0.0175 0.5542
vn -0.8404 -0.1482 0.5213
vn -0.6498 -0.2193 0.7278
vn -0.8384 -0.2577 0.4803
vn -0.6497 -0.3328 0.6835
vn -0.4076 -0.2812 0.8688
vn -0.4093 -0.3895 0.8251
vn -0.0281 -0.4283 0.9032
vn -0.0253 -0.3409 0.9398
vn 0.7420 -0.3243 0.5868
vn 0.9304 -0.2872 0.2275
vn 0.9230 -0.3063 0.2328
vn 0.7386 -0.3221 0.5922
vn 0.4203 -0.3244 0.8474
vn 0.4229 -0.3011 0.8547
vn 0.4186 -0.3572 0.8350
vn 0.4190 -0.4036 0.8134
vn 0.7534 -0.3216 0.5736
vn 0.7476 -0.3228 0.5804
vn 0.9411 -0.2513 0.2260
vn 0.9515 -0.2019 0.2322
vn -0.0979 0.6600 -0.7448
vn -0.0655 0.6455 -0.7610
vn 0.2928 0.7437 -0.6010
vn 0.2592 0.7736 -0.5783
vn -0.0301 0.6021 -0.7978
vn 0.3326 0.6789 -0.6546
vn 0.5889 0.6454 -0.4865
vn 0.5586 0.7136 -0.4228
vn 0.5408 0.7462 -0.3883
vn 0.9506 0.3047 0.0599
vn 0.7776 0.6015 -0.1833
vn 0.7810 0.5824 -0.2254
vn 0.9527 0.3027 0.0280
vn 0.7992 0.5261 -0.2907
vn 0.9621 0.2720 -0.0177
vn 0.7960 0.5829 -0.1633
vn 0.5410 0.7460 -0.3883
vn 0.9585 0.2765 0.0696
vn 0.2295 0.7726 -0.5920
vn 0.0486 0.7321 -0.6794
vn -0.0644 0.6878 -0.7231
vn -0.7376 -0.5607 -0.3763
vn -0.7919 -0.5375 -0.2898
vn -0.7947 -0.1913 -0.5760
vn -0.7509 -0.2004 -0.6293
vn -0.8570 -0.4834 -0.1784
vn -0.8472 -0.1626 -0.5057
vn -0.6809 0.1373 -0.7194
vn -0.6559 0.1279 -0.7439
vn -0.6358 0.1181 -0.7627
vn -0.4180 0.4104 -0.8104
vn -0.4292 0.4070 -0.8063
vn -0.4075 0.3977 -0.8221
vn -0.4368 0.3948 -0.8083
vn -0.6406 0.0489 -0.7663
vn -0.7059 -0.2203 -0.6732
vn -0.6894 -0.4108 -0.5967
vn -0.7044 -0.5322 -0.4697
vn 0.2571 -0.8827 0.3934
vn 0.1916 -0.8571 0.4781
vn -0.1772 -0.9164 0.3589
vn -0.1083 -0.9592 0.2610
vn 0.1173 -0.7989 0.5899
vn -0.2570 -0.8399 0.4780
vn -0.5075 -0.7966 0.3286
vn -0.4328 -0.8781 0.2040
vn -0.3651 -0.9255 0.1002
vn -0.6352 -0.7723 0.0037
vn -0.5733 -0.8136 -0.0969
vn -0.7049 -0.6974 0.1294
vn -0.5252 -0.8411 -0.1294
vn -0.3403 -0.9391 0.0479
vn 0.0183 -0.9763 0.2159
vn 0.3160 -0.8932 0.3199
vn 0.8394 -0.3866 0.3821
vn 0.9605 -0.0710 0.2692
vn 0.9616 -0.0604 0.2678
vn 0.8262 -0.3765 0.4190
vn 0.9621 -0.0638 0.2651
vn 0.8063 -0.3635 0.4667
vn 0.6174 -0.6580 0.4312
vn 0.5757 -0.6488 0.4976
vn 0.5251 -0.6169 0.5863
vn 0.6441 -0.6714 0.3666
vn 0.8481 -0.4071 0.3390
vn 0.9632 -0.0952 0.2514
vn 0.0213 0.4526 -0.8915
vn 0.0266 0.3574 -0.9336
vn 0.4039 0.3532 -0.8439
vn 0.3943 0.4755 -0.7864
vn 0.6508 0.3036 -0.6959
vn 0.6412 0.4321 -0.6342
vn 0.9826 0.1450 -0.1157
vn 0.8362 0.3358 -0.4336
vn 0.8439 0.2159 -0.4911
vn 0.9865 0.0539 -0.1547
vn 0.8203 0.4397 -0.3658
vn 0.6197 0.5465 -0.5633
vn 0.9735 0.2177 -0.0699
vn 0.3700 0.5846 -0.7220
vn 0.0022 0.5347 -0.8450
vn -0.9464 -0.3229 0.0118
vn -0.9699 -0.2303 0.0787
vn -0.9396 -0.0236 -0.3414
vn -0.9198 -0.0756 -0.3851
vn -0.7293 0.1550 -0.6664
vn -0.7173 0.1519 -0.6800
vn -0.3993 0.2857 -0.8712
vn -0.3959 0.3341 -0.8553
vn -0.3989 0.3719 -0.8382
vn -0.7023 0.1462 -0.6967
vn -0.8901 -0.1212 -0.4393
vn -0.9103 -0.4074 -0.0737
vn 0.0081 -0.6232 0.7820
vn -0.0178 -0.5275 0.8494
vn -0.3978 -0.5106 0.7623
vn -0.3713 -0.6246 0.6871
vn -0.6372 -0.4584 0.6196
vn -0.6118 -0.5756 0.5426
vn -0.8004 -0.4911 0.3437
vn -0.8250 -0.3788 0.4194
vn -0.7624 -0.5976 0.2483
vn -0.5705 -0.6883 0.4481
vn -0.3260 -0.7346 0.5950
vn 0.0531 -0.7149 0.6972
vn 0.9590 -0.1479 0.2416
vn 0.9619 -0.1050 0.2524
vn 0.7622 -0.3230 0.5609
vn 0.7726 -0.3315 0.5415
vn 0.4281 -0.4584 0.7788
vn 0.4478 -0.5144 0.7313
vn 0.4803 -0.5692 0.6673
vn 0.7870 -0.3473 0.5099
vn 0.9626 -0.0784 0.2593
vn -0.0705 -0.9274 -0.3674
vn -0.0506 -0.7973 -0.6014
vn 0.1367 -0.7564 -0.6397
vn 0.1199 -0.9236 -0.3641
vn -0.0300 -0.5308 -0.8469
vn 0.1434 -0.4340 -0.8894
vn 0.2483 -0.3593 -0.8996
vn 0.2789 -0.7037 -0.6534
vn 0.2770 -0.8944 -0.3511
vn 0.4010 -0.6470 -0.6485
vn 0.4191 -0.8457 -0.3305
vn 0.3252 -0.3032 -0.8957
vn 0.3956 -0.2640 -0.8797
vn 0.5157 -0.5863 -0.6247
vn 0.5527 -0.7767 -0.3021
vn 0.3984 -0.9163 0.0403
vn 0.2742 -0.9617 0.0029
vn 0.5156 -0.8543 0.0663
vn 0.3914 -0.7876 0.4759
vn 0.3156 -0.8300 0.4599
vn 0.2348 -0.8750 0.4234
vn 0.1303 -0.9904 -0.0459
vn -0.0575 -0.9927 -0.1057
vn 0.1267 -0.9232 0.3628
vn -0.0479 -0.9641 0.2611
vn -0.4443 0.7562 -0.4804
vn -0.5649 0.6570 -0.4992
vn -0.7471 0.6556 -0.1099
vn -0.6157 0.7842 -0.0773
vn -0.7113 0.4764 -0.5167
vn -0.8778 0.4532 -0.1549
vn -0.9218 0.3633 0.1351
vn -0.7990 0.5617 0.2148
vn -0.6677 0.6943 0.2686
vn -0.4668 0.2293 0.8541
vn -0.6252 0.5220 0.5802
vn -0.7560 0.4064 0.5132
vn -0.5873 0.1442 0.7965
vn -0.8848 0.2296 0.4055
vn -0.7309 0.0026 0.6825
vn -0.4805 0.6132 0.6270
vn -0.5164 0.7978 0.3111
vn -0.3450 0.2955 0.8909
vn -0.2194 0.3501 0.9107
vn -0.3166 0.6864 0.6547
vn -0.3407 0.8752 0.3434
vn -0.4712 0.8808 -0.0465
vn -0.3085 0.9511 -0.0141
vn -0.2027 0.8778 -0.4340
vn -0.3248 0.8267 -0.4595
vn 0.0075 0.3351 -0.9422
vn 0.1517 0.0356 -0.9878
vn 0.0795 -0.0331 -0.9963
vn -0.0634 0.2792 -0.9581
vn -0.0725 -0.1625 -0.9840
vn -0.2072 0.1473 -0.9672
vn -0.2887 0.5120 -0.8090
vn -0.1937 0.5748 -0.7950
vn -0.4399 0.3670 -0.8196
vn -0.1160 0.6145 -0.7804
vn 0.0530 0.3648 -0.9296
vn -0.0504 0.6442 -0.7632
vn 0.0871 0.3819 -0.9201
vn 0.1946 0.0751 -0.9780
vn 0.2297 0.0952 -0.9686
vn -0.0786 -0.8990 0.4308
vn -0.0523 -0.8962 0.4405
vn -0.0781 -0.6601 0.7471
vn -0.0864 -0.6647 0.7421
vn -0.0530 -0.8964 0.4401
vn -0.0912 -0.6670 0.7395
vn -0.1634 -0.4462 0.8799
vn -0.1117 -0.4146 0.9031
vn -0.0973 -0.4103 0.9067
vn -0.2191 0.3099 0.9252
vn -0.1423 -0.1114 0.9835
vn -0.1908 -0.1365 0.9721
vn -0.3163 0.2788 0.9068
vn -0.3121 -0.2000 0.9287
vn -0.4470 0.3420 0.8266
vn -0.1563 0.3344 0.9294
vn -0.1157 -0.0967 0.9886
vn -0.1092 0.3575 0.9275
vn -0.0996 -0.0879 0.9911
vn -0.1134 -0.4231 0.8990
vn -0.1006 -0.4153 0.9041
vn -0.1088 -0.6756 0.7292
vn -0.1452 -0.6873 0.7117
vn -0.1823 -0.9023 0.3907
vn -0.1235 -0.9022 0.4134
vn 0.9992 0.0320 0.0228
vn 0.8655 -0.1512 0.4775
vn 0.8645 -0.2838 0.4149
vn 0.9418 -0.3172 -0.1113
vn 0.6838 -0.2629 0.6807
vn 0.6450 -0.3093 0.6988
vn 0.1564 -0.8818 0.4450
vn 0.3031 -0.8880 -0.3458
vn -0.7896 -0.5678 -0.2328
vn -0.5636 -0.7651 -0.3112
vn -0.6317 -0.7604 0.1506
vn -0.7071 -0.6727 0.2181
vn -0.5113 -0.7015 0.4965
vn -0.5671 -0.6784 0.4670
vn -0.6925 -0.3396 -0.6364
vn -0.4653 -0.2905 -0.8361
vn -0.6442 -0.2596 -0.7195
vn -0.4233 -0.1603 -0.8917
vn 0.1151 0.0764 -0.9904
vn 0.1599 -0.2087 -0.9648
vn 0.7147 0.1079 -0.6911
vn 0.8774 0.2089 -0.4320
vn 0.4895 0.2064 -0.8472
vn 0.7059 0.2664 -0.6563
vn -0.2911 -0.8898 -0.3515
vn -0.2916 -0.9563 -0.0226
vn -0.2968 -0.9546 -0.0238
vn -0.2940 -0.8888 -0.3515
vn -0.2589 -0.8953 0.3625
vn -0.2666 -0.8932 0.3620
vn -0.2435 -0.8971 0.3686
vn -0.2621 -0.9648 -0.0211
vn -0.2554 -0.8987 -0.3565
vn -0.1978 -0.4017 -0.8942
vn -0.2622 -0.7179 -0.6449
vn -0.2662 -0.7170 -0.6443
vn -0.2022 -0.3977 -0.8949
vn -0.2344 -0.7198 -0.6534
vn -0.1817 -0.3927 -0.9015
vn -0.2328 -0.7199 -0.6538
vn -0.2615 -0.8979 -0.3541
vn -0.1725 -0.3999 -0.9002
vn -0.1231 -0.3906 -0.9123
vn -0.1712 -0.7223 -0.6700
vn -0.1971 -0.9116 -0.3607
vn -0.2633 -0.9646 -0.0167
vn -0.2015 -0.9795 -0.0067
vn -0.2332 -0.8983 0.3724
vn 0.0284 0.9277 -0.3723
vn 0.1296 0.9225 -0.3636
vn 0.1652 0.9848 0.0531
vn 0.0405 0.9977 0.0536
vn 0.2579 0.8865 -0.3843
vn 0.3250 0.9452 0.0328
vn 0.3286 0.8789 0.3458
vn 0.1646 0.9183 0.3600
vn 0.0383 0.9298 0.3660
vn 0.1388 0.7582 0.6371
vn 0.0284 0.7634 0.6453
vn 0.2841 0.7215 0.6315
vn 0.1708 0.3830 0.9078
vn 0.0683 0.4104 0.9094
vn -0.0107 0.4067 0.9135
vn -0.0654 0.3855 0.9204
vn -0.0575 0.7513 0.6575
vn -0.1264 0.7314 0.6702
vn -0.1324 0.9205 0.3677
vn -0.0570 0.9280 0.3683
vn -0.0462 0.9981 0.0397
vn -0.0302 0.9161 -0.3998
vn -0.1143 0.9933 0.0186
vn -0.0741 0.8998 -0.4300
vn -0.0491 0.3366 -0.9403
vn -0.1140 -0.0124 -0.9934
vn -0.1131 -0.0024 -0.9936
vn -0.0277 0.3506 -0.9361
vn -0.0935 0.0004 -0.9956
vn 0.0091 0.3396 -0.9405
vn 0.0548 0.6702 -0.7402
vn -0.0039 0.6618 -0.7497
vn 0.1308 0.6449 -0.7530
vn -0.0273 0.6382 -0.7694
vn -0.0503 0.3183 -0.9467
vn -0.0399 0.6177 -0.7854
vn -0.0393 0.3109 -0.9496
vn -0.1000 -0.0166 -0.9949
vn -0.0695 -0.0099 -0.9975
vn 0.1188 -0.9154 0.3845
vn 0.1012 -0.9121 0.3974
vn 0.0565 -0.6656 0.7442
vn 0.0722 -0.6689 0.7399
vn 0.0577 -0.9119 0.4065
vn 0.0158 -0.6692 0.7429
vn -0.0461 -0.3868 0.9210
vn -0.0023 -0.3718 0.9283
vn 0.0140 -0.3645 0.9311
vn -0.0786 -0.0338 0.9963
vn -0.0586 -0.0144 0.9982
vn -0.1301 -0.0619 0.9896
vn -0.2338 0.3480 0.9079
vn -0.1701 0.3804 0.9090
vn -0.1431 0.4025 0.9042
vn -0.1378 0.4179 0.8980
vn -0.0566 -0.0020 0.9984
vn -0.1527 0.4267 0.8914
vn -0.0719 0.0049 0.9974
vn 0.0037 -0.3655 0.9308
vn 0.0155 -0.3632 0.9316
vn 0.0755 -0.6757 0.7333
vn 0.0686 -0.6839 0.7263
vn 0.1233 -0.9251 0.3593
vn 0.1251 -0.9201 0.3712
vn -0.1121 -0.9063 0.4074
vn -0.0171 -0.9119 0.4100
vn -0.0090 -0.9999 -0.0054
vn -0.1194 -0.9928 0.0012
vn 0.0750 -0.9971 -0.0122
vn 0.0806 -0.9268 -0.3667
vn -0.0050 -0.9296 -0.3686
vn -0.1212 -0.9225 -0.3665
vn -0.0673 -0.3876 -0.9194
vn -0.0928 -0.7250 -0.6825
vn 0.0120 -0.7327 -0.6804
vn 0.0191 -0.3872 -0.9218
vn 0.0885 -0.7351 -0.6722
vn 0.0827 -0.3880 -0.9179
vn -0.1785 -0.7107 -0.6805
vn -0.2133 -0.9081 -0.3603
vn -0.1357 -0.3811 -0.9145
vn -0.1394 -0.3675 -0.9195
vn -0.1769 -0.7049 -0.6869
vn -0.2001 -0.9117 -0.3587
vn -0.2021 -0.9793 0.0117
vn -0.1831 -0.9828 0.0252
vn -0.1526 -0.8904 0.4287
vn -0.1733 -0.8948 0.4115
vn -0.3742 0.8117 -0.4484
vn -0.3182 0.8358 -0.4475
vn -0.3906 0.9203 -0.0196
vn -0.4328 0.9012 -0.0220
vn -0.2239 0.8742 -0.4309
vn -0.2996 0.9540 -0.0045
vn -0.3216 0.8813 0.3461
vn -0.4086 0.8499 0.3327
vn -0.4450 0.8341 0.3259
vn -0.3804 0.2994 0.8750
vn -0.4336 0.6487 0.6254
vn -0.3925 0.6629 0.6376
vn -0.3258 0.3137 0.8919
vn -0.3031 0.6956 0.6514
vn -0.4002 0.6654 0.6301
vn -0.4051 0.8514 0.3331
vn -0.3668 0.3106 0.8769
vn -0.2849 0.3348 0.8982
vn -0.2999 0.6997 0.6485
vn -0.2991 0.8883 0.3484
vn -0.3993 0.9167 -0.0143
vn -0.2977 0.9546 -0.0032
vn -0.2790 0.8523 -0.4424
vn -0.3612 0.8201 -0.4438
vn -0.1608 0.2934 -0.9424
vn -0.0901 -0.0068 -0.9959
vn -0.0158 0.0036 -0.9999
vn -0.0914 0.3176 -0.9438
vn 0.0431 0.0165 -0.9989
vn -0.0220 0.3441 -0.9387
vn -0.1964 0.5909 -0.7825
vn -0.2623 0.5639 -0.7831
vn -0.1120 0.6282 -0.7700
vn -0.2764 0.5604 -0.7807
vn -0.2262 0.5761 -0.7855
vn -0.1744 0.2897 -0.9411
vn -0.1975 0.2842 -0.9382
vn -0.1435 -0.0081 -0.9896
vn -0.1391 -0.0029 -0.9903
vn -0.0477 -0.4426 0.8954
vn -0.1118 -0.6977 0.7076
vn -0.1545 -0.6945 0.7027
vn -0.0757 -0.4340 0.8977
vn -0.1129 -0.9144 0.3889
vn -0.1890 -0.9061 0.3785
vn -0.1872 -0.6908 0.6984
vn -0.1051 -0.4212 0.9008
vn 0.2985 0.3052 0.9043
vn 0.0894 -0.1210 0.9886
vn 0.0637 -0.1019 0.9928
vn 0.2654 0.3355 0.9039
vn 0.0145 -0.0695 0.9975
vn 0.2597 0.3112 0.9142
vn 0.0828 -0.1204 0.9893
vn 0.1428 0.3436 0.9282
vn 0.0252 -0.1046 0.9942
vn -0.0423 -0.4325 0.9007
vn -0.0312 -0.4425 0.8962
vn -0.0706 -0.6963 0.7143
vn -0.0364 -0.9158 0.4000
vn -0.0538 -0.6876 0.7241
vn -0.0107 -0.9091 0.4165
vn -0.0434 -0.9285 -0.3688
vn -0.0714 -0.9974 -0.0107
vn 0.0378 -0.9993 -0.0024
vn 0.0739 -0.9270 -0.3678
vn 0.0549 -0.9984 0.0124
vn 0.0813 -0.9267 -0.3670
vn 0.0432 -0.7278 -0.6844
vn -0.0528 -0.7322 -0.6790
vn 0.0488 -0.7191 -0.6932
vn -0.0041 -0.3772 -0.9261
vn -0.0077 -0.3902 -0.9207
vn -0.0636 -0.3952 -0.9164
vn -0.1287 -0.3945 -0.9098
vn -0.1571 -0.7276 -0.6678
vn -0.1674 -0.9162 -0.3641
vn -0.1836 -0.9829 -0.0164
vn 0.4118 0.7940 -0.4472
vn 0.3651 0.8105 -0.4580
vn 0.4467 0.8945 -0.0155
vn 0.5083 0.8610 -0.0179
vn 0.2196 0.8645 -0.4521
vn 0.2762 0.9611 -0.0006
vn 0.2774 0.8935 0.3532
vn 0.4482 0.8309 0.3298
vn 0.5122 0.7985 0.3163
vn 0.3938 0.6614 0.6384
vn 0.4530 0.6392 0.6214
vn 0.2374 0.7110 0.6619
vn 0.4120 0.6657 0.6222
vn 0.4687 0.8217 0.3243
vn 0.4630 0.8864 0.0005
vn 0.3730 0.8274 -0.4199
vn -0.0010 -0.0221 -0.9998
vn -0.0221 -0.0210 -0.9995
vn -0.0151 -0.0122 -0.9998
vn 0.0302 0.2873 -0.9574
vn 0.0785 0.2795 -0.9569
vn 0.0778 0.2865 -0.9549
vn 0.2311 0.5618 -0.7943
vn 0.2113 0.5573 -0.8030
vn 0.1162 0.5818 -0.8050
vn 0.2030 0.5953 -0.7774
vn 0.0512 0.3084 -0.9499
vn -0.0575 -0.0108 -0.9983
vn -0.1927 -0.4142 0.8895
vn -0.1350 -0.6745 0.7259
vn -0.1791 -0.6660 0.7241
vn -0.2232 -0.4118 0.8835
vn -0.1555 -0.6616 0.7335
vn -0.1893 -0.4078 0.8932
vn -0.2800 -0.1053 0.9542
vn -0.2915 -0.1019 0.9511
vn -0.2373 -0.0920 0.9671
vn -0.2145 -0.0911 0.9725
vn -0.1202 -0.4049 0.9064
vn -0.0534 -0.6754 0.7355
vn -0.0573 -0.8935 0.4453
vn -0.0956 -0.8913 0.4432
vn -0.1101 -0.9933 0.0340
vn -0.0504 -0.9981 0.0352
vn -0.1227 -0.9237 -0.3631
vn -0.0550 -0.9288 -0.3666
vn -0.1135 -0.7054 -0.6997
vn -0.0613 -0.7060 -0.7056
vn -0.0997 -0.3567 -0.9289
vn -0.0684 -0.3552 -0.9323
vn -0.0378 -0.3614 -0.9316
vn -0.0088 -0.7102 -0.7040
vn 0.0114 -0.9298 -0.3679
vn 0.0030 -0.9996 0.0285
vn -0.0301 -0.8993 0.4363
vn -0.0735 0.8937 -0.4426
vn -0.1757 0.8794 -0.4424
vn -0.1782 0.9840 0.0057
vn -0.0599 0.9982 0.0106
vn -0.1770 0.9159 0.3602
vn -0.0581 0.9288 0.3660
vn -0.0966 0.3620 0.9272
vn -0.0723 0.7386 0.6703
vn -0.1835 0.7258 0.6629
vn -0.1866 0.3534 0.9167
vn 0.0588 0.7380 0.6722
vn 0.0839 0.9269 0.3657
vn 0.0054 0.3609 0.9326
vn 0.0827 0.9965 0.0099
vn 0.0498 0.8942 -0.4448
vn -0.1056 0.0022 -0.9944
vn -0.0773 0.0026 -0.9970
vn -0.1264 0.2955 -0.9469
vn -0.0829 0.2974 -0.9512
vn -0.1529 0.5907 -0.7923
vn -0.0827 0.5982 -0.7971
vn 0.0001 0.5977 -0.8017
vn -0.0344 0.2950 -0.9549
vn -0.0484 -0.0017 -0.9988
vn -0.0984 -0.4142 0.9049
vn -0.0784 -0.6679 0.7401
vn -0.0614 -0.6764 0.7340
vn -0.0690 -0.4223 0.9038
vn -0.1069 -0.0879 0.9904
vn -0.0478 -0.0936 0.9945
vn -0.1655 -0.0871 0.9824
vn -0.1353 -0.4091 0.9024
vn -0.1072 -0.6629 0.7410
vn -0.1791 -0.6928 0.6985
vn -0.1972 -0.6934 0.6931
vn -0.1284 -0.4245 0.8963
vn -0.1340 -0.4196 0.8978
vn -0.0895 -0.0731 0.9933
vn -0.0721 -0.0557 0.9958
vn -0.0344 -0.0499 0.9982
vn -0.1261 -0.4156 0.9008
vn -0.2021 -0.6907 0.6943
vn -0.1263 -0.9920 0.0049
vn -0.0646 -0.9978 0.0138
vn -0.1167 -0.9230 -0.3667
vn -0.0497 -0.9273 -0.3711
vn -0.0238 -0.3551 -0.9345
vn -0.0353 -0.7140 -0.6993
vn -0.0962 -0.7201 -0.6872
vn -0.0662 -0.3729 -0.9255
vn 0.0043 -0.7069 -0.7073
vn -0.0055 -0.9270 -0.3751
vn 0.0002 -0.3407 -0.9402
vn -0.0018 -0.3326 -0.9431
vn 0.0111 -0.7003 -0.7138
vn 0.0025 -0.9248 -0.3804
vn -0.0248 -0.9995 0.0179
vn -0.0192 -0.9997 0.0161
vn -0.2513 0.8977 0.3619
vn -0.2490 0.9685 0.0006
vn -0.1766 0.9843 0.0016
vn -0.1941 0.9102 0.3660
vn -0.1990 0.8629 -0.4646
vn -0.1243 0.8842 -0.4503
vn -0.1876 0.7110 0.6777
vn -0.2546 0.6961 0.6713
vn -0.3183 0.7016 0.6375
vn -0.2966 0.8844 0.3604
vn -0.3567 0.7463 0.5619
vn -0.3261 0.8726 0.3636
vn -0.3147 0.9488 0.0251
vn -0.3179 0.8327 -0.4533
vn -0.3728 0.9199 0.1216
vn -0.5577 0.7829 -0.2757
vn -0.0359 0.3160 -0.9481
vn -0.0197 0.0244 -0.9995
vn -0.0375 0.0081 -0.9993
vn -0.0312 0.3143 -0.9488
vn -0.0974 0.5860 -0.8044
vn -0.0601 0.6047 -0.7941
vn -0.1714 0.5523 -0.8158
vn -0.3189 0.4813 -0.8165
vn -0.1336 0.2796 -0.9508
vn -0.0646 0.3074 -0.9494
vn -0.0182 0.0323 -0.9993
vn -0.0390 0.0253 -0.9989
vn 0.2057 -0.9106 -0.3585
vn 0.1935 -0.9796 -0.0542
vn 0.2582 -0.9650 -0.0462
vn 0.2760 -0.8945 -0.3517
vn 0.1486 -0.9252 0.3492
vn 0.1964 -0.9137 0.3558
vn 0.2794 -0.8840 0.3748
vn 0.3692 -0.9290 -0.0245
vn 0.3960 -0.8549 -0.3351
vn 0.2612 -0.7372 -0.6231
vn 0.1971 -0.7530 -0.6278
vn 0.3703 -0.6978 -0.6132
vn 0.2830 -0.3929 -0.8749
vn 0.2034 -0.4251 -0.8820
vn 0.1570 -0.4370 -0.8857
vn 0.1357 -0.4373 -0.8890
vn 0.1650 -0.7569 -0.6323
vn 0.1361 -0.4291 -0.8930
vn 0.1580 -0.7543 -0.6373
vn 0.1594 -0.9184 -0.3620
vn 0.1697 -0.9170 -0.3611
vn 0.1608 -0.9855 -0.0541
vn 0.1515 -0.9873 -0.0489
vn 0.1261 -0.9278 0.3511
vn -0.1524 0.9250 -0.3480
vn -0.1321 0.9273 -0.3502
vn -0.1728 0.9834 0.0552
vn -0.1994 0.9784 0.0548
vn -0.0978 0.9278 -0.3601
vn -0.1306 0.9902 0.0501
vn -0.1384 0.9213 0.3633
vn -0.1839 0.9145 0.3603
vn -0.2127 0.9092 0.3579
vn -0.1631 0.4375 0.8843
vn -0.2043 0.7521 0.6266
vn -0.1776 0.7560 0.6300
vn -0.1424 0.4379 0.8877
vn -0.1355 0.7573 0.6388
vn -0.1074 0.4324 0.8953
vn -0.2111 0.7486 0.6286
vn -0.2217 0.9073 0.3573
vn -0.1648 0.4331 0.8861
vn -0.2019 0.7467 0.6338
vn -0.2131 0.9091 0.3579
vn -0.2060 0.9772 0.0508
vn -0.1969 0.9794 0.0460
vn -0.1417 0.9221 -0.3600
vn -0.1539 0.9233 -0.3520
vn 0.1097 -0.0066 -0.9939
vn 0.0842 -0.0114 -0.9964
vn 0.1570 0.0094 -0.9876
vn 0.0506 0.3699 -0.9277
vn 0.0205 0.3676 -0.9298
vn 0.0062 0.3679 -0.9298
vn -0.0601 0.6894 -0.7219
vn -0.0740 0.6906 -0.7195
vn -0.0325 0.6857 -0.7272
vn -0.0713 0.6893 -0.7209
vn -0.0569 0.6866 -0.7248
vn 0.0205 0.3710 -0.9284
vn 0.0071 0.3690 -0.9294
vn 0.0766 -0.0090 -0.9970
vn 0.0851 -0.0011 -0.9964
vn 0.0951 -0.3392 0.9359
vn 0.2340 -0.6027 0.7629
vn 0.2031 -0.6349 0.7454
vn 0.0770 -0.3504 0.9334
vn 0.4206 -0.7932 0.4404
vn 0.3675 -0.8369 0.4056
vn 0.1493 -0.6657 0.7311
vn 0.0402 -0.3612 0.9316
vn -0.0105 0.0015 0.9999
vn -0.0025 -0.0061 1.0000
vn -0.0441 0.0063 0.9990
vn -0.0729 0.4225 0.9034
vn -0.0770 0.4074 0.9100
vn -0.1209 0.3863 0.9144
vn -0.0204 -0.0178 0.9996
vn -0.0715 -0.0400 0.9966
vn 0.0688 -0.3372 0.9389
vn 0.0935 -0.3326 0.9384
vn 0.2395 -0.5809 0.7779
vn 0.4314 -0.7713 0.4680
vn 0.2179 -0.5807 0.7844
vn 0.6055 -0.7417 -0.2884
vn 0.5615 -0.8262 0.0462
vn 0.5776 -0.8133 0.0697
vn 0.6235 -0.7289 -0.2829
vn 0.5764 -0.5549 -0.5999
vn 0.5602 -0.5792 -0.5922
vn 0.4324 -0.2572 -0.8642
vn 0.4204 -0.2896 -0.8599
vn 0.3682 -0.3415 -0.8648
vn 0.4870 -0.6357 -0.5990
vn 0.5243 -0.7933 -0.3095
vn 0.4876 -0.8730 0.0102
vn -0.1236 0.9230 0.3643
vn -0.1111 0.9934 0.0279
vn -0.1749 0.9845 0.0115
vn -0.1948 0.9126 0.3595
vn -0.0660 0.9182 -0.3906
vn -0.1079 0.9057 -0.4100
vn -0.1815 0.7277 0.6614
vn -0.1168 0.7450 0.6567
vn -0.1028 0.7539 0.6489
vn -0.1066 0.9249 0.3651
vn -0.0976 0.9944 0.0404
vn -0.0628 0.9253 -0.3741
vn 0.2465 0.0918 -0.9648
vn 0.2385 0.0686 -0.9687
vn 0.1060 0.3862 -0.9163
vn 0.1047 0.3823 -0.9181
vn 0.0102 0.6726 -0.7400
vn -0.0047 0.6623 -0.7492
vn 0.0010 0.6805 -0.7328
vn 0.0859 0.3759 -0.9227
vn 0.2080 0.0374 -0.9774
vn 0.1756 -0.6038 0.7776
vn 0.1270 -0.6405 0.7574
vn 0.0271 -0.3567 0.9338
vn -0.0249 -0.3876 0.9215
vn -0.1433 -0.0738 0.9869
vn -0.2265 -0.1136 0.9674
vn -0.3236 -0.1686 0.9310
vn -0.1004 -0.4391 0.8928
vn -0.4735 -0.2799 0.8351
vn -0.2450 -0.5404 0.8049
vn 0.0504 -0.6973 0.7150
vn -0.1030 -0.7829 0.6136
vn 0.0627 -0.6898 0.7213
vn 0.0715 -0.6903 0.7200
vn -0.0087 -0.3674 0.9300
vn -0.0087 -0.3676 0.9299
vn -0.0883 0.0120 0.9960
vn -0.0862 0.0097 0.9962
vn -0.0735 0.0105 0.9972
vn 0.0070 -0.3665 0.9304
vn 0.0987 -0.6840 0.7228
vn 0.1498 -0.9879 -0.0411
vn 0.1411 -0.9895 -0.0314
vn 0.1560 -0.9189 -0.3623
vn 0.1469 -0.9201 -0.3630
vn 0.1320 -0.4050 -0.9047
vn 0.1474 -0.7435 -0.6523
vn 0.1552 -0.7491 -0.6440
vn 0.1368 -0.4175 -0.8983
vn 0.1304 -0.7383 -0.6617
vn 0.1272 -0.9226 -0.3642
vn 0.1178 -0.3939 -0.9116
vn 0.1215 -0.9924 -0.0211
vn -0.2150 0.9087 0.3578
vn -0.1953 0.9803 0.0283
vn -0.1858 0.9818 0.0393
vn -0.2043 0.9108 0.3587
vn -0.1324 0.9129 -0.3861
vn -0.1267 0.9201 -0.3707
vn -0.1910 0.7438 0.6405
vn -0.2003 0.7355 0.6473
vn -0.2321 0.7214 0.6524
vn -0.2486 0.9013 0.3548
vn -0.2278 0.9736 0.0141
vn -0.1598 0.8996 -0.4063
vn 0.0312 0.3711 -0.9281
vn 0.0892 0.0178 -0.9959
vn 0.0914 0.0085 -0.9958
vn 0.0321 0.3727 -0.9274
vn -0.0433 0.6724 -0.7389
vn -0.0413 0.6820 -0.7301
vn -0.0629 0.6556 -0.7524
vn 0.0170 0.3617 -0.9321
vn 0.0768 0.0219 -0.9968
vn -0.4913 -0.8083 -0.3243
vn -0.2918 -0.8885 -0.3542
vn -0.2457 -0.9523 -0.1810
vn -0.4877 -0.8281 -0.2763
vn -0.1658 -0.9658 0.1996
vn -0.5756 -0.7712 -0.2719
vn -0.5693 -0.7637 -0.3045
vn -0.5608 -0.7533 -0.3437
vn -0.4469 -0.7774 -0.4426
vn -0.2797 -0.8035 -0.5255
vn -0.4083 -0.6483 -0.6427
vn -0.2724 -0.6256 -0.7311
vn -0.3149 -0.3516 -0.8816
vn -0.4341 -0.0978 -0.8955
vn -0.5309 -0.4824 -0.6967
vn -0.6370 -0.3797 -0.6709
vn -0.7004 -0.5193 -0.4897
vn -0.6814 -0.5372 -0.4971
vn -0.7775 -0.4683 -0.4198
vn -0.7598 -0.2819 -0.5859
vn -0.8215 -0.4552 -0.3435
vn -0.8736 -0.2453 -0.4202
vn -0.6361 0.0800 -0.7675
vn -0.8498 0.1528 -0.5045
vn -0.9871 -0.1446 -0.0690
vn -0.9986 0.0511 0.0109
vn -0.9698 0.1217 -0.2112
vn -0.9459 -0.2019 -0.2540
vn -0.8421 -0.4561 -0.2878
vn -0.8814 -0.4565 0.1215
vn -0.9482 -0.3159 0.0346
vn -0.8404 -0.5281 -0.1220
vn -0.8230 -0.5620 -0.0826
vn -0.9743 -0.0487 0.2197
vn -0.8638 -0.2228 0.4519
vn -0.6622 -0.4514 0.5982
vn -0.4655 -0.6687 0.5798
vn -0.7680 -0.5838 0.2632
vn -0.5891 -0.7035 0.3976
vn -0.8115 -0.5826 -0.0462
vn -0.3197 -0.8129 0.4868
vn -0.5129 -0.7807 0.3569
vn 0.5531 -0.7561 -0.3499
vn 0.6282 -0.7634 -0.1503
vn 0.6452 -0.7634 -0.0298
vn 0.6587 -0.7017 -0.2717
vn 0.5343 -0.7775 0.3316
vn 0.6456 -0.7631 0.0283
vn 0.5996 -0.7781 0.1872
vn 0.6836 -0.6808 -0.2631
vn 0.6269 -0.5615 -0.5401
vn 0.5386 -0.6625 -0.5205
vn 0.6518 -0.5423 -0.5302
vn 0.5122 -0.2989 -0.8052
vn 0.4874 -0.3150 -0.8144
vn 0.4606 -0.3219 -0.8272
vn 0.3724 -0.8012 -0.4684
vn 0.3798 -0.8048 -0.4560
vn -0.0317 0.2859 -0.9577
vn -0.0504 0.2729 -0.9607
vn 0.2348 -0.0005 -0.9720
vn 0.2572 0.0127 -0.9663
vn -0.0773 0.2724 -0.9591
vn 0.2085 -0.0038 -0.9780
vn -0.2981 0.4651 -0.8336
vn -0.2013 0.3712 -0.9065
vn -0.3378 0.5075 -0.7927
vn -0.6235 0.6385 -0.4512
vn -0.6262 0.6428 -0.4412
vn -0.8072 0.5514 0.2109
vn -0.8162 0.5204 0.2509
vn -0.7680 0.6370 -0.0662
vn -0.7727 0.6307 -0.0717
vn -0.7778 0.4176 0.4697
vn -0.7907 0.4015 0.4622
vn -0.6398 0.1699 0.7496
vn -0.6902 0.2137 0.6913
vn -0.7663 0.2952 0.5706
vn -0.8116 0.3826 0.4414
vn -0.8358 0.4507 0.3137
vn -0.3694 -0.1525 0.9167
vn -0.3849 -0.1476 0.9111
vn -0.1228 -0.3836 0.9153
vn -0.2232 -0.3062 0.9254
vn 0.5713 -0.2522 -0.7810
vn 0.5310 -0.2860 -0.7976
vn 0.6737 -0.5244 -0.5206
vn 0.7220 -0.4787 -0.4995
vn 0.7060 -0.6607 -0.2550
vn 0.7561 -0.6108 -0.2349
vn 0.5523 -0.7221 0.4166
vn 0.7161 -0.6961 0.0505
vn 0.6676 -0.7437 0.0338
vn 0.5129 -0.7572 0.4045
vn 0.7814 -0.6190 0.0798
vn 0.8236 -0.5299 -0.2023
vn 0.6068 -0.6619 0.4401
vn 0.6702 -0.5685 0.4771
vn 0.8566 -0.5001 0.1269
vn 0.9016 -0.4050 -0.1522
vn 0.7869 -0.4030 -0.4672
vn 0.8619 -0.2851 -0.4193
vn 0.6878 -0.1018 -0.7188
vn 0.6254 -0.1944 -0.7557
vn -0.6669 0.5805 -0.4671
vn -0.6374 0.6221 -0.4547
vn -0.3451 0.4992 -0.7948
vn -0.3591 0.4770 -0.8022
vn -0.0292 0.2847 -0.9582
vn -0.0237 0.2819 -0.9591
vn 0.2688 0.0180 -0.9630
vn 0.2937 0.0336 -0.9553
vn 0.3266 0.0621 -0.9431
vn 0.3645 0.1102 -0.9246
vn -0.0061 0.2787 -0.9604
vn -0.0160 0.2793 -0.9601
vn -0.3765 0.4423 -0.8140
vn -0.3941 0.3916 -0.8314
vn -0.7422 0.4207 -0.5217
vn -0.7036 0.5157 -0.4889
vn -0.6828 0.1169 0.7212
vn -0.6534 0.1559 0.7408
vn -0.7935 0.3983 0.4601
vn -0.8287 0.3488 0.4376
vn -0.8235 0.5301 0.2022
vn -0.8597 0.4775 0.1812
vn -0.8238 0.5587 -0.0961
vn -0.7884 0.6102 -0.0781
vn -0.8689 0.4787 -0.1257
vn -0.9066 0.3952 0.1481
vn -0.9167 0.3620 -0.1692
vn -0.9564 0.2744 0.0999
vn -0.8739 0.2709 0.4036
vn -0.9217 0.1561 0.3550
vn -0.7586 -0.0363 0.6505
vn -0.7195 0.0549 0.6923
vn -0.0642 -0.4355 0.8979
vn 0.2592 -0.6241 0.7371
vn 0.2362 -0.6385 0.7325
vn -0.0679 -0.4307 0.8999
vn 0.2202 -0.6416 0.7347
vn -0.3920 -0.1825 0.9017
vn -0.3767 -0.1601 0.9124
vn -0.4095 -0.2162 0.8863
vn -0.4277 -0.2646 0.8643
vn -0.0476 -0.4386 0.8974
vn -0.0564 -0.4379 0.8972
vn 0.2929 -0.5941 0.7491
vn 0.3307 -0.5460 0.7697
vn 0.7389 0.2842 -0.6109
vn 0.7551 0.2667 -0.5989
vn 0.9461 0.2070 -0.2492
vn 0.9374 0.2342 -0.2577
vn 0.7671 0.2290 -0.5993
vn 0.9541 0.1526 -0.2578
vn 0.9979 0.0561 0.0313
vn 0.9924 0.1110 0.0531
vn 0.9888 0.1356 0.0628
vn 0.7182 -0.2181 0.6608
vn 0.9304 -0.0115 0.3664
vn 0.9395 -0.0253 0.3416
vn 0.7351 -0.2220 0.6406
vn 0.9479 -0.0705 0.3106
vn 0.7475 -0.2490 0.6158
vn 0.9202 -0.0330 0.3901
vn 0.9902 0.1267 0.0595
vn 0.6993 -0.2408 0.6731
vn 0.9279 0.2351 -0.2893
vn 0.7208 0.2769 -0.6354
vn -0.6779 -0.1281 -0.7239
vn -0.6713 -0.0613 -0.7386
vn -0.3007 0.0981 -0.9487
vn -0.2714 0.0865 -0.9586
vn -0.7177 0.0144 -0.6962
vn -0.3409 0.1479 -0.9284
vn 0.0547 0.2256 -0.9727
vn 0.0716 0.2028 -0.9766
vn 0.1341 0.2096 -0.9686
vn 0.4247 0.2618 -0.8667
vn 0.4137 0.2604 -0.8724
vn 0.4299 0.2550 -0.8661
vn 0.4069 0.2394 -0.8815
vn 0.2450 0.2090 -0.9467
vn -0.6478 -0.5981 0.4718
vn -0.6931 -0.5377 0.4802
vn -0.8882 -0.4359 0.1455
vn -0.8503 -0.5110 0.1259
vn -0.7383 -0.4526 0.5000
vn -0.9259 -0.3354 0.1736
vn -0.9683 -0.2290 -0.0994
vn -0.9337 -0.3300 -0.1391
vn -0.8973 -0.4076 -0.1695
vn -0.8422 -0.2835 -0.4585
vn -0.8808 -0.2151 -0.4219
vn -0.9193 -0.1220 -0.3742
vn -0.7948 -0.3398 -0.5027
vn -0.8539 -0.4811 -0.1984
vn -0.7211 -0.2501 -0.6461
vn -0.8041 -0.5822 0.1204
vn -0.6005 -0.6490 0.4671
vn 0.0451 -0.5257 0.8495
vn 0.4336 -0.3880 0.8133
vn 0.3876 -0.4070 0.8271
vn 0.0264 -0.5197 0.8540
vn 0.3924 -0.4102 0.8233
vn 0.0088 -0.4979 0.8672
vn -0.3614 -0.6082 0.7067
vn -0.3399 -0.5690 0.7488
vn -0.3799 -0.5167 0.7673
vn -0.4412 -0.6503 0.6184
vn 0.5431 -0.3486 0.7639
vn 0.7648 0.0963 -0.6371
vn 0.7389 0.0043 -0.6738
vn 0.9201 -0.1480 -0.3627
vn 0.9485 -0.0273 -0.3156
vn 0.9612 -0.2593 -0.0940
vn 0.9903 -0.1317 -0.0432
vn 0.7464 -0.3698 0.5532
vn 0.9430 -0.2410 0.2295
vn 0.9147 -0.3613 0.1808
vn 0.7212 -0.4616 0.5165
vn 0.9513 -0.1441 0.2724
vn 0.9996 -0.0268 -0.0015
vn 0.7531 -0.2988 0.5862
vn 0.9571 0.0726 -0.2806
vn 0.7720 0.1712 -0.6122
vn -0.7683 0.2061 -0.6060
vn -0.7655 0.3105 -0.5636
vn -0.4004 0.3311 -0.8544
vn -0.3938 0.2703 -0.8785
vn 0.0085 0.2751 -0.9614
vn 0.0225 0.2653 -0.9639
vn 0.3996 0.1635 -0.9020
vn 0.4199 0.2064 -0.8838
vn 0.4288 0.2370 -0.8717
vn 0.0377 0.2489 -0.9678
vn -0.3735 0.2095 -0.9037
vn -0.7523 0.1089 -0.6497
vn -0.7869 -0.2494 0.5645
vn -0.7833 -0.1451 0.6044
vn -0.9534 0.0239 0.3008
vn -0.9623 -0.0996 0.2532
vn -0.9896 0.1365 0.0452
vn -0.9999 0.0091 -0.0052
vn -0.9483 0.2282 -0.2205
vn -0.9569 0.1041 -0.2711
vn -0.9468 -0.0102 -0.3218
vn -0.9924 -0.1109 -0.0529
vn -0.9527 -0.2181 0.2116
vn -0.7715 -0.3514 0.5304
vn -0.0227 -0.4574 0.8890
vn 0.3832 -0.4535 0.8047
vn 0.3637 -0.4953 0.7889
vn -0.0355 -0.4459 0.8944
vn -0.4307 -0.3893 0.8142
vn -0.4361 -0.3269 0.8384
vn -0.4117 -0.4527 0.7909
vn -0.0082 -0.4748 0.8801
vn 0.3916 -0.4249 0.8162
vn 0.5782 -0.7949 -0.1841
vn 0.6198 -0.6656 -0.4156
vn 0.7548 -0.5263 -0.3915
vn 0.7181 -0.6866 -0.1136
vn 0.5956 -0.4220 -0.6835
vn 0.6926 -0.2436 -0.6789
vn 0.7368 -0.1232 -0.6648
vn 0.8400 -0.4032 -0.3632
vn 0.8159 -0.5760 -0.0510
vn 0.9002 -0.2887 -0.3259
vn 0.8892 -0.4574 0.0094
vn 0.7638 -0.0346 -0.6446
vn 0.7898 0.0369 -0.6122
vn 0.9453 -0.1757 -0.2747
vn 0.9423 -0.3275 0.0698
vn 0.7608 -0.5436 0.3543
vn 0.7061 -0.6485 0.2843
vn 0.8061 -0.4284 0.4082
vn 0.5129 -0.4590 0.7254
vn 0.4843 -0.5357 0.6917
vn 0.5107 -0.6190 0.5966
vn 0.6325 -0.7500 0.1937
vn 0.5603 -0.8246 0.0784
vn 0.5631 -0.7520 0.3426
vn 0.5392 -0.7890 0.2946
vn -0.5345 0.4038 -0.7425
vn -0.5659 0.2555 -0.7839
vn -0.8592 0.1368 -0.4930
vn -0.8406 0.3151 -0.4405
vn -0.5750 0.0250 -0.8178
vn -0.8340 -0.1020 -0.5422
vn -0.9372 -0.2137 -0.2755
vn -0.9804 0.0161 -0.1966
vn -0.9724 0.1966 -0.1259
vn -0.8150 -0.1040 0.5700
vn -0.9763 0.0636 0.2069
vn -0.9874 -0.1019 0.1212
vn -0.8382 -0.2387 0.4903
vn -0.9488 -0.3158 0.0103
vn -0.8264 -0.4314 0.3618
vn -0.9338 0.2175 0.2841
vn -0.9296 0.3648 -0.0527
vn -0.7728 0.0168 0.6344
vn -0.7146 0.1309 0.6872
vn -0.8597 0.3681 0.3541
vn -0.8507 0.5250 0.0247
vn -0.7947 0.4740 -0.3792
vn -0.7219 0.6213 -0.3048
vn -0.4348 0.6367 -0.6368
vn -0.4897 0.5277 -0.6940
vn 0.2110 0.3232 -0.9225
vn 0.4939 0.1557 -0.8555
vn 0.4788 0.0590 -0.8759
vn 0.1931 0.2381 -0.9518
vn 0.4268 -0.1332 -0.8945
vn 0.1574 0.0493 -0.9863
vn -0.1577 0.3009 -0.9405
vn -0.1247 0.4049 -0.9058
vn -0.1917 0.0970 -0.9766
vn -0.0928 0.4804 -0.8721
vn 0.2247 0.3726 -0.9004
vn -0.0658 0.5407 -0.8387
vn 0.2376 0.4053 -0.8828
vn 0.5018 0.2119 -0.8387
vn 0.5138 0.2477 -0.8214
vn -0.6645 -0.7391 0.1106
vn -0.7105 -0.6945 -0.1133
vn -0.6578 -0.5738 0.4879
vn -0.5531 -0.5934 0.5848
vn -0.4015 -0.6475 -0.6477
vn -0.8589 -0.4982 -0.1187
vn -0.6687 -0.3939 0.6306
vn -0.4269 -0.3936 0.8142
vn -0.3597 -0.4040 0.8410
vn -0.2393 -0.2215 0.9453
vn -0.1833 -0.2021 0.9621
vn -0.3946 -0.2373 0.8877
vn -0.2266 0.0017 0.9740
vn -0.0602 0.0337 0.9976
vn 0.0043 0.0861 0.9963
vn 0.0273 0.1513 0.9881
vn -0.1655 -0.1785 0.9699
vn 0.0135 0.2275 0.9737
vn -0.1731 -0.1429 0.9745
vn -0.3231 -0.4070 0.8544
vn -0.3318 -0.4117 0.8488
vn -0.4979 -0.6111 0.6153
vn -0.4646 -0.6209 0.6313
vn -0.5699 -0.7784 0.2634
vn -0.6135 -0.7596 0.2158
vn 0.6892 0.6171 0.3796
vn 0.5118 0.3614 0.7794
vn 0.5191 0.0087 0.8547
vn 0.9235 0.2500 0.2908
vn 0.3640 0.1441 0.9202
vn 0.2799 -0.1605 0.9465
vn 0.1244 -0.5550 0.8225
vn 0.3763 -0.6444 0.6657
vn 0.8576 -0.5139 -0.0197
vn 0.3789 -0.8902 -0.2529
vn 0.0871 -0.8541 0.5128
vn -0.0279 -0.8276 0.5606
vn -0.1177 -0.9392 0.3226
vn -0.0873 -0.9573 0.2757
vn 0.1574 -0.4917 -0.8564
vn 0.1375 -0.4769 -0.8681
vn 0.2917 -0.2455 -0.9245
vn 0.3838 -0.3123 -0.8690
vn 0.4682 0.0529 -0.8820
vn 0.6740 -0.0966 -0.7324
vn 0.7781 0.4954 -0.3862
vn 0.6962 0.7087 -0.1141
vn 0.6568 0.5248 -0.5414
vn 0.6520 0.7131 -0.2574
vn -0.4896 -0.8211 0.2933
vn -0.4394 -0.8462 0.3014
vn -0.4323 -0.8963 -0.0992
vn -0.4944 -0.8630 -0.1036
vn -0.3789 -0.8702 0.3150
vn -0.3402 -0.9363 -0.0877
vn -0.2772 -0.8690 -0.4100
vn -0.3799 -0.8259 -0.4167
vn -0.4370 -0.7934 -0.4238
vn -0.2758 -0.6567 -0.7019
vn -0.3124 -0.6253 -0.7151
vn -0.1890 -0.6943 -0.6944
vn -0.0327 -0.3514 -0.9357
vn -0.0766 -0.3192 -0.9446
vn -0.0796 -0.2858 -0.9550
vn -0.0558 -0.2482 -0.9671
vn -0.3170 -0.5931 -0.7401
vn -0.0086 -0.2113 -0.9774
vn -0.2822 -0.5609 -0.7783
vn -0.4682 -0.7367 -0.4880
vn -0.4668 -0.7653 -0.4432
vn -0.5381 -0.8349 -0.1159
vn -0.5691 -0.8087 -0.1485
vn -0.5318 -0.7979 0.2836
vn 0.4142 0.8576 -0.3048
vn 0.3948 0.8674 -0.3029
vn 0.3471 0.9318 0.1064
vn 0.3534 0.9289 0.1110
vn 0.3859 0.8699 -0.3072
vn 0.3603 0.9278 0.0966
vn 0.3086 0.8529 0.4211
vn 0.2667 0.8605 0.4342
vn 0.2602 0.8544 0.4497
vn 0.1615 0.6844 0.7110
vn 0.1473 0.6674 0.7300
vn 0.2257 0.6749 0.7025
vn 0.0670 0.3442 0.9365
vn 0.0023 0.3592 0.9333
vn -0.0133 0.3400 0.9403
vn 0.1486 0.6325 0.7601
vn 0.2743 0.8366 0.4743
vn -0.0109 0.2971 0.9548
vn 0.1742 0.5684 0.8041
vn 0.3074 0.7986 0.5174
vn 0.3806 0.9170 0.1197
vn 0.4454 0.8414 -0.3061
vn 0.4194 0.8965 0.1426
vn 0.4829 0.8238 -0.2969
vn 0.3093 0.3970 -0.8641
vn 0.1582 0.1021 -0.9821
vn 0.1400 0.0804 -0.9869
vn 0.2845 0.3936 -0.8742
vn 0.1435 0.0615 -0.9877
vn 0.2687 0.3889 -0.8812
vn 0.3950 0.6425 -0.6566
vn 0.3698 0.6532 -0.6607
vn 0.3516 0.6572 -0.6667
vn 0.4235 0.6304 -0.6506
vn 0.3389 0.4009 -0.8511
vn 0.4558 0.6201 -0.6385
vn 0.3727 0.4069 -0.8340
vn 0.1899 0.1267 -0.9736
vn 0.2306 0.1538 -0.9608
vn 0.1412 -0.9124 0.3842
vn 0.0422 -0.9249 0.3780
vn -0.0368 -0.6681 0.7432
vn 0.0202 -0.6515 0.7584
vn -0.0486 -0.9304 0.3632
vn -0.1176 -0.6914 0.7129
vn -0.2258 -0.4021 0.8873
vn -0.1521 -0.3590 0.9209
vn -0.1315 -0.3231 0.9372
vn -0.2963 -0.0170 0.9549
vn -0.2969 0.0274 0.9545
vn -0.3624 -0.0762 0.9289
vn -0.4938 0.3340 0.8029
vn -0.4348 0.3853 0.8140
vn -0.4385 0.4119 0.7987
vn -0.3183 0.0607 0.9460
vn -0.1338 -0.2991 0.9448
vn -0.4688 0.4269 0.7733
vn -0.5206 0.4269 0.7394
vn -0.3657 0.0694 0.9281
vn -0.1539 -0.2945 0.9432
vn 0.0631 -0.6399 0.7659
vn 0.0951 -0.6293 0.7713
vn 0.3406 -0.8524 0.3968
vn 0.2437 -0.8891 0.3874
vn -0.2294 -0.9152 0.3315
vn -0.1395 -0.9273 0.3474
vn -0.1025 -0.9930 -0.0594
vn -0.1878 -0.9800 -0.0664
vn -0.0185 -0.9983 -0.0560
vn 0.0009 -0.9224 -0.3862
vn -0.0755 -0.9165 -0.3928
vn -0.1503 -0.9043 -0.3995
vn -0.0143 -0.4158 -0.9093
vn -0.0879 -0.7280 -0.6800
vn -0.0273 -0.7385 -0.6737
vn 0.0314 -0.4226 -0.9058
vn 0.0392 -0.7480 -0.6625
vn 0.0885 -0.4313 -0.8979
vn -0.1031 -0.7216 -0.6846
vn -0.1748 -0.9004 -0.3984
vn -0.0148 -0.4066 -0.9135
vn 0.0355 -0.3961 -0.9175
vn -0.0542 -0.7251 -0.6865
vn -0.1263 -0.9144 -0.3847
vn -0.2158 -0.9748 -0.0560
vn -0.2600 -0.9039 0.3398
vn -0.1703 -0.9850 -0.0264
vn -0.2193 -0.9042 0.3665
vn -0.1925 0.8611 -0.4706
vn -0.2100 0.8602 -0.4647
vn -0.3588 0.9294 -0.0861
vn -0.3268 0.9406 -0.0925
vn -0.1908 0.8763 -0.4424
vn -0.3505 0.9344 -0.0632
vn -0.4566 0.8551 0.2455
vn -0.4754 0.8513 0.2222
vn -0.4468 0.8687 0.2138
vn -0.5602 0.6581 0.5031
vn -0.5514 0.6720 0.4944
vn -0.5170 0.6709 0.5316
vn -0.5731 0.2940 0.7650
vn -0.5950 0.2937 0.7481
vn -0.5519 0.3206 0.7698
vn -0.4875 0.7103 0.5078
vn -0.4586 0.3530 0.8155
vn -0.3901 0.7519 0.5315
vn -0.2839 0.9312 0.2286
vn -0.3747 0.9010 0.2188
vn -0.2577 0.9623 -0.0871
vn -0.1762 0.9812 -0.0784
vn -0.0593 0.8915 -0.4490
vn -0.1346 0.8760 -0.4631
vn -0.0031 0.3053 -0.9523
vn 0.0189 -0.0312 -0.9993
vn 0.0540 -0.0301 -0.9981
vn 0.0217 0.3107 -0.9503
vn 0.1080 -0.0288 -0.9937
vn 0.0738 0.3240 -0.9432
vn -0.0715 0.6093 -0.7897
vn -0.0638 0.6132 -0.7873
vn -0.0226 0.6324 -0.7743
vn -0.0308 0.6223 -0.7822
vn 0.0231 0.3153 -0.9487
vn 0.0391 0.6396 -0.7677
vn 0.0872 0.3333 -0.9388
vn 0.0319 -0.0222 -0.9992
vn 0.0883 -0.0054 -0.9961
vn -0.1971 -0.4219 0.8850
vn -0.2607 -0.6820 0.6833
vn -0.3076 -0.6664 0.6792
vn -0.2259 -0.3958 0.8901
vn -0.2128 -0.9087 0.3592
vn -0.2997 -0.8926 0.3367
vn -0.3505 -0.6513 0.6731
vn -0.2627 -0.3739 0.8895
vn -0.0722 -0.0900 0.9933
vn -0.0501 -0.1242 0.9910
vn -0.1245 -0.0519 0.9909
vn 0.1415 0.3101 0.9401
vn 0.1573 0.2952 0.9424
vn 0.0990 0.3115 0.9451
vn -0.0699 -0.1417 0.9874
vn -0.0270 0.3451 0.9382
vn -0.1307 -0.1420 0.9812
vn -0.1873 -0.4582 0.8689
vn -0.1825 -0.4437 0.8774
vn -0.2169 -0.6943 0.6862
vn -0.1390 -0.9152 0.3783
vn -0.1901 -0.7000 0.6883
vn -0.1069 -0.9142 0.3910
vn 0.0137 -0.9305 -0.3660
vn -0.0889 -0.9956 -0.0307
vn 0.0098 -0.9999 -0.0029
vn 0.1221 -0.9314 -0.3428
vn 0.0298 -0.9995 0.0110
vn 0.1343 -0.9306 -0.3406
vn 0.1729 -0.7392 -0.6509
vn 0.0751 -0.7426 -0.6655
vn 0.1863 -0.7313 -0.6561
vn 0.2027 -0.3761 -0.9041
vn 0.1876 -0.3824 -0.9048
vn 0.1252 -0.3838 -0.9149
vn 0.0424 -0.3747 -0.9262
vn -0.0594 -0.7280 -0.6830
vn -0.1353 -0.9098 -0.3924
vn -0.2192 -0.9737 -0.0620
vn 0.3375 0.8750 -0.3472
vn 0.2657 0.8879 -0.3757
vn 0.2692 0.9630 0.0093
vn 0.3596 0.9321 0.0438
vn 0.1842 0.8994 -0.3964
vn 0.1494 0.9886 -0.0213
vn 0.1200 0.9423 0.3125
vn 0.2631 0.8990 0.3501
vn 0.3537 0.8560 0.3771
vn 0.3051 0.6685 0.6783
vn 0.2244 0.7116 0.6658
vn 0.0722 0.7613 0.6444
vn 0.3013 0.6569 0.6912
vn 0.3617 0.8420 0.4003
vn 0.3801 0.9219 0.0751
vn 0.3738 0.8704 -0.3205
vn 0.1967 0.0412 -0.9796
vn 0.1784 0.0441 -0.9830
vn 0.2052 0.0381 -0.9780
vn 0.2078 0.3741 -0.9038
vn 0.2166 0.3801 -0.8992
vn 0.2320 0.3833 -0.8940
vn 0.2448 0.6628 -0.7077
vn 0.2877 0.6606 -0.6935
vn 0.2058 0.6628 -0.7200
vn 0.3247 0.6588 -0.6786
vn 0.2495 0.3860 -0.8881
vn 0.1569 0.0501 -0.9863
vn -0.4026 -0.4544 0.7947
vn -0.3005 -0.7050 0.6424
vn -0.3267 -0.6974 0.6379
vn -0.4103 -0.4549 0.7904
vn -0.2833 -0.6948 0.6610
vn -0.3522 -0.4534 0.8188
vn -0.5172 -0.1440 0.8437
vn -0.5006 -0.1395 0.8544
vn -0.4242 -0.1287 0.8964
vn -0.4674 -0.1260 0.8750
vn -0.3326 -0.4378 0.8353
vn -0.2155 -0.7057 0.6749
vn -0.1294 -0.9071 0.4006
vn -0.1628 -0.9067 0.3891
vn -0.1042 -0.9946 -0.0024
vn -0.0495 -0.9987 0.0106
vn -0.0469 -0.9273 -0.3714
vn 0.0228 -0.9321 -0.3615
vn 0.0263 -0.7270 -0.6861
vn 0.0899 -0.7254 -0.6824
vn 0.1061 -0.3818 -0.9182
vn 0.1503 -0.3718 -0.9161
vn 0.1810 -0.3690 -0.9116
vn 0.1426 -0.7260 -0.6728
vn 0.0830 -0.9325 -0.3514
vn -0.0052 -0.9999 0.0149
vn -0.1116 -0.9095 0.4005
vn 0.0592 0.9033 -0.4249
vn 0.0064 0.9004 -0.4350
vn -0.1039 0.9921 -0.0702
vn -0.0371 0.9975 -0.0606
vn -0.1987 0.9505 0.2387
vn -0.1179 0.9603 0.2529
vn -0.2911 0.7797 0.5543
vn -0.1978 0.7914 0.5785
vn -0.3578 0.3723 0.8564
vn -0.2669 0.3762 0.8873
vn -0.1652 0.3687 0.9148
vn -0.0872 0.7883 0.6091
vn -0.0208 0.9611 0.2753
vn 0.0407 0.9981 -0.0459
vn 0.1143 0.9033 -0.4135
vn 0.1516 0.0141 -0.9883
vn 0.1836 0.0270 -0.9826
vn 0.1497 0.3497 -0.9248
vn 0.1815 0.3595 -0.9153
vn 0.1029 0.6519 -0.7513
vn 0.1426 0.6570 -0.7402
vn 0.1745 0.6601 -0.7306
vn 0.1991 0.3672 -0.9086
vn 0.1996 0.0353 -0.9792
vn -0.2389 -0.4594 0.8555
vn -0.1949 -0.6978 0.6892
vn -0.1843 -0.6998 0.6902
vn -0.2100 -0.4620 0.8617
vn -0.2713 -0.1287 0.9538
vn -0.2083 -0.1347 0.9687
vn -0.3384 -0.1252 0.9326
vn -0.2827 -0.4554 0.8442
vn -0.2247 -0.6960 0.6820
vn -0.4401 -0.6283 0.6416
vn -0.4134 -0.6350 0.6526
vn -0.3200 -0.3941 0.8616
vn -0.3095 -0.3782 0.8725
vn -0.1871 -0.0989 0.9773
vn -0.1857 -0.0592 0.9808
vn -0.1681 -0.0380 0.9850
vn -0.2920 -0.3679 0.8828
vn -0.3838 -0.6416 0.6641
vn -0.5873 -0.7795 -0.2179
vn -0.5753 -0.7381 -0.3524
vn -0.4482 -0.6931 -0.5646
vn -0.3803 -0.6389 -0.6687
vn 0.1156 -0.1082 -0.9874
vn -0.1513 -0.4481 -0.8811
vn -0.2371 -0.5066 -0.8289
vn 0.0425 -0.1623 -0.9858
vn -0.0382 -0.3820 -0.9234
vn -0.2544 -0.5757 -0.7770
vn 0.1967 -0.0550 -0.9789
vn 0.2776 -0.0006 -0.9607
vn 0.0777 -0.3157 -0.9457
vn -0.1061 -0.5409 -0.8343
vn -0.4887 -0.6718 -0.5567
vn -0.2490 -0.6659 -0.7033
vn 0.2871 0.6977 0.6563
vn 0.4162 0.8771 0.2399
vn 0.4424 0.8782 0.1818
vn 0.3231 0.7482 0.5795
vn 0.4928 0.8266 -0.2719
vn 0.5048 0.8154 -0.2834
vn 0.1464 0.4036 0.9031
vn 0.1832 0.4857 0.8547
vn 0.0640 0.3324 0.9410
vn 0.1963 0.6512 0.7331
vn -0.0943 0.3173 0.9436
vn 0.0716 0.6654 0.7430
vn 0.3431 0.8866 0.3103
vn 0.4427 0.8592 -0.2565
vn 0.2082 0.9154 0.3444
vn 0.3145 0.8992 -0.3040
vn 0.4235 0.4289 -0.7979
vn 0.3179 0.2137 -0.9237
vn 0.2746 0.1832 -0.9440
vn 0.4028 0.4166 -0.8150
vn 0.4808 0.6197 -0.6203
vn 0.4780 0.6164 -0.6258
vn 0.4628 0.6221 -0.6315
vn 0.4329 0.4388 -0.7874
vn 0.4222 0.6070 -0.6733
vn 0.4311 0.4382 -0.7888
vn 0.3577 0.2411 -0.9022
vn 0.3931 0.2596 -0.8821
vn 0.7143 -0.6789 -0.1702
vn 0.6406 -0.7632 0.0852
vn 0.6863 -0.7122 0.1474
vn 0.7721 -0.6247 -0.1164
vn 0.4479 -0.7713 0.4521
vn 0.4725 -0.7251 0.5010
vn 0.4990 -0.6575 0.5645
vn 0.7377 -0.6365 0.2252
vn 0.8375 -0.5439 -0.0529
vn 0.7859 -0.4950 -0.3704
vn 0.7278 -0.5528 -0.4058
vn 0.8485 -0.4120 -0.3321
vn 0.7404 -0.1963 -0.6428
vn 0.6996 -0.2759 -0.6591
vn 0.6575 -0.3346 -0.6751
vn 0.5993 -0.3834 -0.7027
vn 0.6561 -0.6074 -0.4479
vn 0.5028 -0.4271 -0.7515
vn 0.5422 -0.6718 -0.5048
vn 0.5294 -0.8024 -0.2753
vn 0.6431 -0.7330 -0.2217
vn 0.5804 -0.8136 0.0342
vn 0.4091 -0.8118 0.4166
vn 0.4807 -0.8769 -0.0050
vn -0.6269 0.7556 0.1900
vn -0.5716 0.8172 -0.0740
vn -0.5732 0.8129 -0.1027
vn -0.6376 0.7506 0.1734
vn -0.4129 0.8006 -0.4343
vn -0.4047 0.7887 -0.4627
vn -0.3849 0.7799 -0.4935
vn -0.5693 0.8119 -0.1293
vn -0.6447 0.7472 0.1613
vn -0.5820 0.3939 0.7114
vn -0.6381 0.6365 0.4332
vn -0.6522 0.6243 0.4300
vn -0.5905 0.3720 0.7162
vn -0.6634 0.6102 0.4331
vn -0.5951 0.3460 0.7253
vn -0.6160 0.6501 0.4449
vn -0.6053 0.7678 0.2099
vn -0.5618 0.4124 0.7172
vn -0.5772 0.6683 0.4692
vn -0.5672 0.7903 0.2317
vn -0.5507 0.8334 -0.0463
vn -0.5089 0.8604 -0.0266
vn -0.3551 0.8488 -0.3918
vn -0.3982 0.8212 -0.4087
vn 0.4812 0.0271 -0.8762
vn 0.4635 -0.0179 -0.8859
vn 0.4978 0.0847 -0.8632
vn 0.2130 0.3524 -0.9113
vn 0.1987 0.3300 -0.9228
vn 0.1892 0.3158 -0.9298
vn -0.1094 0.6040 -0.7895
vn -0.1229 0.6158 -0.7782
vn -0.0882 0.5980 -0.7966
vn -0.1205 0.6311 -0.7662
vn -0.0948 0.6492 -0.7547
vn 0.1678 0.3116 -0.9353
vn 0.1800 0.3084 -0.9341
vn 0.4320 -0.0508 -0.9004
vn 0.3732 -0.0674 -0.9253
vn -0.1300 -0.2664 0.9551
vn 0.1726 -0.4200 0.8909
vn 0.1704 -0.4727 0.8646
vn -0.1336 -0.2809 0.9504
vn 0.5363 -0.4831 0.6921
vn 0.5249 -0.5682 0.6337
vn 0.1585 -0.5293 0.8335
vn -0.1467 -0.2997 0.9427
vn -0.3908 -0.0126 0.9204
vn -0.3926 -0.0314 0.9192
vn -0.4022 -0.0017 0.9156
vn -0.5970 0.3223 0.7347
vn -0.6168 0.2837 0.7342
vn -0.6559 0.2239 0.7209
vn -0.4073 -0.0630 0.9111
vn -0.4347 -0.1156 0.8931
vn -0.1512 -0.2826 0.9472
vn -0.1359 -0.2638 0.9549
vn 0.1651 -0.3884 0.9066
vn 0.5319 -0.4342 0.7270
vn 0.1502 -0.3961 0.9058
vn 0.9446 -0.3204 0.0713
vn 0.8193 -0.4285 0.3810
vn 0.8257 -0.3756 0.4208
vn 0.9593 -0.2653 0.0970
vn 0.9609 -0.1307 -0.2441
vn 0.9479 -0.1904 -0.2554
vn 0.8033 0.0527 -0.5932
vn 0.7994 -0.0044 -0.6007
vn 0.7778 -0.0978 -0.6209
vn 0.9089 -0.2997 -0.2898
vn 0.9023 -0.4308 0.0152
vn 0.7887 -0.5311 0.3097
vn -0.6957 0.7070 0.1274
vn -0.5939 0.7824 -0.1876
vn -0.6442 0.7278 -0.2351
vn -0.7601 0.6436 0.0892
vn -0.3630 0.7560 -0.5447
vn -0.3862 0.7154 -0.5823
vn -0.7754 0.4851 0.4042
vn -0.7145 0.5533 0.4281
vn -0.6788 0.5910 0.4358
vn -0.6592 0.7371 0.1489
vn -0.5709 0.8063 -0.1549
vn -0.3630 0.7747 -0.5177
vn 0.5228 0.2483 -0.8155
vn 0.5232 0.2094 -0.8261
vn 0.2455 0.4165 -0.8754
vn 0.2432 0.4046 -0.8816
vn -0.0461 0.5982 -0.8000
vn -0.0477 0.5812 -0.8124
vn -0.0602 0.6023 -0.7960
vn 0.2315 0.3808 -0.8952
vn 0.5144 0.1498 -0.8444
vn 0.1332 -0.4384 0.8889
vn 0.1190 -0.4549 0.8825
vn -0.1703 -0.3216 0.9314
vn -0.2364 -0.3463 0.9079
vn -0.4674 -0.1829 0.8649
vn -0.5013 -0.2611 0.8249
vn -0.5311 -0.3592 0.7674
vn -0.3599 -0.4163 0.8350
vn -0.5472 -0.5305 0.6474
vn -0.2795 -0.6504 0.7063
vn -0.1672 -0.3056 0.9374
vn 0.1345 -0.5996 0.7890
vn 0.1187 -0.6178 0.7773
vn -0.1670 -0.3004 0.9391
vn -0.4125 0.0402 0.9101
vn -0.4009 0.0584 0.9143
vn -0.4099 0.0183 0.9119
vn -0.1590 -0.3076 0.9381
vn 0.1454 -0.5724 0.8070
vn 0.3431 -0.9388 -0.0304
vn 0.2027 -0.9783 -0.0437
vn 0.3771 -0.8687 -0.3211
vn 0.2263 -0.9078 -0.3531
vn 0.3925 -0.7274 -0.5629
vn 0.2523 -0.7516 -0.6095
vn 0.3790 -0.4534 -0.8067
vn 0.2705 -0.4514 -0.8503
vn 0.1242 -0.7550 -0.6438
vn 0.0938 -0.9224 -0.3748
vn 0.1616 -0.4423 -0.8822
vn 0.0769 -0.9957 -0.0513
vn -0.2322 0.8868 -0.3996
vn -0.2897 0.8736 -0.3910
vn -0.4497 0.8930 -0.0188
vn -0.3922 0.9196 -0.0229
vn -0.5173 0.8178 0.2522
vn -0.4723 0.8408 0.2645
vn -0.4917 0.6901 0.5311
vn -0.5292 0.6840 0.5021
vn -0.4810 0.6863 0.5456
vn -0.4456 0.8556 0.2635
vn -0.3514 0.9355 -0.0371
vn -0.1884 0.8905 -0.4142
vn 0.2999 -0.0638 -0.9518
vn 0.2388 -0.0454 -0.9700
vn 0.1560 0.3221 -0.9338
vn 0.1450 0.3322 -0.9320
vn -0.0525 0.6610 -0.7486
vn -0.0184 0.6598 -0.7512
vn 0.0012 0.6516 -0.7585
vn 0.1183 0.3331 -0.9354
vn 0.1671 -0.0336 -0.9854
vn 0.5020 -0.8347 -0.2265
vn 0.4809 -0.8659 -0.1377
vn 0.5333 -0.7252 -0.4356
vn 0.4386 -0.5737 -0.6918
vn 0.3018 -0.4290 -0.8514
vn 0.0854 -0.2831 -0.9553
vn 0.2539 -0.6791 -0.6888
vn 0.1226 -0.6753 -0.7272
vn -0.0109 -0.6395 -0.7687
vn -0.1159 -0.8912 -0.4386
vn -0.0921 -0.8411 -0.5330
vn -0.0617 -0.8420 -0.5360
vn -0.1117 -0.8853 -0.4514
vn -0.1538 -0.8475 -0.5080
vn -0.1884 -0.6297 -0.7536
vn -0.1377 -0.9011 -0.4112
vn -0.1932 -0.8902 -0.4127
vn -0.2008 -0.8632 -0.4632
vn -0.3601 -0.6693 -0.6499
vn -0.2107 -0.2524 -0.9444
vn -0.5155 -0.3214 -0.7943
vn -0.4957 -0.7722 -0.3974
vn -0.7822 -0.5106 -0.3570
vn -0.7078 -0.4263 -0.5633
vn -0.4591 -0.7279 -0.5092
vn -0.2217 -0.8815 -0.4169
vn -0.2277 -0.8931 -0.3880
vn -0.2021 -0.8913 -0.4058
vn -0.2062 -0.8992 -0.3859
vn -0.2015 -0.9036 -0.3780
vn -0.2337 -0.9037 -0.3587
vn -0.1567 -0.9129 -0.3769
vn -0.2350 -0.9087 -0.3450
vn -0.5094 -0.8544 -0.1030
vn -0.5067 -0.8150 -0.2810
vn -0.7962 -0.5890 -0.1385
vn -0.7161 -0.6824 0.1466
vn -0.5382 -0.7303 0.4206
vn -0.2481 -0.7275 0.6397
vn -0.5254 -0.8435 0.1118
vn -0.0957 -0.7687 0.6324
vn -0.0917 -0.7749 0.6254
vn 0.6711 -0.3654 0.6451
vn 0.8721 -0.2785 0.4023
vn 0.8691 -0.2828 0.4058
vn 0.7788 -0.3283 0.5345
vn 0.9751 -0.1769 0.1339
vn 0.9746 -0.1808 0.1325
vn 0.9867 -0.0679 -0.1478
vn 0.9757 -0.0648 -0.2093
vn 0.8657 0.0691 -0.4958
vn 0.8592 0.0423 -0.5100
vn 0.8506 0.0112 -0.5257
vn 0.9423 -0.0713 -0.3271
vn 0.2134 0.2613 -0.9414
vn 0.2072 0.2400 -0.9484
vn 0.5688 0.1709 -0.8046
vn 0.5764 0.1939 -0.7938
vn 0.1854 0.2141 -0.9591
vn 0.5496 0.1527 -0.8213
vn -0.2019 0.2480 -0.9475
vn -0.2181 0.2208 -0.9506
vn -0.1989 0.2692 -0.9423
vn -0.6198 0.2055 -0.7574
vn -0.6198 0.1837 -0.7630
vn -0.6793 0.0406 -0.7327
vn -0.5809 -0.6185 -0.5291
vn -0.6347 -0.6691 -0.3866
vn -0.5541 -0.5757 -0.6013
vn -0.8543 -0.0922 -0.5115
vn -0.9465 -0.1834 -0.2654
vn -0.9795 0.0034 -0.2016
vn -0.9778 -0.0175 -0.2088
vn -0.8796 0.0793 -0.4690
vn -0.8809 0.1007 -0.4625
vn -0.9921 -0.1029 0.0714
vn -0.9904 -0.1232 0.0630
vn -0.8721 -0.2445 0.4238
vn -0.9105 -0.2286 0.3445
vn -0.9600 -0.2051 0.1906
vn -0.9747 -0.2201 -0.0381
vn -0.6406 -0.6974 -0.3214
vn -0.5680 -0.3706 0.7349
vn -0.5808 -0.3659 0.7272
vn -0.2621 -0.4269 0.8655
vn -0.3821 -0.4037 0.8313
vn 0.8757 0.1223 -0.4670
vn 0.8700 0.0852 -0.4856
vn 0.9895 -0.0470 -0.1366
vn 0.9935 0.0018 -0.1139
vn 0.9776 -0.1540 0.1432
vn 0.9812 -0.1016 0.1640
vn 0.6243 -0.3290 0.7086
vn 0.8809 -0.2055 0.4264
vn 0.8757 -0.2563 0.4092
vn 0.6174 -0.3676 0.6955
vn 0.8820 -0.1281 0.4535
vn 0.9806 -0.0212 0.1947
vn 0.6280 -0.2665 0.7311
vn 0.6215 -0.1770 0.7631
vn 0.8699 -0.0154 0.4930
vn 0.9668 0.0966 0.2368
vn 0.9936 0.0776 -0.0822
vn 0.9810 0.1897 -0.0406
vn 0.8716 0.2755 -0.4054
vn 0.8786 0.1841 -0.4407
vn -0.6164 0.1467 -0.7736
vn -0.6200 0.1881 -0.7617
vn -0.1986 0.2605 -0.9448
vn -0.1946 0.2384 -0.9515
vn 0.2166 0.2617 -0.9405
vn 0.2233 0.2602 -0.9394
vn 0.5815 0.2028 -0.7879
vn 0.5896 0.2204 -0.7770
vn 0.5966 0.2556 -0.7607
vn 0.2315 0.2635 -0.9365
vn 0.5967 0.3083 -0.7408
vn 0.2388 0.2695 -0.9329
vn -0.1862 0.2077 -0.9603
vn -0.6053 0.0850 -0.7915
vn -0.1708 0.1645 -0.9715
vn -0.5796 -0.0018 -0.8149
vn -0.8668 -0.3005 0.3980
vn -0.8715 -0.2605 0.4154
vn -0.9904 -0.1234 0.0624
vn -0.9840 -0.1731 0.0424
vn -0.9777 -0.0188 -0.2093
vn -0.9711 -0.0714 -0.2279
vn -0.8742 0.0278 -0.4848
vn -0.8799 0.0789 -0.4686
vn -0.8596 -0.0486 -0.5086
vn -0.9552 -0.1503 -0.2548
vn -0.8268 -0.1561 -0.5405
vn -0.9205 -0.2615 -0.2903
vn -0.9686 -0.2481 0.0146
vn -0.9350 -0.3541 -0.0213
vn -0.8267 -0.4459 0.3432
vn -0.8544 -0.3606 0.3741
vn -0.1825 -0.4375 0.8805
vn 0.2243 -0.4161 0.8812
vn 0.2154 -0.4341 0.8747
vn -0.1891 -0.4348 0.8805
vn 0.2029 -0.4423 0.8736
vn -0.5634 -0.4018 0.7219
vn -0.5676 -0.3792 0.7308
vn -0.5544 -0.4337 0.7103
vn -0.5370 -0.4791 0.6944
vn -0.1654 -0.4361 0.8846
vn -0.1743 -0.4366 0.8826
vn 0.2320 -0.3818 0.8947
vn 0.2333 -0.3344 0.9131
vn 0.6439 0.7146 -0.2734
vn 0.6637 0.6715 -0.3295
vn 0.6839 0.7259 0.0726
vn 0.6470 0.7603 0.0577
vn 0.7115 0.6247 -0.3218
vn 0.7514 0.6557 0.0736
vn 0.7173 0.5883 0.3732
vn 0.6430 0.6616 0.3859
vn 0.6011 0.6971 0.3909
vn 0.5323 0.5534 0.6407
vn 0.6100 0.6000 0.5176
vn 0.6681 0.4602 0.5847
vn 0.5061 0.5027 0.7008
vn 0.5989 0.6987 0.3913
vn 0.3526 0.1632 0.9215
vn 0.3630 0.1723 0.9157
vn 0.6452 0.7636 0.0252
vn 0.6371 0.7535 -0.1622
vn -0.0085 -0.4626 -0.8865
vn -0.1134 -0.4357 -0.8929
vn 0.1499 -0.0844 -0.9851
vn 0.2206 -0.0993 -0.9703
vn -0.2450 -0.3768 -0.8933
vn 0.0608 -0.0496 -0.9969
vn 0.3336 0.2354 -0.9129
vn 0.3694 0.2205 -0.9027
vn 0.3714 0.1658 -0.9136
vn 0.5432 0.4770 -0.6910
vn 0.5421 0.4883 -0.6839
vn 0.5550 0.4653 -0.6896
vn 0.3549 0.0132 -0.9348
vn 0.2809 -0.1241 -0.9517
vn 0.0827 -0.4752 -0.8760
vn -0.2610 -0.9197 0.2934
vn -0.3640 -0.8888 0.2786
vn -0.4233 -0.8996 -0.1079
vn -0.3049 -0.9472 -0.0991
vn -0.4950 -0.8249 0.2731
vn -0.5664 -0.8165 -0.1120
vn -0.5454 -0.7391 -0.3953
vn -0.3983 -0.8262 -0.3984
vn -0.2734 -0.8783 -0.3923
vn -0.1883 -0.7367 -0.6495
vn -0.3080 -0.6909 -0.6541
vn -0.4538 -0.6120 -0.6477
vn -0.0745 -0.7275 -0.6820
vn -0.2230 -0.8980 -0.3793
vn -0.2170 -0.9758 -0.0253
vn -0.1711 -0.9353 0.3098
vn 0.0173 -0.4920 0.8704
vn 0.1484 -0.2557 0.9553
vn 0.0829 -0.3550 0.9312
vn -0.0567 -0.5372 0.8415
vn -0.1313 -0.7400 0.6596
vn -0.2053 -0.7280 0.6541
vn -0.1812 -0.5874 0.7888
vn -0.3017 -0.6937 0.6540
vn -0.0648 -0.7551 0.6524
vn 0.0560 -0.5117 0.8573
vn 0.1935 -0.2067 0.9591
vn 0.8138 0.4711 -0.3404
vn 0.8500 0.3768 -0.3680
vn 0.9474 0.3200 0.0032
vn 0.8957 0.4431 0.0382
vn 0.9305 0.2340 0.2818
vn 0.8746 0.3642 0.3200
vn 0.5653 0.0204 0.8247
vn 0.7848 0.2377 0.5723
vn 0.8369 0.1156 0.5349
vn 0.6005 -0.0735 0.7963
vn 0.7166 0.3465 0.6053
vn 0.8023 0.4831 0.3505
vn 0.5724 0.1432 0.8074
vn 0.6135 0.3011 0.7300
vn 0.8290 0.5558 0.0618
vn 0.7663 0.5544 -0.3246
vn -0.4649 -0.1968 -0.8632
vn -0.5324 -0.1011 -0.8404
vn -0.1396 0.1115 -0.9839
vn -0.0930 0.0576 -0.9940
vn 0.2525 0.2695 -0.9293
vn 0.2716 0.2644 -0.9254
vn 0.5928 0.3607 -0.7200
vn 0.5830 0.4064 -0.7035
vn 0.5695 0.4416 -0.6933
vn 0.2984 0.2530 -0.9203
vn -0.0266 0.0035 -0.9996
vn -0.3710 -0.2892 -0.8824
vn -0.7100 -0.6410 0.2915
vn -0.7782 -0.5443 0.3134
vn -0.8786 -0.4742 -0.0569
vn -0.8028 -0.5902 -0.0846
vn -0.8626 -0.3868 -0.3262
vn -0.7856 -0.5062 -0.3558
vn -0.6946 -0.3922 -0.6031
vn -0.7708 -0.2770 -0.5737
vn -0.5919 -0.5040 -0.6290
vn -0.6832 -0.6237 -0.3798
vn -0.7020 -0.7046 -0.1033
vn -0.6171 -0.7359 0.2786
vn 0.2299 -0.2811 0.9317
vn 0.2211 -0.2361 0.9462
vn -0.1508 -0.4375 0.8865
vn -0.1308 -0.4445 0.8862
vn -0.5045 -0.5333 0.6790
vn -0.4565 -0.5892 0.6667
vn -0.3889 -0.6445 0.6583
vn -0.1512 -0.4896 0.8588
vn 0.2136 -0.2174 0.9524
vn 0.4033 0.5599 -0.7238
vn 0.4257 0.4250 -0.7988
vn 0.3231 0.7643 -0.5580
vn 0.3396 0.7154 -0.6107
vn 0.3912 0.5348 -0.7490
vn 0.4210 0.4056 -0.8113
vn 0.3841 0.3942 -0.8349
vn 0.3532 0.5418 -0.7627
vn 0.3229 0.7595 -0.5648
vn 0.4340 0.2260 -0.8721
vn 0.4406 0.2612 -0.8589
vn 0.4853 -0.0337 -0.8737
vn 0.4305 0.0378 -0.9018
vn 0.4201 0.2685 -0.8669
vn 0.3665 0.0373 -0.9297
vn -0.4921 0.0701 -0.8677
vn -0.9175 -0.2367 -0.3196
vn -0.5458 -0.2262 -0.8068
vn -0.2656 -0.0602 -0.9622
vn -0.3608 -0.4642 -0.8089
vn -0.1819 -0.3735 -0.9096
vn -0.1045 -0.0052 -0.9945
vn -0.2669 0.2105 -0.9404
vn -0.0557 -0.3399 -0.9388
vn -0.5987 0.3205 -0.7340
vn -0.9318 0.0589 -0.3581
vn -0.8326 0.5244 -0.1782
vn -0.8937 0.2613 0.3647
vn -0.8212 -0.1860 0.5394
vn -0.5253 0.0457 0.8497
vn -0.3774 -0.5441 0.7494
vn -0.2415 -0.5043 0.8291
vn -0.1462 -0.6896 0.7093
vn -0.2696 -0.7175 0.6422
vn -0.1024 -0.9026 0.4182
vn -0.1962 -0.9139 0.3554
vn -0.6531 -0.5579 0.5121
vn -0.4609 -0.7460 0.4807
vn -0.3079 -0.9242 0.2257
vn -0.8950 -0.2734 0.3524
vn -0.9092 0.2394 0.3406
vn -0.7304 0.0893 0.6771
vn -0.6034 -0.3515 0.7158
vn -0.4236 -0.3104 0.8510
vn -0.5700 0.1530 0.8073
vn 0.6037 -0.3832 0.6990
vn 0.5965 -0.2195 0.7720
vn 0.5557 -0.6091 0.5658
vn 0.5704 -0.5835 0.5780
vn 0.5838 -0.3775 0.7188
vn 0.5673 -0.2373 0.7886
vn 0.5468 -0.3991 0.7360
vn 0.5104 -0.2483 0.8233
vn 0.5815 -0.6034 0.5457
vn 0.4898 -0.1062 0.8653
vn 0.4662 0.1217 0.8762
vn 0.4596 0.0741 0.8850
vn 0.5364 -0.1080 0.8370
vn 0.5473 -0.0719 0.8338
vn 0.3991 0.1663 0.9017
vn -0.0492 -0.9988 -0.0000
vn -0.0823 -0.9961 -0.0329
vn -0.0146 -0.9219 -0.3872
vn -0.0212 -0.9197 -0.3920
vn -0.0726 -0.7120 -0.6984
vn -0.0206 -0.7011 -0.7127
vn -0.1062 -0.7247 -0.6808
vn -0.1264 -0.7932 -0.5957
vn -0.0156 -0.9192 -0.3934
vn -0.0279 -0.9168 -0.3983
vn -0.0897 -0.9935 -0.0702
vn -0.0541 -0.9830 -0.1757
vn 0.3473 -0.9323 0.1008
vn 0.4883 -0.8020 0.3442
vn 0.4339 -0.8314 0.3470
vn 0.2673 -0.9570 0.1122
vn 0.1372 -0.9725 -0.1884
vn 0.2122 -0.9737 -0.0834
vn 0.1220 -0.9908 -0.0590
vn 0.0360 -0.9890 -0.1433
vn 0.2858 -0.9510 -0.1178
vn 0.4104 -0.9107 0.0468
vn 0.2104 -0.9541 -0.2132
vn 0.2535 -0.9408 -0.2249
vn 0.3273 -0.9298 -0.1684
vn 0.4439 -0.8944 -0.0551
vn 0.5387 -0.7948 0.2795
vn 0.5544 -0.8227 0.1258
vn 0.4612 -0.3462 -0.8170
vn 0.3522 -0.2716 -0.8957
vn 0.5196 -0.5232 -0.6755
vn 0.4208 -0.7078 -0.5675
vn 0.3425 -0.6095 -0.7150
vn 0.2126 -0.5539 -0.8050
vn 0.2156 -0.7827 -0.5839
vn 0.0800 -0.7449 -0.6623
vn 0.2997 -0.8271 -0.4755
vn 0.2205 -0.8807 -0.4191
vn 0.1490 -0.8703 -0.4695
vn 0.0240 -0.8407 -0.5409
vn -0.1200 -0.7813 -0.6126
vn -0.0770 -0.7078 -0.7022
vn 0.0614 -0.5444 -0.8366
vn 0.2320 -0.2788 -0.9319
vn 0.4288 -0.8575 -0.2845
vn 0.5045 -0.8186 -0.2746
vn 0.5268 -0.8466 -0.0756
vn 0.4394 -0.8820 -0.1704
vn 0.2397 -0.9211 -0.3068
vn 0.3272 -0.8975 -0.2956
vn 0.3330 -0.9145 -0.2300
vn 0.2477 -0.9341 -0.2571
vn 0.2298 -0.9013 -0.3672
vn 0.3237 -0.8689 -0.3745
vn 0.4350 -0.8008 -0.4117
vn 0.5212 -0.7099 -0.4737
vn 0.0951 -0.9360 -0.3390
vn 0.1706 -0.9322 -0.3191
vn 0.1851 -0.9460 -0.2661
vn 0.1146 -0.9582 -0.2622
vn 0.0320 -0.9288 -0.3693
vn 0.0513 -0.9672 -0.2489
vn -0.0342 -0.8656 -0.4996
vn 0.0488 -0.8982 -0.4370
vn 0.1520 -0.9099 -0.3860
vn 0.0208 0.9914 0.1295
vn -0.0038 0.9228 0.3852
vn 0.1936 0.9741 -0.1170
vn 0.5359 0.7622 -0.3631
vn 0.8017 0.4540 -0.3888
vn 0.6996 -0.1687 -0.6944
vn 0.6382 -0.5477 -0.5411
vn 0.5160 -0.4683 -0.7172
vn 0.5423 -0.6735 -0.5022
vn 0.5455 -0.7823 -0.3008
vn 0.5598 -0.7742 -0.2953
vn 0.5409 -0.8359 -0.0932
vn 0.5603 -0.8227 -0.0960
vn 0.5137 -0.8408 0.1708
vn 0.5920 -0.7548 0.2826
vn 0.1462 0.7522 0.6426
vn 0.3927 0.4542 0.7996
vn 0.4663 0.2541 0.8473
vn 0.3452 0.2279 0.9104
vn 0.6697 -0.1125 0.7340
vn 0.5163 0.0135 0.8563
vn 0.2651 0.2091 0.9413
vn 0.2474 -0.5017 0.8289
vn 0.2998 -0.1377 0.9440
vn 0.5572 -0.5368 0.6335
vn 0.4299 -0.7529 0.4984
vn -0.0177 0.3256 0.9453
vn 0.0690 0.4447 0.8930
vn -0.0641 -0.0358 0.9973
vn -0.3583 0.5413 0.7606
vn -0.1894 0.5870 0.7871
vn -0.0804 0.6142 0.7850
vn 0.2016 0.3538 0.9133
vn 0.0658 0.5693 0.8195
vn -0.1638 0.7311 0.6624
vn -0.3521 0.7733 0.5273
vn -0.2255 0.7116 0.6654
vn -0.3804 0.7245 0.5748
vn -0.3710 0.7808 0.5027
vn -0.3810 0.7339 0.5624
vn -0.2693 0.7332 0.6244
vn -0.3414 0.7715 0.5369
vn -0.4473 0.6689 0.5937
vn -0.5551 0.5504 0.6236
vn -0.6027 0.5374 0.5899
vn -0.6312 0.6559 0.4140
vn -0.3588 0.8093 0.4651
vn -0.3486 0.8610 0.3704
vn -0.3613 0.8256 0.4333
vn -0.3665 0.8491 0.3804
vn -0.4018 0.8002 0.4453
vn -0.4225 0.8247 0.3760
vn -0.5263 0.6970 0.4870
vn -0.5358 0.7705 0.3454
vn -0.4966 0.8395 0.2204
vn -0.4153 0.8458 0.3348
vn -0.3168 0.9459 -0.0693
vn -0.3421 0.8955 0.2848
vn -0.3900 0.8457 0.3643
vn -0.3847 0.8542 0.3497
vn -0.4102 0.8707 0.2713
vn -0.5442 0.8013 0.2486
vn -0.6271 0.6848 0.3712
vn -0.5292 0.5247 0.6669
vn -0.3544 0.8198 0.4497
vn -0.2476 0.7751 0.5813
vn -0.0444 0.9980 0.0451
vn -0.1425 0.9346 0.3261
vn -0.2379 0.9220 0.3055
vn -0.1650 0.9862 0.0132
vn 0.0331 0.9388 0.3428
vn -0.0750 0.7115 0.6987
vn 0.1016 0.9935 -0.0512
vn -0.2905 0.3523 0.8897
vn 0.1793 0.9249 -0.3352
vn 0.2616 0.8673 -0.4235
vn 0.0724 0.9750 -0.2100
vn 0.2150 0.8879 -0.4067
vn -0.0014 0.9404 -0.3401
vn 0.2622 0.6775 -0.6872
vn -0.0453 0.7398 -0.6713
vn 0.2516 0.3002 -0.9201
vn 0.4305 -0.1341 -0.8926
vn 0.5196 0.2851 -0.8054
vn 0.3794 0.8110 -0.4453
vn 0.3069 0.8894 -0.3388
vn 0.5305 -0.6715 -0.5174
vn 0.5495 -0.7869 -0.2809
vn 0.4696 -0.4635 -0.7515
vn 0.4481 -0.4433 -0.7763
vn 0.5504 -0.6506 -0.5233
vn 0.5932 -0.7662 -0.2471
vn 0.6407 -0.5652 -0.5196
vn 0.7146 -0.6718 -0.1950
vn 0.4777 -0.3770 -0.7935
vn 0.5938 -0.1203 -0.7956
vn 0.8468 -0.2224 -0.4832
vn 0.9487 -0.3024 -0.0923
vn 0.6939 -0.7065 0.1390
vn 0.5816 -0.8123 0.0441
vn 0.8917 -0.3499 0.2873
vn 0.7096 -0.3574 0.6073
vn 0.5765 -0.6689 0.4694
vn 0.5006 -0.7852 0.3644
vn 0.5391 -0.8416 -0.0341
vn 0.4827 -0.8368 0.2583
vn 0.1385 -0.4663 0.8737
vn 0.1649 -0.5387 0.8262
vn 0.3607 -0.7433 0.5633
vn 0.3501 -0.6703 0.6543
vn 0.2083 -0.2670 0.9409
vn 0.1607 -0.3889 0.9072
vn 0.3900 -0.5591 0.7317
vn 0.4649 -0.3258 0.8233
vn -0.1452 -0.1161 0.9826
vn -0.1577 -0.1299 0.9789
vn -0.1130 -0.1634 0.9801
vn -0.5243 0.0190 0.8513
vn -0.4824 0.2633 0.8354
vn -0.4688 0.3067 0.8283
vn -0.1392 -0.1648 0.9764
vn -0.4604 0.3311 0.8236
vn -0.6469 0.7031 0.2951
vn -0.6229 0.7171 0.3127
vn -0.6000 0.6219 0.5032
vn -0.6162 0.5890 0.5229
vn -0.9296 0.3146 0.1921
vn -0.7031 0.6588 0.2677
vn -0.6613 0.5361 0.5246
vn -0.8285 0.2046 0.5213
vn -0.9022 0.3905 -0.1829
vn -0.6802 0.7327 -0.0215
vn -0.6557 0.3756 -0.6549
vn -0.5396 0.7004 -0.4672
vn -0.4792 0.7925 -0.3774
vn -0.6210 0.7825 0.0460
vn -0.5927 0.7977 0.1110
vn -0.4416 0.8462 -0.2981
vn -0.1236 0.6053 -0.7864
vn 0.1665 0.2032 -0.9649
vn -0.1839 0.5403 -0.8211
vn 0.0946 0.1697 -0.9809
vn -0.2380 0.4378 -0.8670
vn 0.0471 0.1281 -0.9906
vn -0.2630 0.2393 -0.9346
vn 0.0400 0.1071 -0.9934
vn 0.2979 -0.0057 -0.9546
vn 0.2698 -0.1349 -0.9534
vn 0.2932 -0.1577 -0.9430
vn 0.3505 -0.1598 -0.9228
vn 0.9328 0.3575 0.0465
vn 0.9834 0.1809 0.0148
vn 0.8901 0.2174 -0.4006
vn 0.8502 0.3738 -0.3707
vn 0.6205 0.2104 -0.7555
vn 0.5910 0.3065 -0.7461
vn 0.9564 0.2918 0.0134
vn 0.9456 0.3236 0.0332
vn 0.8594 0.3316 -0.3892
vn 0.8586 0.2927 -0.4208
vn 0.5946 0.2573 -0.7617
vn 0.5775 0.2118 -0.7885
vn 0.8918 0.2782 0.3569
vn 0.8645 0.2823 0.4159
vn 0.9373 0.2669 0.2241
vn 0.6653 0.1663 0.7278
vn 0.6796 0.1696 0.7137
vn 0.9122 0.1145 0.3933
vn 0.7192 0.0308 0.6941
vn 0.4666 -0.0485 0.8831
vn 0.2020 -0.1157 0.9725
vn 0.4328 0.0479 0.9002
vn 0.1695 -0.0693 0.9831
vn 0.4054 0.0424 0.9132
vn 0.1387 -0.0777 0.9873
vn -0.5503 -0.3899 0.7384
vn -0.1591 -0.2165 0.9632
vn -0.1968 -0.2357 0.9517
vn -0.5792 -0.4176 0.7001
vn -0.1299 -0.1864 0.9739
vn -0.5527 -0.2587 0.7922
vn -0.8612 -0.2831 0.4221
vn -0.9638 -0.2578 0.0681
vn -0.7977 -0.4865 0.3562
vn -0.8684 -0.4956 0.0178
vn -0.7956 -0.5061 0.3329
vn -0.8574 -0.5146 0.0030
vn -0.6366 -0.2852 -0.7165
vn -0.8363 -0.4412 -0.3254
vn -0.8262 -0.4629 -0.3212
vn -0.6444 -0.3221 -0.6935
vn -0.9305 -0.1973 -0.3085
vn -0.6785 -0.0745 -0.7308
vn -0.0021 0.0727 -0.9973
vn 0.0179 0.1184 -0.9928
vn -0.2907 0.0497 -0.9555
vn -0.2992 -0.0788 -0.9509
vn -0.0090 -0.0313 -0.9995
vn 0.0061 0.0174 -0.9998
vn -0.2405 -0.1053 -0.9649
vn -0.1109 -0.0862 -0.9901
vn 0.2744 0.1382 -0.9516
vn 0.2718 0.1908 -0.9432
vn 0.2573 0.0936 -0.9618
vn 0.2942 0.1669 -0.9411
vt 0.328100 0.930000
vt 0.326300 0.929600
vt 0.326400 0.929100
vt 0.328300 0.929500
vt 0.324400 0.929500
vt 0.324500 0.928900
vt 0.324700 0.928200
vt 0.326600 0.928500
vt 0.328400 0.928900
vt 0.326800 0.927700
vt 0.328600 0.928200
vt 0.324900 0.927400
vt 0.325100 0.926400
vt 0.327000 0.926900
vt 0.328800 0.927300
vt 0.330400 0.928700
vt 0.330200 0.929400
vt 0.330700 0.927800
vt 0.332600 0.928400
vt 0.332300 0.929300
vt 0.332000 0.930100
vt 0.330100 0.930100
vt 0.329900 0.930600
vt 0.331800 0.930800
vt 0.331600 0.931300
vt 0.506900 0.769000
vt 0.506400 0.768600
vt 0.507100 0.767800
vt 0.507700 0.768100
vt 0.506000 0.768400
vt 0.506700 0.767500
vt 0.507300 0.766600
vt 0.507700 0.766800
vt 0.508300 0.767100
vt 0.509200 0.765000
vt 0.508800 0.766100
vt 0.508300 0.765900
vt 0.508700 0.764800
vt 0.507800 0.765700
vt 0.508200 0.764600
vt 0.510000 0.765300
vt 0.509500 0.766500
vt 0.510900 0.765600
vt 0.510400 0.766900
vt 0.509800 0.768000
vt 0.508900 0.767500
vt 0.508300 0.768500
vt 0.509100 0.769000
vt 0.508300 0.770100
vt 0.507500 0.769500
vt 0.320400 0.928400
vt 0.322600 0.928200
vt 0.322500 0.929000
vt 0.320500 0.929200
vt 0.322500 0.929600
vt 0.320600 0.930100
vt 0.504700 0.770800
vt 0.504300 0.770300
vt 0.505400 0.769500
vt 0.505900 0.770000
vt 0.504000 0.769700
vt 0.505100 0.769100
vt 0.506500 0.770500
vt 0.507200 0.771200
vt 0.505900 0.772400
vt 0.505300 0.771600
vt 0.322700 0.927200
vt 0.320500 0.927000
vt 0.320600 0.925700
vt 0.323000 0.926000
vt 0.347400 0.889100
vt 0.349400 0.884500
vt 0.352100 0.886700
vt 0.350000 0.890700
vt 0.352100 0.879300
vt 0.354700 0.882900
vt 0.356900 0.886200
vt 0.354700 0.889400
vt 0.352400 0.892500
vt 0.540300 0.770800
vt 0.542700 0.769600
vt 0.543600 0.772900
vt 0.540800 0.773400
vt 0.545200 0.768400
vt 0.546500 0.771800
vt 0.547800 0.775900
vt 0.544000 0.776300
vt 0.541000 0.776300
vt 0.538300 0.773500
vt 0.538000 0.771000
vt 0.538400 0.776000
vt 0.536200 0.775600
vt 0.536100 0.773300
vt 0.535700 0.771200
vt 0.351200 0.895400
vt 0.348500 0.894300
vt 0.350000 0.898400
vt 0.347300 0.897500
vt 0.344500 0.896800
vt 0.345800 0.893300
vt 0.322500 0.952200
vt 0.322800 0.951900
vt 0.322800 0.952300
vt 0.322300 0.952900
vt 0.322600 0.953000
vt 0.322200 0.953500
vt 0.321700 0.953900
vt 0.322000 0.953100
vt 0.492900 0.758000
vt 0.492300 0.757700
vt 0.492600 0.757600
vt 0.493100 0.757900
vt 0.491800 0.757300
vt 0.492300 0.757400
vt 0.492700 0.757400
vt 0.493100 0.757700
vt 0.493400 0.757900
vt 0.492900 0.758200
vt 0.492400 0.757900
vt 0.493000 0.758500
vt 0.492700 0.758400
vt 0.492200 0.758100
vt 0.492000 0.757700
vt 0.321600 0.953300
vt 0.321800 0.952800
vt 0.321400 0.952700
vt 0.321600 0.952000
vt 0.321800 0.951700
vt 0.322000 0.952100
vt 0.343300 0.892400
vt 0.344900 0.887900
vt 0.342000 0.896100
vt 0.339600 0.895400
vt 0.340900 0.891500
vt 0.342400 0.886900
vt 0.338500 0.890600
vt 0.339800 0.886000
vt 0.337300 0.894400
vt 0.334800 0.893300
vt 0.335900 0.889700
vt 0.337100 0.885300
vt 0.338200 0.880400
vt 0.341100 0.881200
vt 0.339300 0.874800
vt 0.342500 0.876700
vt 0.345400 0.877900
vt 0.343900 0.882300
vt 0.346700 0.883200
vt 0.348400 0.878800
vt 0.537000 0.787400
vt 0.534900 0.785400
vt 0.536400 0.783300
vt 0.538800 0.784900
vt 0.532900 0.783900
vt 0.534300 0.782100
vt 0.535400 0.780100
vt 0.537500 0.781000
vt 0.540000 0.782100
vt 0.540700 0.779200
vt 0.538200 0.778500
vt 0.536000 0.777900
vt 0.543600 0.779800
vt 0.546500 0.780600
vt 0.545400 0.784800
vt 0.542700 0.783400
vt 0.541400 0.787100
vt 0.539400 0.790100
vt 0.544000 0.789300
vt 0.541600 0.794200
vt 0.333200 0.888700
vt 0.334000 0.884800
vt 0.332300 0.892100
vt 0.329700 0.891100
vt 0.330300 0.887800
vt 0.330900 0.884500
vt 0.532300 0.790400
vt 0.530800 0.788500
vt 0.532900 0.787000
vt 0.534700 0.789100
vt 0.529200 0.786600
vt 0.531200 0.785500
vt 0.536300 0.791800
vt 0.532600 0.792800
vt 0.536800 0.795000
vt 0.532900 0.795300
vt 0.334800 0.880400
vt 0.331100 0.880700
vt 0.331300 0.877000
vt 0.335100 0.876000
vt 0.336400 0.916300
vt 0.337500 0.913400
vt 0.339300 0.914300
vt 0.338300 0.916900
vt 0.338500 0.911000
vt 0.340300 0.912100
vt 0.342200 0.913200
vt 0.341100 0.915300
vt 0.340100 0.917400
vt 0.519500 0.769300
vt 0.520100 0.767900
vt 0.521600 0.768600
vt 0.521000 0.770000
vt 0.520600 0.766600
vt 0.522200 0.767200
vt 0.523800 0.767800
vt 0.523000 0.769200
vt 0.522300 0.770600
vt 0.518500 0.767100
vt 0.518900 0.765700
vt 0.518000 0.768600
vt 0.516500 0.767900
vt 0.516900 0.766400
vt 0.517100 0.764800
vt 0.337300 0.919600
vt 0.335400 0.919300
vt 0.339200 0.919800
vt 0.338400 0.922300
vt 0.336500 0.922100
vt 0.334500 0.922000
vt 0.339700 0.908200
vt 0.339200 0.909300
vt 0.337200 0.908300
vt 0.337700 0.907200
vt 0.336600 0.910000
vt 0.334700 0.909300
vt 0.335300 0.907500
vt 0.335700 0.906400
vt 0.331500 0.905300
vt 0.333700 0.905700
vt 0.333300 0.906900
vt 0.331200 0.906500
vt 0.332700 0.908700
vt 0.330600 0.908300
vt 0.333900 0.905000
vt 0.336000 0.905600
vt 0.331700 0.904400
vt 0.331800 0.903700
vt 0.334100 0.904400
vt 0.336200 0.905000
vt 0.338000 0.906400
vt 0.340100 0.907400
vt 0.338300 0.905800
vt 0.340500 0.906700
vt 0.523100 0.774800
vt 0.522400 0.776400
vt 0.521300 0.775900
vt 0.522000 0.774300
vt 0.521700 0.778000
vt 0.520600 0.777500
vt 0.519300 0.776900
vt 0.520000 0.775300
vt 0.520800 0.773700
vt 0.524500 0.771700
vt 0.523800 0.773300
vt 0.522700 0.772700
vt 0.523500 0.771200
vt 0.521500 0.772200
vt 0.524800 0.773700
vt 0.524200 0.775300
vt 0.525500 0.772100
vt 0.526400 0.772500
vt 0.525800 0.774200
vt 0.525200 0.775800
vt 0.523500 0.776900
vt 0.522700 0.778500
vt 0.524400 0.777400
vt 0.523600 0.778900
vt 0.326600 0.904700
vt 0.329100 0.905000
vt 0.328900 0.906300
vt 0.326500 0.906200
vt 0.328500 0.908100
vt 0.326400 0.907700
vt 0.520100 0.781100
vt 0.519100 0.780600
vt 0.519900 0.779000
vt 0.520900 0.779500
vt 0.518200 0.780000
vt 0.518700 0.778400
vt 0.521800 0.780000
vt 0.522600 0.780400
vt 0.521600 0.781900
vt 0.520800 0.781500
vt 0.326500 0.903600
vt 0.329200 0.904000
vt 0.326500 0.902500
vt 0.329200 0.903100
vt 0.348700 0.902100
vt 0.345800 0.901600
vt 0.346500 0.899900
vt 0.349400 0.900200
vt 0.343000 0.901200
vt 0.343700 0.899400
vt 0.532900 0.774700
vt 0.532900 0.772700
vt 0.534400 0.773100
vt 0.534400 0.775200
vt 0.532700 0.770600
vt 0.534200 0.770900
vt 0.531700 0.772300
vt 0.531700 0.770300
vt 0.531600 0.774300
vt 0.530400 0.773900
vt 0.530600 0.772000
vt 0.530800 0.770000
vt 0.345300 0.902900
vt 0.342500 0.902500
vt 0.348300 0.903400
vt 0.347800 0.904700
vt 0.344800 0.904000
vt 0.342000 0.903400
vt 0.338000 0.899900
vt 0.340400 0.900600
vt 0.339900 0.901900
vt 0.337600 0.901200
vt 0.339500 0.902800
vt 0.337200 0.902100
vt 0.335300 0.900200
vt 0.335700 0.899000
vt 0.335000 0.901200
vt 0.332700 0.900200
vt 0.333000 0.899100
vt 0.333400 0.897800
vt 0.334000 0.895900
vt 0.336400 0.897100
vt 0.338700 0.898100
vt 0.341100 0.898800
vt 0.529700 0.782100
vt 0.528500 0.781400
vt 0.529600 0.779800
vt 0.531000 0.780400
vt 0.527400 0.780900
vt 0.528500 0.779300
vt 0.529300 0.777600
vt 0.530600 0.778100
vt 0.532000 0.778700
vt 0.532600 0.776700
vt 0.531200 0.776300
vt 0.530000 0.775800
vt 0.534100 0.777300
vt 0.533500 0.779300
vt 0.532500 0.781200
vt 0.531200 0.782900
vt 0.330500 0.897700
vt 0.331000 0.896300
vt 0.330100 0.898900
vt 0.327500 0.897500
vt 0.328000 0.896200
vt 0.328500 0.894900
vt 0.526600 0.784900
vt 0.525700 0.784400
vt 0.527100 0.782900
vt 0.528300 0.783600
vt 0.524700 0.783800
vt 0.526100 0.782400
vt 0.529600 0.784400
vt 0.527900 0.785800
vt 0.329100 0.893000
vt 0.331600 0.894500
vt 0.344000 0.910800
vt 0.341800 0.909500
vt 0.342400 0.908600
vt 0.344700 0.910000
vt 0.342900 0.907900
vt 0.345500 0.909100
vt 0.525100 0.770100
vt 0.526000 0.770500
vt 0.525800 0.768500
vt 0.526500 0.768800
vt 0.527300 0.769100
vt 0.526900 0.770800
vt 0.524100 0.769700
vt 0.524800 0.768200
vt 0.343100 0.912000
vt 0.341100 0.910600
vt 0.336700 0.903700
vt 0.338900 0.904400
vt 0.338600 0.905200
vt 0.336400 0.904400
vt 0.341200 0.905200
vt 0.340900 0.906000
vt 0.334300 0.903700
vt 0.334500 0.902900
vt 0.332000 0.902900
vt 0.332200 0.902000
vt 0.332400 0.901100
vt 0.334700 0.902100
vt 0.336900 0.902900
vt 0.339200 0.903600
vt 0.341600 0.904300
vt 0.525400 0.779800
vt 0.524500 0.779400
vt 0.525400 0.777800
vt 0.526400 0.778300
vt 0.526200 0.776200
vt 0.527200 0.776700
vt 0.528300 0.773200
vt 0.527800 0.775000
vt 0.526800 0.774600
vt 0.527400 0.772900
vt 0.528900 0.775400
vt 0.528200 0.777100
vt 0.529300 0.773600
vt 0.527400 0.778800
vt 0.526400 0.780300
vt 0.329400 0.902100
vt 0.329600 0.901100
vt 0.326600 0.901300
vt 0.326800 0.900000
vt 0.523100 0.782800
vt 0.522300 0.782400
vt 0.523500 0.780900
vt 0.524300 0.781400
vt 0.525200 0.781800
vt 0.523900 0.783300
vt 0.327100 0.898800
vt 0.329800 0.900000
vt 0.346800 0.907100
vt 0.343900 0.906100
vt 0.344400 0.905100
vt 0.347300 0.905900
vt 0.528700 0.771400
vt 0.529600 0.771700
vt 0.528900 0.769500
vt 0.529800 0.769800
vt 0.527800 0.771100
vt 0.528100 0.769300
vt 0.343400 0.907000
vt 0.346100 0.908100
vt 0.332600 0.915100
vt 0.334500 0.915700
vt 0.333500 0.918800
vt 0.331500 0.918300
vt 0.332500 0.921700
vt 0.330600 0.921200
vt 0.329600 0.917800
vt 0.330700 0.914500
vt 0.328700 0.920700
vt 0.326900 0.919900
vt 0.327800 0.917100
vt 0.328800 0.914000
vt 0.331800 0.911400
vt 0.333700 0.912000
vt 0.329800 0.910900
vt 0.335600 0.912600
vt 0.516400 0.775400
vt 0.514800 0.774500
vt 0.515700 0.773200
vt 0.517300 0.773900
vt 0.513200 0.773600
vt 0.514200 0.772300
vt 0.515100 0.770900
vt 0.516600 0.771700
vt 0.518100 0.772400
vt 0.518900 0.770900
vt 0.517400 0.770100
vt 0.515900 0.769400
vt 0.520200 0.771500
vt 0.519500 0.773100
vt 0.518700 0.774600
vt 0.517900 0.776200
vt 0.326000 0.916300
vt 0.327000 0.913400
vt 0.325100 0.919000
vt 0.323400 0.918200
vt 0.324300 0.915500
vt 0.325200 0.912800
vt 0.514800 0.777900
vt 0.512900 0.776900
vt 0.513900 0.775800
vt 0.515600 0.776700
vt 0.511000 0.775900
vt 0.512200 0.774800
vt 0.517200 0.777600
vt 0.516500 0.778900
vt 0.327800 0.910600
vt 0.325800 0.910300
vt 0.337600 0.926500
vt 0.335400 0.926200
vt 0.335900 0.924300
vt 0.338000 0.924400
vt 0.333300 0.925900
vt 0.333800 0.924200
vt 0.513300 0.766500
vt 0.513800 0.765000
vt 0.515300 0.765600
vt 0.514900 0.767200
vt 0.514100 0.763400
vt 0.515600 0.764100
vt 0.512000 0.766000
vt 0.512500 0.764500
vt 0.511300 0.764100
vt 0.511600 0.762500
vt 0.512900 0.762900
vt 0.335000 0.927800
vt 0.332900 0.927300
vt 0.337200 0.928200
vt 0.336900 0.930000
vt 0.334600 0.929100
vt 0.329400 0.925100
vt 0.331300 0.925500
vt 0.330900 0.926800
vt 0.329100 0.926300
vt 0.327300 0.925800
vt 0.327600 0.924600
vt 0.325300 0.925300
vt 0.325700 0.923900
vt 0.326200 0.922200
vt 0.328000 0.922900
vt 0.329900 0.923400
vt 0.331800 0.923900
vt 0.512100 0.769300
vt 0.511300 0.770500
vt 0.510100 0.769700
vt 0.510900 0.768600
vt 0.510400 0.771700
vt 0.509200 0.770800
vt 0.511500 0.767400
vt 0.512800 0.768000
vt 0.514300 0.768600
vt 0.513600 0.770100
vt 0.512700 0.771400
vt 0.511700 0.772700
vt 0.323300 0.924700
vt 0.323800 0.923100
vt 0.321200 0.924000
vt 0.321700 0.922300
vt 0.509300 0.772900
vt 0.508100 0.772000
vt 0.508000 0.774000
vt 0.507000 0.773200
vt 0.510600 0.773800
vt 0.509500 0.775000
vt 0.322600 0.920300
vt 0.324400 0.921300
vt 0.334200 0.930200
vt 0.333900 0.931100
vt 0.336300 0.931200
vt 0.335700 0.932400
vt 0.509500 0.763700
vt 0.510300 0.763900
vt 0.509700 0.762200
vt 0.510700 0.762300
vt 0.508900 0.763500
vt 0.509100 0.762200
vt 0.508400 0.763400
vt 0.508400 0.762200
vt 0.335200 0.933100
vt 0.333500 0.931900
vt 0.334600 0.933800
vt 0.333200 0.932400
vt 0.331500 0.931700
vt 0.329800 0.931000
vt 0.331300 0.932000
vt 0.329700 0.931300
vt 0.326100 0.930400
vt 0.324400 0.930200
vt 0.324400 0.929900
vt 0.326200 0.930000
vt 0.322600 0.930000
vt 0.320800 0.930400
vt 0.322600 0.930300
vt 0.320900 0.930700
vt 0.321100 0.930800
vt 0.322700 0.930500
vt 0.324400 0.930400
vt 0.503800 0.769300
vt 0.503800 0.769200
vt 0.504600 0.768600
vt 0.504800 0.768700
vt 0.505300 0.767800
vt 0.505400 0.767900
vt 0.504500 0.768500
vt 0.505600 0.768000
vt 0.503900 0.769500
vt 0.504900 0.768900
vt 0.505800 0.768200
vt 0.506800 0.766300
vt 0.507000 0.766400
vt 0.506500 0.767400
vt 0.506200 0.767200
vt 0.506100 0.767100
vt 0.506600 0.766200
vt 0.505900 0.767000
vt 0.506500 0.766100
vt 0.507300 0.765400
vt 0.507500 0.765500
vt 0.507700 0.764400
vt 0.507900 0.764500
vt 0.508100 0.763400
vt 0.508200 0.762200
vt 0.507900 0.763300
vt 0.508000 0.762300
vt 0.507500 0.764300
vt 0.507700 0.763300
vt 0.334300 0.933900
vt 0.333000 0.932800
vt 0.334000 0.934100
vt 0.332800 0.933000
vt 0.330400 0.933700
vt 0.329000 0.933200
vt 0.329200 0.932500
vt 0.330700 0.933100
vt 0.327400 0.932700
vt 0.327600 0.932000
vt 0.321700 0.932100
vt 0.321600 0.931600
vt 0.322900 0.931400
vt 0.323000 0.932100
vt 0.321400 0.931200
vt 0.322900 0.931000
vt 0.324400 0.931000
vt 0.324400 0.931400
vt 0.324400 0.932100
vt 0.503600 0.768900
vt 0.503400 0.768600
vt 0.504100 0.768100
vt 0.504400 0.768300
vt 0.503200 0.768400
vt 0.503700 0.767700
vt 0.504400 0.767100
vt 0.504800 0.767500
vt 0.505100 0.767700
vt 0.505500 0.765500
vt 0.506000 0.765800
vt 0.505400 0.766700
vt 0.504900 0.766400
vt 0.506200 0.766000
vt 0.505700 0.766900
vt 0.505900 0.764700
vt 0.506500 0.764900
vt 0.506300 0.763800
vt 0.506800 0.764000
vt 0.506800 0.765100
vt 0.506500 0.763000
vt 0.507100 0.763100
vt 0.506800 0.762200
vt 0.507200 0.762200
vt 0.332700 0.935000
vt 0.331500 0.934400
vt 0.331900 0.933800
vt 0.333000 0.934700
vt 0.330900 0.932700
vt 0.332200 0.933500
vt 0.331000 0.932500
vt 0.332300 0.933300
vt 0.324100 0.934700
vt 0.324300 0.933300
vt 0.325700 0.933500
vt 0.325400 0.934900
vt 0.325900 0.932400
vt 0.327100 0.933900
vt 0.326800 0.935300
vt 0.329300 0.936100
vt 0.328100 0.935700
vt 0.328600 0.934300
vt 0.329900 0.934800
vt 0.327600 0.937200
vt 0.326300 0.936800
vt 0.328800 0.937600
vt 0.328200 0.939200
vt 0.327100 0.938800
vt 0.325900 0.938500
vt 0.325100 0.936500
vt 0.324700 0.938200
vt 0.323600 0.938000
vt 0.323800 0.936300
vt 0.502800 0.765900
vt 0.503700 0.766600
vt 0.503100 0.767100
vt 0.502300 0.766400
vt 0.502500 0.767700
vt 0.501900 0.767000
vt 0.321900 0.934400
vt 0.321800 0.933300
vt 0.323000 0.933200
vt 0.322900 0.934600
vt 0.322800 0.936100
vt 0.321700 0.936000
vt 0.322500 0.937800
vt 0.321600 0.937600
vt 0.501400 0.765700
vt 0.501800 0.765100
vt 0.501000 0.766200
vt 0.500100 0.765400
vt 0.500400 0.764900
vt 0.500800 0.764400
vt 0.504500 0.763100
vt 0.505500 0.763500
vt 0.505100 0.764300
vt 0.504100 0.763800
vt 0.504700 0.765100
vt 0.503700 0.764500
vt 0.503300 0.765200
vt 0.504200 0.765900
vt 0.502300 0.764500
vt 0.502700 0.763900
vt 0.501200 0.763800
vt 0.501600 0.763200
vt 0.503000 0.763200
vt 0.501900 0.762600
vt 0.502200 0.762000
vt 0.503400 0.762600
vt 0.331300 0.936900
vt 0.330400 0.936600
vt 0.331000 0.935300
vt 0.332000 0.936000
vt 0.504700 0.762400
vt 0.505700 0.762700
vt 0.505000 0.761700
vt 0.505900 0.761900
vt 0.503600 0.761900
vt 0.502500 0.761400
vt 0.502700 0.760900
vt 0.503900 0.761300
vt 0.330700 0.938400
vt 0.329800 0.938000
vt 0.330000 0.939900
vt 0.329100 0.939500
vt 0.322000 0.949200
vt 0.322200 0.947300
vt 0.322800 0.947400
vt 0.322500 0.949300
vt 0.322500 0.945200
vt 0.323200 0.945300
vt 0.324000 0.945500
vt 0.323500 0.947500
vt 0.323000 0.949500
vt 0.323900 0.949700
vt 0.323400 0.949600
vt 0.324100 0.947700
vt 0.324700 0.947900
vt 0.324800 0.945700
vt 0.325500 0.946000
vt 0.322900 0.951100
vt 0.322500 0.951100
vt 0.323200 0.951100
vt 0.322200 0.950900
vt 0.321900 0.950700
vt 0.494300 0.759600
vt 0.495300 0.760400
vt 0.495100 0.760700
vt 0.494100 0.759800
vt 0.496500 0.761300
vt 0.496200 0.761700
vt 0.495900 0.762100
vt 0.494800 0.761000
vt 0.493800 0.760000
vt 0.321100 0.949300
vt 0.321100 0.947200
vt 0.321600 0.947200
vt 0.321600 0.949200
vt 0.321000 0.945000
vt 0.321800 0.945100
vt 0.321600 0.950800
vt 0.321200 0.951000
vt 0.493000 0.759000
vt 0.493300 0.759000
vt 0.493500 0.758900
vt 0.495000 0.758500
vt 0.496200 0.759100
vt 0.496000 0.759400
vt 0.494800 0.758800
vt 0.497500 0.759700
vt 0.497200 0.760100
vt 0.497000 0.760500
vt 0.495800 0.759800
vt 0.494600 0.759100
vt 0.494500 0.759400
vt 0.495600 0.760100
vt 0.496700 0.760900
vt 0.493600 0.758700
vt 0.493600 0.758500
vt 0.493800 0.758300
vt 0.494000 0.758100
vt 0.324600 0.950300
vt 0.324300 0.949900
vt 0.325200 0.948200
vt 0.325700 0.948400
vt 0.326200 0.946300
vt 0.326800 0.946600
vt 0.495100 0.758200
vt 0.496300 0.758700
vt 0.495000 0.757900
vt 0.496500 0.758300
vt 0.497900 0.758800
vt 0.497700 0.759200
vt 0.494000 0.757900
vt 0.493900 0.757600
vt 0.323600 0.951700
vt 0.323400 0.951300
vt 0.323000 0.941400
vt 0.323300 0.939700
vt 0.324400 0.939900
vt 0.324000 0.941600
vt 0.325500 0.940100
vt 0.325000 0.941800
vt 0.326900 0.942400
vt 0.326000 0.942100
vt 0.326600 0.940400
vt 0.327600 0.940800
vt 0.325400 0.943900
vt 0.324500 0.943600
vt 0.326300 0.944200
vt 0.323600 0.943400
vt 0.322700 0.943300
vt 0.498700 0.762900
vt 0.499800 0.763700
vt 0.499400 0.764200
vt 0.498400 0.763400
vt 0.499100 0.764600
vt 0.498100 0.763800
vt 0.321300 0.941100
vt 0.321400 0.939400
vt 0.322300 0.939500
vt 0.322100 0.941300
vt 0.321900 0.943200
vt 0.321100 0.943100
vt 0.497300 0.762600
vt 0.497600 0.762100
vt 0.497000 0.763000
vt 0.499900 0.760900
vt 0.501100 0.761500
vt 0.500800 0.762000
vt 0.499600 0.761400
vt 0.500400 0.762600
vt 0.499300 0.761900
vt 0.499000 0.762400
vt 0.500100 0.763100
vt 0.497900 0.761700
vt 0.498200 0.761200
vt 0.498500 0.760700
vt 0.498700 0.760300
vt 0.328600 0.943100
vt 0.327800 0.942800
vt 0.328500 0.941100
vt 0.329300 0.941500
vt 0.500400 0.759900
vt 0.501600 0.760400
vt 0.501400 0.760900
vt 0.500200 0.760400
vt 0.499000 0.759800
vt 0.499200 0.759300
vt 0.327000 0.944500
vt 0.327700 0.944800
vt 0.288200 0.792500
vt 0.289600 0.791000
vt 0.290000 0.791400
vt 0.288600 0.792900
vt 0.290700 0.789400
vt 0.291100 0.789800
vt 0.291700 0.790300
vt 0.290500 0.791900
vt 0.289100 0.793400
vt 0.291100 0.792500
vt 0.289700 0.794000
vt 0.292400 0.790800
vt 0.293200 0.791500
vt 0.291800 0.793200
vt 0.290400 0.794700
vt 0.288200 0.795400
vt 0.287600 0.794800
vt 0.288800 0.796100
vt 0.287100 0.797500
vt 0.286500 0.796600
vt 0.285900 0.796000
vt 0.287100 0.794300
vt 0.286700 0.793800
vt 0.285400 0.795400
vt 0.285000 0.794900
vt 0.462600 0.785600
vt 0.462100 0.785100
vt 0.463000 0.784300
vt 0.463500 0.784700
vt 0.461800 0.784800
vt 0.462700 0.784000
vt 0.463400 0.783100
vt 0.463800 0.783400
vt 0.464300 0.783800
vt 0.465800 0.781900
vt 0.465100 0.782900
vt 0.464600 0.782500
vt 0.465300 0.781500
vt 0.464200 0.782200
vt 0.464800 0.781200
vt 0.465600 0.783400
vt 0.464900 0.784300
vt 0.466400 0.782300
vt 0.467200 0.782900
vt 0.466400 0.784000
vt 0.465600 0.784900
vt 0.464100 0.785200
vt 0.464700 0.785800
vt 0.463800 0.786800
vt 0.463100 0.786100
vt 0.293700 0.786200
vt 0.292800 0.788300
vt 0.292100 0.787900
vt 0.292900 0.785900
vt 0.291500 0.787600
vt 0.292000 0.785600
vt 0.459900 0.787400
vt 0.459600 0.786700
vt 0.460900 0.785900
vt 0.461400 0.786500
vt 0.459400 0.786000
vt 0.460600 0.785500
vt 0.461900 0.787200
vt 0.460600 0.788200
vt 0.462700 0.787900
vt 0.461300 0.789100
vt 0.293600 0.788900
vt 0.294800 0.786900
vt 0.295900 0.787600
vt 0.294600 0.789700
vt 0.332400 0.854800
vt 0.333900 0.857800
vt 0.330800 0.858600
vt 0.329300 0.855500
vt 0.335100 0.860700
vt 0.332000 0.861800
vt 0.328500 0.862600
vt 0.327300 0.859300
vt 0.326100 0.856000
vt 0.520600 0.805600
vt 0.523100 0.804700
vt 0.522900 0.808300
vt 0.519600 0.808500
vt 0.525600 0.803900
vt 0.526300 0.807400
vt 0.526500 0.811900
vt 0.521900 0.811900
vt 0.518200 0.811600
vt 0.514900 0.811000
vt 0.516500 0.808300
vt 0.511800 0.810200
vt 0.513400 0.807900
vt 0.515000 0.805900
vt 0.517800 0.805800
vt 0.324400 0.852800
vt 0.327500 0.852400
vt 0.322700 0.849500
vt 0.325400 0.849000
vt 0.328200 0.848400
vt 0.330500 0.851700
vt 0.274000 0.777800
vt 0.273900 0.778000
vt 0.273600 0.777600
vt 0.273600 0.777400
vt 0.273900 0.778400
vt 0.273700 0.778200
vt 0.273300 0.777900
vt 0.273300 0.777400
vt 0.273300 0.776900
vt 0.450200 0.771500
vt 0.449700 0.771200
vt 0.450200 0.771200
vt 0.450400 0.771500
vt 0.450600 0.771200
vt 0.450900 0.771600
vt 0.451100 0.771800
vt 0.450800 0.771800
vt 0.449900 0.771900
vt 0.449800 0.771500
vt 0.450100 0.771800
vt 0.450300 0.772200
vt 0.273900 0.777300
vt 0.274300 0.777700
vt 0.273700 0.777000
vt 0.326100 0.837800
vt 0.324300 0.839400
vt 0.321000 0.835600
vt 0.322800 0.834000
vt 0.322300 0.840800
vt 0.319300 0.837200
vt 0.316700 0.834200
vt 0.318300 0.832400
vt 0.320000 0.830700
vt 0.329400 0.834300
vt 0.327800 0.836100
vt 0.324600 0.832400
vt 0.326300 0.830800
vt 0.321800 0.829200
vt 0.323600 0.827800
vt 0.331200 0.840000
vt 0.329500 0.841900
vt 0.332600 0.837900
vt 0.335500 0.841200
vt 0.334300 0.843600
vt 0.332700 0.845700
vt 0.327600 0.843400
vt 0.330600 0.847200
vt 0.325300 0.844600
vt 0.500200 0.817000
vt 0.498200 0.815200
vt 0.499700 0.813300
vt 0.501700 0.814800
vt 0.496400 0.813700
vt 0.498000 0.812000
vt 0.499400 0.810200
vt 0.501200 0.811300
vt 0.503300 0.812600
vt 0.502600 0.809300
vt 0.504800 0.810400
vt 0.500600 0.808300
vt 0.501700 0.806400
vt 0.503700 0.807300
vt 0.506200 0.808300
vt 0.508900 0.809300
vt 0.507300 0.811500
vt 0.510000 0.812700
vt 0.508100 0.815500
vt 0.505600 0.814000
vt 0.503900 0.816500
vt 0.502300 0.819100
vt 0.506200 0.818400
vt 0.504200 0.821200
vt 0.331800 0.830400
vt 0.330700 0.832300
vt 0.327900 0.829200
vt 0.329500 0.827700
vt 0.325500 0.826500
vt 0.327100 0.825000
vt 0.498900 0.818900
vt 0.496800 0.816900
vt 0.497800 0.820600
vt 0.495500 0.818400
vt 0.493200 0.816200
vt 0.495000 0.815100
vt 0.500700 0.821300
vt 0.499200 0.823500
vt 0.502200 0.823800
vt 0.500700 0.826500
vt 0.333600 0.835500
vt 0.334400 0.833000
vt 0.337000 0.835600
vt 0.336300 0.838400
vt 0.305100 0.819400
vt 0.306600 0.821500
vt 0.304800 0.822300
vt 0.303300 0.820200
vt 0.307800 0.823100
vt 0.306000 0.824000
vt 0.304300 0.825000
vt 0.303000 0.823000
vt 0.301800 0.821000
vt 0.487900 0.794500
vt 0.489600 0.795500
vt 0.488600 0.796600
vt 0.486600 0.795400
vt 0.491400 0.796500
vt 0.490100 0.797600
vt 0.489100 0.798900
vt 0.487500 0.797700
vt 0.485500 0.796400
vt 0.483400 0.794900
vt 0.484500 0.794000
vt 0.481100 0.793300
vt 0.482200 0.792400
vt 0.483400 0.791600
vt 0.485700 0.793100
vt 0.299800 0.818500
vt 0.301600 0.817900
vt 0.297900 0.816000
vt 0.299500 0.815300
vt 0.301200 0.814400
vt 0.303300 0.817100
vt 0.310800 0.823800
vt 0.309100 0.825100
vt 0.308500 0.824200
vt 0.310300 0.823000
vt 0.309500 0.821900
vt 0.311000 0.820600
vt 0.311900 0.821700
vt 0.315400 0.819100
vt 0.313900 0.820800
vt 0.313300 0.820100
vt 0.314700 0.818400
vt 0.312400 0.819000
vt 0.313700 0.817400
vt 0.315900 0.819700
vt 0.314400 0.821400
vt 0.316500 0.820100
vt 0.314900 0.821800
vt 0.309900 0.826300
vt 0.309500 0.825700
vt 0.311300 0.824400
vt 0.311700 0.824800
vt 0.487300 0.805400
vt 0.486400 0.804700
vt 0.487400 0.803500
vt 0.488300 0.804200
vt 0.485200 0.803800
vt 0.486200 0.802500
vt 0.487100 0.801300
vt 0.488400 0.802200
vt 0.489300 0.802900
vt 0.489400 0.801000
vt 0.490300 0.801700
vt 0.488100 0.800100
vt 0.490300 0.799700
vt 0.491300 0.800400
vt 0.491100 0.802300
vt 0.490100 0.803600
vt 0.492000 0.801000
vt 0.492800 0.801600
vt 0.491900 0.802900
vt 0.490900 0.804200
vt 0.489100 0.804800
vt 0.489900 0.805400
vt 0.488800 0.806700
vt 0.488000 0.806100
vt 0.318100 0.815400
vt 0.316700 0.817300
vt 0.315900 0.816600
vt 0.317100 0.814800
vt 0.314800 0.815700
vt 0.316000 0.814100
vt 0.485000 0.808000
vt 0.484200 0.807300
vt 0.485300 0.806000
vt 0.486100 0.806700
vt 0.483500 0.806600
vt 0.484200 0.805100
vt 0.486800 0.807300
vt 0.487500 0.807900
vt 0.486100 0.809100
vt 0.485500 0.808500
vt 0.319000 0.815800
vt 0.317400 0.817800
vt 0.319800 0.816200
vt 0.318100 0.818300
vt 0.310700 0.834900
vt 0.312200 0.832800
vt 0.313400 0.834100
vt 0.312100 0.836100
vt 0.313600 0.830700
vt 0.314900 0.832100
vt 0.315200 0.835900
vt 0.313500 0.837300
vt 0.499900 0.801500
vt 0.501300 0.802200
vt 0.500700 0.803900
vt 0.499400 0.803400
vt 0.502700 0.802800
vt 0.502400 0.804600
vt 0.500000 0.805700
vt 0.498700 0.805200
vt 0.497600 0.804700
vt 0.498400 0.802900
vt 0.496600 0.804200
vt 0.497500 0.802400
vt 0.498300 0.800700
vt 0.499100 0.801100
vt 0.311300 0.832000
vt 0.312800 0.829800
vt 0.309700 0.834200
vt 0.308800 0.833500
vt 0.310500 0.831200
vt 0.312200 0.829100
vt 0.316800 0.827100
vt 0.315200 0.828800
vt 0.314400 0.827900
vt 0.316000 0.826200
vt 0.313800 0.827200
vt 0.315400 0.825600
vt 0.317800 0.824700
vt 0.318700 0.825600
vt 0.317200 0.824100
vt 0.319200 0.822600
vt 0.319900 0.823300
vt 0.320700 0.824200
vt 0.321900 0.825600
vt 0.319900 0.827000
vt 0.318100 0.828500
vt 0.316400 0.830200
vt 0.494000 0.811400
vt 0.493100 0.810500
vt 0.494500 0.809200
vt 0.495400 0.810000
vt 0.492300 0.809700
vt 0.493600 0.808400
vt 0.494700 0.807100
vt 0.495700 0.807800
vt 0.496700 0.808500
vt 0.496700 0.806300
vt 0.497800 0.806900
vt 0.495700 0.805700
vt 0.499100 0.807500
vt 0.497900 0.809300
vt 0.496600 0.810900
vt 0.495100 0.812400
vt 0.322100 0.822000
vt 0.322900 0.823000
vt 0.321500 0.821200
vt 0.324000 0.819700
vt 0.324600 0.820700
vt 0.325100 0.821700
vt 0.492500 0.812700
vt 0.491600 0.811800
vt 0.490700 0.813800
vt 0.490000 0.813100
vt 0.489300 0.812300
vt 0.490800 0.811000
vt 0.493500 0.813700
vt 0.492000 0.815000
vt 0.326100 0.823400
vt 0.324000 0.824500
vt 0.305200 0.827300
vt 0.307200 0.826200
vt 0.307600 0.827000
vt 0.305500 0.828200
vt 0.308000 0.827700
vt 0.305800 0.829100
vt 0.492200 0.799000
vt 0.492900 0.799600
vt 0.493200 0.797600
vt 0.493800 0.798000
vt 0.494500 0.798400
vt 0.493700 0.800100
vt 0.491300 0.798400
vt 0.492300 0.797100
vt 0.304700 0.826100
vt 0.306700 0.825200
vt 0.311000 0.827600
vt 0.310400 0.826900
vt 0.312100 0.825400
vt 0.312700 0.826000
vt 0.313800 0.823900
vt 0.314300 0.824400
vt 0.315400 0.822300
vt 0.316000 0.822900
vt 0.317100 0.820700
vt 0.317800 0.821300
vt 0.318500 0.822000
vt 0.316600 0.823500
vt 0.314800 0.825000
vt 0.313200 0.826600
vt 0.311600 0.828400
vt 0.490500 0.808200
vt 0.489600 0.807400
vt 0.490800 0.806200
vt 0.491700 0.806900
vt 0.491800 0.804900
vt 0.492800 0.805700
vt 0.494700 0.802900
vt 0.493800 0.804400
vt 0.492800 0.803600
vt 0.493700 0.802200
vt 0.494700 0.805100
vt 0.493800 0.806400
vt 0.495600 0.803600
vt 0.492700 0.807700
vt 0.491400 0.808900
vt 0.319000 0.818900
vt 0.319800 0.819600
vt 0.320900 0.817000
vt 0.322000 0.817700
vt 0.487600 0.810700
vt 0.486800 0.809900
vt 0.488300 0.808600
vt 0.489100 0.809400
vt 0.490000 0.810200
vt 0.488500 0.811500
vt 0.323000 0.818700
vt 0.320700 0.820400
vt 0.307100 0.831400
vt 0.309100 0.829500
vt 0.309800 0.830400
vt 0.308000 0.832500
vt 0.495500 0.801200
vt 0.496500 0.801900
vt 0.496300 0.799500
vt 0.497300 0.800100
vt 0.494600 0.800600
vt 0.495400 0.798900
vt 0.308500 0.828600
vt 0.306500 0.830200
vt 0.322900 0.845500
vt 0.320200 0.841900
vt 0.320400 0.846100
vt 0.318100 0.842800
vt 0.508300 0.804800
vt 0.511600 0.805400
vt 0.510300 0.807300
vt 0.507400 0.806400
vt 0.504700 0.805500
vt 0.505500 0.803800
vt 0.315800 0.840000
vt 0.317500 0.838600
vt 0.333100 0.850600
vt 0.335000 0.853600
vt 0.335200 0.848900
vt 0.337200 0.851800
vt 0.340000 0.846300
vt 0.338900 0.849400
vt 0.336800 0.846700
vt 0.338000 0.844000
vt 0.340800 0.851900
vt 0.338700 0.854400
vt 0.342100 0.848500
vt 0.345000 0.851200
vt 0.342200 0.854600
vt 0.339900 0.857100
vt 0.336500 0.856400
vt 0.337700 0.859200
vt 0.513300 0.818500
vt 0.510400 0.822000
vt 0.508400 0.820200
vt 0.510700 0.817000
vt 0.507300 0.825300
vt 0.505900 0.823300
vt 0.512900 0.813900
vt 0.516000 0.815000
vt 0.519300 0.815900
vt 0.522200 0.817000
vt 0.517900 0.821400
vt 0.515800 0.819900
vt 0.512200 0.823700
vt 0.513700 0.825300
vt 0.509300 0.828700
vt 0.508400 0.827100
vt 0.340200 0.838800
vt 0.340300 0.842600
vt 0.338400 0.840700
vt 0.338600 0.837200
vt 0.503900 0.828000
vt 0.503300 0.826100
vt 0.500400 0.830800
vt 0.500500 0.828700
vt 0.504300 0.829700
vt 0.500000 0.831900
vt 0.504600 0.831000
vt 0.499600 0.833000
vt 0.341900 0.844300
vt 0.341100 0.839500
vt 0.342000 0.840200
vt 0.343400 0.845100
vt 0.299600 0.805700
vt 0.298000 0.807200
vt 0.295600 0.804200
vt 0.297200 0.802600
vt 0.296400 0.808500
vt 0.294000 0.805600
vt 0.291800 0.803100
vt 0.293400 0.801600
vt 0.295100 0.800000
vt 0.302300 0.802600
vt 0.301000 0.804200
vt 0.298700 0.801000
vt 0.300100 0.799500
vt 0.296700 0.798300
vt 0.298200 0.796800
vt 0.303400 0.807400
vt 0.302000 0.808900
vt 0.304700 0.805800
vt 0.307000 0.808800
vt 0.305800 0.810400
vt 0.304400 0.811900
vt 0.300500 0.810300
vt 0.298900 0.811500
vt 0.302900 0.813300
vt 0.472600 0.794300
vt 0.470400 0.792600
vt 0.471300 0.791500
vt 0.473500 0.793100
vt 0.468500 0.791000
vt 0.469400 0.789900
vt 0.470300 0.788900
vt 0.472200 0.790300
vt 0.474400 0.792000
vt 0.473200 0.789300
vt 0.475400 0.790900
vt 0.471300 0.787800
vt 0.472200 0.786700
vt 0.474200 0.788200
vt 0.476400 0.789900
vt 0.478700 0.791600
vt 0.477700 0.792600
vt 0.480000 0.794300
vt 0.479000 0.795400
vt 0.476700 0.793700
vt 0.475800 0.794800
vt 0.475000 0.796100
vt 0.478100 0.796600
vt 0.477400 0.797900
vt 0.304400 0.799800
vt 0.303500 0.801200
vt 0.301400 0.798100
vt 0.302600 0.796800
vt 0.299600 0.795400
vt 0.300800 0.793800
vt 0.472000 0.795600
vt 0.469700 0.793800
vt 0.471300 0.796900
vt 0.469000 0.795100
vt 0.466700 0.793300
vt 0.467700 0.792200
vt 0.474400 0.797400
vt 0.473800 0.798800
vt 0.476800 0.799200
vt 0.476300 0.800700
vt 0.305700 0.804300
vt 0.306700 0.802800
vt 0.308900 0.805900
vt 0.308000 0.807300
vt 0.288900 0.799600
vt 0.290200 0.801100
vt 0.288600 0.802600
vt 0.287200 0.801100
vt 0.290300 0.804400
vt 0.288700 0.805500
vt 0.287000 0.804000
vt 0.285300 0.802500
vt 0.471200 0.781900
vt 0.472600 0.783200
vt 0.471600 0.784400
vt 0.470200 0.783200
vt 0.474100 0.784500
vt 0.473300 0.785700
vt 0.470600 0.785500
vt 0.469200 0.784400
vt 0.468100 0.783600
vt 0.469100 0.782300
vt 0.468100 0.781600
vt 0.469000 0.780100
vt 0.470100 0.781000
vt 0.286100 0.799900
vt 0.287900 0.798500
vt 0.284200 0.801300
vt 0.283100 0.800100
vt 0.285200 0.798800
vt 0.292200 0.796600
vt 0.290600 0.798100
vt 0.289600 0.797000
vt 0.291200 0.795500
vt 0.292700 0.794000
vt 0.293800 0.795000
vt 0.294200 0.792300
vt 0.295300 0.793300
vt 0.295100 0.796400
vt 0.293500 0.798000
vt 0.296600 0.794800
vt 0.291800 0.799600
vt 0.467400 0.786500
vt 0.466500 0.787500
vt 0.465500 0.786600
vt 0.466400 0.785600
vt 0.465600 0.788600
vt 0.464600 0.787600
vt 0.467200 0.784600
vt 0.468300 0.785500
vt 0.469600 0.786500
vt 0.468700 0.787600
vt 0.467800 0.788600
vt 0.466900 0.789700
vt 0.295600 0.790500
vt 0.296800 0.791700
vt 0.297100 0.788700
vt 0.298300 0.789900
vt 0.464600 0.789700
vt 0.463600 0.788800
vt 0.463500 0.790900
vt 0.462400 0.790000
vt 0.466000 0.790900
vt 0.465100 0.792100
vt 0.298100 0.793300
vt 0.299600 0.791800
vt 0.284500 0.797800
vt 0.283900 0.796900
vt 0.282400 0.798900
vt 0.281800 0.797800
vt 0.467100 0.779000
vt 0.468100 0.779500
vt 0.467200 0.781000
vt 0.466500 0.780500
vt 0.465900 0.780200
vt 0.466400 0.778800
vt 0.465400 0.780000
vt 0.465700 0.778600
vt 0.281500 0.796900
vt 0.283500 0.796200
vt 0.281200 0.796100
vt 0.283200 0.795700
vt 0.297200 0.812400
vt 0.294900 0.809500
vt 0.295600 0.813200
vt 0.293300 0.810300
vt 0.478500 0.788000
vt 0.481000 0.789800
vt 0.479800 0.790700
vt 0.477500 0.788900
vt 0.475300 0.787200
vt 0.476300 0.786300
vt 0.291000 0.807900
vt 0.292500 0.806800
vt 0.305000 0.816000
vt 0.306800 0.818400
vt 0.306500 0.814700
vt 0.308300 0.817000
vt 0.310900 0.813900
vt 0.309700 0.815500
vt 0.307900 0.813100
vt 0.309000 0.811500
vt 0.311200 0.817500
vt 0.309800 0.819000
vt 0.312400 0.815900
vt 0.308300 0.820400
vt 0.483500 0.798600
vt 0.482600 0.799900
vt 0.480400 0.798300
vt 0.481300 0.797000
vt 0.481800 0.801200
vt 0.479600 0.799600
vt 0.482300 0.795900
vt 0.484500 0.797500
vt 0.486500 0.798900
vt 0.485500 0.800100
vt 0.484500 0.801300
vt 0.483600 0.802600
vt 0.312800 0.810900
vt 0.311900 0.812300
vt 0.310000 0.810000
vt 0.310900 0.808400
vt 0.481000 0.802500
vt 0.479000 0.800900
vt 0.480500 0.804000
vt 0.478400 0.802400
vt 0.482800 0.803900
vt 0.482000 0.805300
vt 0.313500 0.814200
vt 0.314400 0.812500
vt 0.287600 0.791900
vt 0.287900 0.792200
vt 0.286400 0.793500
vt 0.286200 0.793200
vt 0.284800 0.794600
vt 0.289000 0.790500
vt 0.289200 0.790700
vt 0.290300 0.789100
vt 0.291100 0.787400
vt 0.291700 0.785600
vt 0.290800 0.787300
vt 0.291300 0.785600
vt 0.291100 0.785700
vt 0.290600 0.787300
vt 0.459300 0.785700
vt 0.460400 0.785200
vt 0.461500 0.784500
vt 0.462900 0.782700
vt 0.463200 0.782800
vt 0.462400 0.783700
vt 0.462200 0.783500
vt 0.461300 0.784300
vt 0.463400 0.781500
vt 0.464100 0.780600
vt 0.464200 0.780700
vt 0.463500 0.781600
vt 0.464400 0.780800
vt 0.463700 0.781800
vt 0.463900 0.782000
vt 0.464600 0.781000
vt 0.465100 0.779800
vt 0.465500 0.778600
vt 0.464800 0.779700
vt 0.465200 0.778500
vt 0.464700 0.779600
vt 0.465000 0.778500
vt 0.464500 0.779600
vt 0.464800 0.778500
vt 0.281200 0.795800
vt 0.283100 0.795300
vt 0.284900 0.791500
vt 0.286200 0.790400
vt 0.286700 0.791000
vt 0.285400 0.792100
vt 0.287300 0.789200
vt 0.287900 0.789700
vt 0.288300 0.787900
vt 0.288900 0.788400
vt 0.289700 0.785600
vt 0.290200 0.785700
vt 0.289600 0.787000
vt 0.289000 0.786700
vt 0.458800 0.784600
vt 0.458600 0.784300
vt 0.459300 0.783700
vt 0.459700 0.784100
vt 0.460100 0.783100
vt 0.460600 0.783600
vt 0.460800 0.783800
vt 0.459900 0.784400
vt 0.461700 0.781600
vt 0.462100 0.782000
vt 0.461400 0.782800
vt 0.460900 0.782400
vt 0.462400 0.780700
vt 0.462900 0.781100
vt 0.463000 0.779900
vt 0.463500 0.780200
vt 0.463800 0.780400
vt 0.463200 0.781300
vt 0.464000 0.780500
vt 0.463300 0.781400
vt 0.464700 0.778500
vt 0.464300 0.779400
vt 0.464000 0.779300
vt 0.464300 0.778300
vt 0.463400 0.779000
vt 0.463900 0.778100
vt 0.281300 0.793800
vt 0.282400 0.793100
vt 0.282700 0.793800
vt 0.281400 0.794200
vt 0.286100 0.786400
vt 0.287300 0.787300
vt 0.286400 0.788400
vt 0.285300 0.787400
vt 0.285300 0.789500
vt 0.284300 0.788500
vt 0.282100 0.790300
vt 0.283200 0.789400
vt 0.284200 0.790600
vt 0.283000 0.791500
vt 0.283700 0.792500
vt 0.282100 0.788200
vt 0.283100 0.787300
vt 0.281200 0.789000
vt 0.280200 0.787700
vt 0.281100 0.786900
vt 0.282000 0.786100
vt 0.284100 0.786300
vt 0.282800 0.785200
vt 0.283600 0.784300
vt 0.284900 0.785400
vt 0.458600 0.781400
vt 0.459500 0.782300
vt 0.458700 0.782900
vt 0.458000 0.781900
vt 0.458000 0.783400
vt 0.457400 0.782500
vt 0.287500 0.784600
vt 0.288600 0.785100
vt 0.288000 0.786200
vt 0.286800 0.785400
vt 0.285600 0.784500
vt 0.286200 0.783600
vt 0.284300 0.783500
vt 0.284900 0.782700
vt 0.457100 0.780900
vt 0.457700 0.780400
vt 0.456600 0.781400
vt 0.455700 0.780300
vt 0.456200 0.779900
vt 0.456800 0.779400
vt 0.461100 0.778600
vt 0.462100 0.779300
vt 0.461500 0.780100
vt 0.460500 0.779300
vt 0.460900 0.780900
vt 0.459900 0.780100
vt 0.459300 0.780800
vt 0.460200 0.781700
vt 0.458300 0.779800
vt 0.458900 0.779200
vt 0.457300 0.778800
vt 0.457800 0.778200
vt 0.459500 0.778500
vt 0.458400 0.777600
vt 0.458800 0.777000
vt 0.460000 0.777800
vt 0.280300 0.791500
vt 0.281200 0.790900
vt 0.281900 0.792100
vt 0.280800 0.792700
vt 0.461500 0.777900
vt 0.462600 0.778500
vt 0.462000 0.777200
vt 0.463000 0.777700
vt 0.460400 0.777200
vt 0.459300 0.776400
vt 0.459700 0.775900
vt 0.460800 0.776500
vt 0.279400 0.790200
vt 0.280300 0.789600
vt 0.278500 0.788900
vt 0.279300 0.788300
vt 0.276100 0.778600
vt 0.277200 0.779400
vt 0.276800 0.779900
vt 0.275800 0.778900
vt 0.278500 0.780300
vt 0.278000 0.780900
vt 0.277500 0.781500
vt 0.276400 0.780300
vt 0.275400 0.779300
vt 0.274700 0.779900
vt 0.275100 0.779600
vt 0.275900 0.780700
vt 0.275500 0.781100
vt 0.276900 0.782000
vt 0.276300 0.782500
vt 0.274400 0.778700
vt 0.274600 0.778400
vt 0.274200 0.778900
vt 0.274900 0.778200
vt 0.274600 0.777700
vt 0.275200 0.778000
vt 0.451500 0.773600
vt 0.452200 0.774500
vt 0.451800 0.774700
vt 0.451200 0.773800
vt 0.453000 0.775400
vt 0.452600 0.775800
vt 0.452200 0.776100
vt 0.451500 0.775000
vt 0.450800 0.773800
vt 0.276500 0.777800
vt 0.277900 0.778400
vt 0.277600 0.778900
vt 0.276300 0.778200
vt 0.279300 0.779100
vt 0.279000 0.779700
vt 0.275300 0.777700
vt 0.275300 0.777400
vt 0.450300 0.772900
vt 0.450600 0.772900
vt 0.450600 0.772400
vt 0.450900 0.772900
vt 0.452400 0.772500
vt 0.453400 0.773100
vt 0.453100 0.773500
vt 0.452200 0.772800
vt 0.454500 0.773800
vt 0.454200 0.774300
vt 0.453800 0.774700
vt 0.452900 0.773800
vt 0.452000 0.773100
vt 0.452500 0.774200
vt 0.451700 0.773400
vt 0.453400 0.775100
vt 0.451100 0.772700
vt 0.451200 0.772400
vt 0.451400 0.772300
vt 0.451600 0.772100
vt 0.273900 0.780300
vt 0.274400 0.780100
vt 0.275000 0.781500
vt 0.274500 0.781800
vt 0.275700 0.782900
vt 0.275100 0.783200
vt 0.452600 0.772200
vt 0.453600 0.772700
vt 0.452600 0.771800
vt 0.453800 0.772400
vt 0.455100 0.772900
vt 0.454800 0.773400
vt 0.451600 0.771800
vt 0.451600 0.771500
vt 0.273600 0.779100
vt 0.273900 0.779000
vt 0.281100 0.782200
vt 0.282300 0.783300
vt 0.281600 0.784100
vt 0.280400 0.783000
vt 0.280800 0.784900
vt 0.279700 0.783800
vt 0.278200 0.785100
vt 0.278900 0.784500
vt 0.280000 0.785700
vt 0.279100 0.786400
vt 0.277900 0.783200
vt 0.278600 0.782600
vt 0.277200 0.783800
vt 0.279200 0.781900
vt 0.279800 0.781300
vt 0.454800 0.777400
vt 0.455800 0.778400
vt 0.455300 0.778900
vt 0.454400 0.777800
vt 0.454800 0.779300
vt 0.453900 0.778300
vt 0.282100 0.780800
vt 0.283500 0.781800
vt 0.283000 0.782500
vt 0.281600 0.781500
vt 0.280300 0.780600
vt 0.280700 0.779900
vt 0.453500 0.776800
vt 0.453900 0.776400
vt 0.453000 0.777200
vt 0.456600 0.775400
vt 0.457700 0.776200
vt 0.457300 0.776700
vt 0.456200 0.775900
vt 0.456800 0.777300
vt 0.455800 0.776400
vt 0.455300 0.776900
vt 0.456300 0.777900
vt 0.454300 0.776000
vt 0.454800 0.775500
vt 0.455200 0.775000
vt 0.455600 0.774600
vt 0.278400 0.787000
vt 0.277400 0.785600
vt 0.277600 0.787500
vt 0.276700 0.786100
vt 0.457400 0.774300
vt 0.458500 0.775100
vt 0.458100 0.775600
vt 0.457000 0.774900
vt 0.455900 0.774100
vt 0.456200 0.773600
vt 0.276500 0.784300
vt 0.275900 0.784700
vt 0.388200 0.774800
vt 0.390200 0.775600
vt 0.390000 0.776100
vt 0.388000 0.775400
vt 0.392200 0.776000
vt 0.392000 0.776600
vt 0.391700 0.777300
vt 0.389700 0.776800
vt 0.387700 0.776100
vt 0.389300 0.777600
vt 0.387400 0.776800
vt 0.391400 0.778200
vt 0.391100 0.779300
vt 0.389000 0.778500
vt 0.387000 0.777700
vt 0.385500 0.776000
vt 0.385800 0.775200
vt 0.385100 0.776900
vt 0.383100 0.775900
vt 0.383600 0.774900
vt 0.384000 0.774100
vt 0.386100 0.774500
vt 0.386400 0.773900
vt 0.384400 0.773400
vt 0.384700 0.772800
vt 0.458600 0.881000
vt 0.458000 0.881200
vt 0.457700 0.879900
vt 0.458300 0.879700
vt 0.457500 0.881300
vt 0.457200 0.880200
vt 0.456700 0.879100
vt 0.457200 0.878800
vt 0.457800 0.878600
vt 0.456600 0.876300
vt 0.457300 0.877500
vt 0.456700 0.877800
vt 0.456000 0.876700
vt 0.456200 0.878000
vt 0.455500 0.876900
vt 0.458000 0.877100
vt 0.458500 0.878200
vt 0.457300 0.875900
vt 0.458100 0.875400
vt 0.458800 0.876700
vt 0.459400 0.877800
vt 0.459000 0.879400
vt 0.459900 0.879000
vt 0.460400 0.880400
vt 0.459400 0.880700
vt 0.396500 0.777800
vt 0.394000 0.777700
vt 0.394200 0.776800
vt 0.396500 0.776800
vt 0.394300 0.776100
vt 0.396400 0.775900
vt 0.459100 0.884200
vt 0.458300 0.884100
vt 0.458200 0.882600
vt 0.458900 0.882500
vt 0.457600 0.884100
vt 0.457700 0.882700
vt 0.459800 0.882200
vt 0.460200 0.883900
vt 0.460900 0.881900
vt 0.461300 0.883700
vt 0.393700 0.778700
vt 0.396200 0.779100
vt 0.395900 0.780500
vt 0.393400 0.779900
vt 0.354000 0.837500
vt 0.352300 0.840200
vt 0.349600 0.837700
vt 0.351400 0.835200
vt 0.350800 0.842500
vt 0.348000 0.839800
vt 0.345100 0.837000
vt 0.346900 0.834900
vt 0.348700 0.832800
vt 0.504900 0.845800
vt 0.501800 0.843500
vt 0.504000 0.840700
vt 0.508000 0.842600
vt 0.498800 0.841500
vt 0.499700 0.839500
vt 0.500600 0.837400
vt 0.505500 0.837800
vt 0.511800 0.838100
vt 0.502100 0.848500
vt 0.499800 0.846000
vt 0.499600 0.850600
vt 0.497700 0.848300
vt 0.495900 0.846200
vt 0.497300 0.843900
vt 0.350800 0.830100
vt 0.353300 0.832500
vt 0.352900 0.827300
vt 0.355200 0.829300
vt 0.357600 0.831300
vt 0.355700 0.834600
vt 0.397600 0.753000
vt 0.397200 0.753000
vt 0.397500 0.752400
vt 0.397800 0.752300
vt 0.396900 0.753300
vt 0.397000 0.752900
vt 0.397700 0.751900
vt 0.398200 0.751600
vt 0.439700 0.886500
vt 0.439200 0.886700
vt 0.439300 0.886500
vt 0.439800 0.886200
vt 0.438600 0.887000
vt 0.438900 0.886600
vt 0.439600 0.886000
vt 0.440000 0.886000
vt 0.439900 0.886600
vt 0.439400 0.886800
vt 0.440200 0.886700
vt 0.440000 0.886800
vt 0.439500 0.887100
vt 0.439000 0.887000
vt 0.398000 0.752600
vt 0.397700 0.753300
vt 0.398300 0.752200
vt 0.398400 0.752800
vt 0.398000 0.753300
vt 0.397800 0.753700
vt 0.366200 0.825700
vt 0.363800 0.824700
vt 0.365700 0.820700
vt 0.368100 0.821600
vt 0.361400 0.823600
vt 0.363200 0.819700
vt 0.364700 0.816400
vt 0.367200 0.817200
vt 0.369700 0.818100
vt 0.371100 0.827500
vt 0.368700 0.826700
vt 0.370500 0.822600
vt 0.372800 0.823700
vt 0.372100 0.819200
vt 0.374400 0.820500
vt 0.366800 0.830800
vt 0.364300 0.829900
vt 0.369400 0.831500
vt 0.367900 0.835400
vt 0.365100 0.834800
vt 0.362500 0.834000
vt 0.361900 0.828800
vt 0.360000 0.832800
vt 0.359500 0.827500
vt 0.500100 0.864200
vt 0.497700 0.865100
vt 0.496900 0.862600
vt 0.499100 0.861700
vt 0.495700 0.865800
vt 0.494900 0.863500
vt 0.494000 0.861200
vt 0.495800 0.860200
vt 0.497900 0.859100
vt 0.494500 0.857900
vt 0.496500 0.856600
vt 0.492800 0.859100
vt 0.491400 0.857200
vt 0.493100 0.855900
vt 0.495100 0.854300
vt 0.497200 0.852600
vt 0.498800 0.855100
vt 0.501400 0.853300
vt 0.503100 0.856300
vt 0.500300 0.857800
vt 0.501700 0.860600
vt 0.502800 0.863300
vt 0.504600 0.859300
vt 0.505800 0.862300
vt 0.376100 0.828900
vt 0.373600 0.828300
vt 0.375100 0.824800
vt 0.377400 0.825900
vt 0.376500 0.821800
vt 0.378600 0.822900
vt 0.501500 0.868600
vt 0.498900 0.869400
vt 0.498400 0.867300
vt 0.500900 0.866500
vt 0.496400 0.870100
vt 0.496200 0.867900
vt 0.503700 0.865800
vt 0.504400 0.868200
vt 0.506700 0.865200
vt 0.507400 0.867800
vt 0.372200 0.832000
vt 0.375000 0.832500
vt 0.374000 0.836100
vt 0.370900 0.835800
vt 0.373900 0.797700
vt 0.372600 0.800400
vt 0.370800 0.799200
vt 0.372000 0.796600
vt 0.371500 0.802700
vt 0.369700 0.801400
vt 0.367800 0.800300
vt 0.369000 0.798000
vt 0.370300 0.795600
vt 0.473400 0.864100
vt 0.475300 0.863100
vt 0.476000 0.864600
vt 0.474000 0.865600
vt 0.477200 0.862000
vt 0.477700 0.863700
vt 0.478500 0.865300
vt 0.476700 0.866100
vt 0.474600 0.867100
vt 0.472500 0.868100
vt 0.471800 0.866600
vt 0.470400 0.869100
vt 0.469700 0.867600
vt 0.469000 0.866300
vt 0.471200 0.865200
vt 0.371500 0.792700
vt 0.373300 0.793700
vt 0.372800 0.789900
vt 0.374500 0.790800
vt 0.376400 0.791700
vt 0.375100 0.794700
vt 0.370100 0.805300
vt 0.370700 0.804200
vt 0.372700 0.805400
vt 0.372200 0.806400
vt 0.373500 0.803800
vt 0.375500 0.804800
vt 0.374800 0.806400
vt 0.374300 0.807400
vt 0.378900 0.809000
vt 0.376600 0.808300
vt 0.377000 0.807200
vt 0.379300 0.807900
vt 0.377700 0.805600
vt 0.379900 0.806200
vt 0.376300 0.809100
vt 0.374000 0.808200
vt 0.378600 0.809800
vt 0.378400 0.810600
vt 0.376000 0.809700
vt 0.373700 0.808800
vt 0.371800 0.807200
vt 0.371500 0.807800
vt 0.369300 0.806700
vt 0.369600 0.806000
vt 0.483800 0.870400
vt 0.482700 0.870900
vt 0.482000 0.869300
vt 0.483100 0.868800
vt 0.481400 0.871500
vt 0.480600 0.870000
vt 0.479900 0.868400
vt 0.481300 0.867800
vt 0.482400 0.867200
vt 0.480900 0.864100
vt 0.481700 0.865700
vt 0.480500 0.866200
vt 0.479800 0.864600
vt 0.479200 0.866800
vt 0.482600 0.865200
vt 0.483400 0.866800
vt 0.481800 0.863700
vt 0.482700 0.863200
vt 0.483600 0.864800
vt 0.484300 0.866300
vt 0.484100 0.868300
vt 0.485100 0.867900
vt 0.485700 0.869500
vt 0.484800 0.869900
vt 0.383800 0.810100
vt 0.381400 0.809500
vt 0.381600 0.808300
vt 0.384000 0.808700
vt 0.382100 0.806700
vt 0.384100 0.807300
vt 0.485200 0.873700
vt 0.484200 0.874100
vt 0.483500 0.872500
vt 0.484500 0.872000
vt 0.483100 0.874600
vt 0.482100 0.873100
vt 0.485400 0.871700
vt 0.486300 0.871300
vt 0.486700 0.873200
vt 0.486000 0.873500
vt 0.383800 0.811100
vt 0.381200 0.810500
vt 0.383800 0.812100
vt 0.381000 0.811400
vt 0.360800 0.811400
vt 0.363700 0.811900
vt 0.363100 0.813600
vt 0.360300 0.813200
vt 0.366500 0.812400
vt 0.365700 0.814100
vt 0.362100 0.815800
vt 0.359800 0.815000
vt 0.489000 0.859300
vt 0.487600 0.857700
vt 0.488700 0.856800
vt 0.490100 0.858300
vt 0.486000 0.856400
vt 0.487200 0.855400
vt 0.488400 0.854400
vt 0.490000 0.855600
vt 0.488000 0.860100
vt 0.486700 0.858500
vt 0.487000 0.860800
vt 0.485800 0.859200
vt 0.484400 0.857600
vt 0.485200 0.857000
vt 0.364100 0.810700
vt 0.367000 0.811200
vt 0.361100 0.810200
vt 0.361400 0.808900
vt 0.364500 0.809600
vt 0.367400 0.810300
vt 0.371600 0.814000
vt 0.369100 0.813100
vt 0.369600 0.811900
vt 0.372100 0.812800
vt 0.370000 0.811100
vt 0.372400 0.812000
vt 0.374400 0.814000
vt 0.374000 0.815100
vt 0.374800 0.813100
vt 0.377100 0.814400
vt 0.376800 0.815400
vt 0.376200 0.816500
vt 0.375500 0.818200
vt 0.373200 0.816800
vt 0.370900 0.815700
vt 0.368300 0.814700
vt 0.492600 0.866800
vt 0.491400 0.867200
vt 0.490800 0.865300
vt 0.492000 0.864700
vt 0.490200 0.867600
vt 0.489700 0.865800
vt 0.489000 0.864000
vt 0.490100 0.863400
vt 0.491200 0.862800
vt 0.489100 0.861700
vt 0.490200 0.860900
vt 0.488100 0.862400
vt 0.491400 0.860100
vt 0.492500 0.862000
vt 0.493300 0.864200
vt 0.494000 0.866300
vt 0.379100 0.817100
vt 0.378500 0.818200
vt 0.379600 0.816000
vt 0.382200 0.817800
vt 0.381500 0.818900
vt 0.380700 0.819900
vt 0.493100 0.868900
vt 0.491900 0.869200
vt 0.493300 0.871100
vt 0.492300 0.871400
vt 0.491300 0.871700
vt 0.490800 0.869600
vt 0.494500 0.868500
vt 0.494800 0.870600
vt 0.379700 0.821400
vt 0.377600 0.819700
vt 0.366000 0.802400
vt 0.368000 0.803900
vt 0.367400 0.804600
vt 0.365200 0.803200
vt 0.366900 0.805400
vt 0.364500 0.803900
vt 0.480000 0.862600
vt 0.480900 0.862100
vt 0.479200 0.861000
vt 0.479800 0.860600
vt 0.480500 0.860100
vt 0.481700 0.861700
vt 0.479000 0.863100
vt 0.478200 0.861500
vt 0.366900 0.801400
vt 0.368800 0.802900
vt 0.368400 0.808400
vt 0.368800 0.807500
vt 0.371200 0.808600
vt 0.370800 0.809300
vt 0.373400 0.809500
vt 0.373100 0.810300
vt 0.375700 0.810500
vt 0.375400 0.811300
vt 0.378100 0.811500
vt 0.377800 0.812400
vt 0.377500 0.813400
vt 0.375100 0.812200
vt 0.372800 0.811100
vt 0.370400 0.810200
vt 0.367900 0.809300
vt 0.487900 0.868500
vt 0.486800 0.869000
vt 0.486200 0.867400
vt 0.487300 0.866800
vt 0.485500 0.865800
vt 0.486600 0.865200
vt 0.484900 0.862100
vt 0.485800 0.863700
vt 0.484700 0.864200
vt 0.483800 0.862700
vt 0.487000 0.863000
vt 0.487800 0.864600
vt 0.486000 0.861500
vt 0.488500 0.866300
vt 0.489100 0.868000
vt 0.380800 0.812500
vt 0.380400 0.813700
vt 0.383500 0.813600
vt 0.383300 0.815000
vt 0.489000 0.872500
vt 0.487800 0.872800
vt 0.487300 0.870900
vt 0.488500 0.870500
vt 0.489600 0.870000
vt 0.490100 0.872100
vt 0.382800 0.816400
vt 0.380100 0.814900
vt 0.362800 0.806200
vt 0.365700 0.807400
vt 0.365100 0.808500
vt 0.362100 0.807600
vt 0.483700 0.860500
vt 0.484800 0.859900
vt 0.482400 0.858900
vt 0.483400 0.858300
vt 0.482700 0.861100
vt 0.481500 0.859500
vt 0.366300 0.806300
vt 0.363600 0.805100
vt 0.357200 0.825900
vt 0.359100 0.822300
vt 0.354900 0.824100
vt 0.356900 0.820900
vt 0.492200 0.850800
vt 0.494100 0.848500
vt 0.495700 0.850500
vt 0.493600 0.852400
vt 0.491700 0.854200
vt 0.490300 0.852600
vt 0.360800 0.818800
vt 0.358400 0.817900
vt 0.358300 0.836300
vt 0.356700 0.839300
vt 0.360900 0.837500
vt 0.359500 0.840700
vt 0.365700 0.842300
vt 0.362500 0.841700
vt 0.363700 0.838400
vt 0.366700 0.839000
vt 0.361400 0.844600
vt 0.358200 0.843600
vt 0.364900 0.845400
vt 0.364300 0.848100
vt 0.360500 0.847300
vt 0.357100 0.846200
vt 0.355200 0.842100
vt 0.353900 0.844600
vt 0.510200 0.852500
vt 0.512200 0.856400
vt 0.508000 0.857900
vt 0.506400 0.854500
vt 0.513400 0.860400
vt 0.509300 0.861300
vt 0.504400 0.851300
vt 0.507700 0.848900
vt 0.511600 0.845900
vt 0.514700 0.850100
vt 0.516200 0.842500
vt 0.519800 0.847400
vt 0.517400 0.854900
vt 0.518700 0.859700
vt 0.523200 0.852700
vt 0.525700 0.858900
vt 0.372800 0.843200
vt 0.369200 0.842800
vt 0.369900 0.839400
vt 0.373400 0.839700
vt 0.513400 0.864200
vt 0.509900 0.864600
vt 0.513000 0.867700
vt 0.510200 0.867800
vt 0.517500 0.864000
vt 0.521400 0.864300
vt 0.517400 0.868400
vt 0.515200 0.868100
vt 0.368700 0.845800
vt 0.372700 0.846100
vt 0.372500 0.849000
vt 0.368400 0.848500
vt 0.382700 0.787900
vt 0.380600 0.787100
vt 0.381600 0.784700
vt 0.383800 0.785500
vt 0.378600 0.786300
vt 0.379600 0.783900
vt 0.380400 0.781700
vt 0.382500 0.782500
vt 0.384700 0.783400
vt 0.385900 0.786500
vt 0.384800 0.788900
vt 0.386800 0.784300
vt 0.388800 0.785300
vt 0.387900 0.787400
vt 0.386800 0.789800
vt 0.385600 0.792400
vt 0.383700 0.791500
vt 0.384400 0.795100
vt 0.382400 0.794300
vt 0.380400 0.793500
vt 0.381600 0.790600
vt 0.379500 0.789700
vt 0.378300 0.792600
vt 0.377500 0.788900
vt 0.469400 0.876900
vt 0.467700 0.877600
vt 0.467100 0.876100
vt 0.468800 0.875400
vt 0.466000 0.878300
vt 0.465500 0.876800
vt 0.464800 0.875300
vt 0.466500 0.874600
vt 0.468100 0.873800
vt 0.466700 0.870900
vt 0.467400 0.872300
vt 0.465700 0.873100
vt 0.465000 0.871700
vt 0.464100 0.873900
vt 0.463400 0.872500
vt 0.469200 0.871500
vt 0.469900 0.873000
vt 0.468400 0.870000
vt 0.471100 0.870600
vt 0.471800 0.872100
vt 0.470600 0.874600
vt 0.472500 0.873700
vt 0.473200 0.875200
vt 0.471200 0.876100
vt 0.389700 0.788400
vt 0.388600 0.790700
vt 0.390600 0.786300
vt 0.392400 0.787300
vt 0.391400 0.789400
vt 0.390400 0.791500
vt 0.470400 0.879800
vt 0.468700 0.880500
vt 0.468200 0.879100
vt 0.470000 0.878300
vt 0.467000 0.881200
vt 0.466500 0.879800
vt 0.471800 0.877500
vt 0.473800 0.876700
vt 0.474400 0.878100
vt 0.472400 0.879000
vt 0.389300 0.794000
vt 0.387500 0.793200
vt 0.388200 0.796500
vt 0.386300 0.795900
vt 0.377700 0.776600
vt 0.379800 0.777500
vt 0.379200 0.779200
vt 0.377100 0.778500
vt 0.381900 0.778300
vt 0.381200 0.779900
vt 0.378400 0.781100
vt 0.376500 0.780500
vt 0.458700 0.871200
vt 0.460200 0.870600
vt 0.461000 0.871900
vt 0.459600 0.872700
vt 0.461700 0.869900
vt 0.462600 0.871200
vt 0.461800 0.873300
vt 0.460400 0.874100
vt 0.459100 0.874800
vt 0.458300 0.873400
vt 0.457200 0.874000
vt 0.456200 0.872600
vt 0.457400 0.871900
vt 0.380500 0.776000
vt 0.382600 0.777000
vt 0.378300 0.774900
vt 0.378900 0.773300
vt 0.381100 0.774700
vt 0.386100 0.780100
vt 0.384000 0.779200
vt 0.384600 0.777900
vt 0.386600 0.778800
vt 0.388600 0.779600
vt 0.388100 0.780900
vt 0.390700 0.780500
vt 0.390200 0.781800
vt 0.389600 0.783500
vt 0.387500 0.782500
vt 0.385400 0.781600
vt 0.383300 0.780700
vt 0.461700 0.876800
vt 0.462300 0.878100
vt 0.461000 0.878600
vt 0.460400 0.877400
vt 0.462900 0.879500
vt 0.461500 0.880000
vt 0.459800 0.876100
vt 0.461100 0.875400
vt 0.462500 0.874700
vt 0.463200 0.876100
vt 0.463800 0.877500
vt 0.464400 0.879000
vt 0.392900 0.781300
vt 0.392200 0.782800
vt 0.395100 0.782100
vt 0.394400 0.783700
vt 0.463400 0.881100
vt 0.462100 0.881500
vt 0.464000 0.882700
vt 0.462600 0.883200
vt 0.464900 0.880400
vt 0.465500 0.882000
vt 0.393400 0.785500
vt 0.391500 0.784500
vt 0.381700 0.773600
vt 0.382200 0.772600
vt 0.379700 0.772100
vt 0.380500 0.770900
vt 0.454400 0.873900
vt 0.455300 0.873200
vt 0.456300 0.874600
vt 0.455600 0.875100
vt 0.455000 0.875600
vt 0.454000 0.874500
vt 0.454600 0.875900
vt 0.453500 0.875100
vt 0.381200 0.770300
vt 0.382800 0.771900
vt 0.381900 0.769700
vt 0.383200 0.771400
vt 0.375600 0.788100
vt 0.376700 0.785600
vt 0.373800 0.787400
vt 0.374800 0.784900
vt 0.465900 0.869500
vt 0.467700 0.868600
vt 0.465100 0.868200
vt 0.467000 0.867200
vt 0.464200 0.870300
vt 0.463400 0.869000
vt 0.377600 0.783300
vt 0.375700 0.782700
vt 0.377100 0.795700
vt 0.375800 0.798700
vt 0.379100 0.796600
vt 0.377800 0.799600
vt 0.381900 0.801100
vt 0.379800 0.800400
vt 0.381100 0.797400
vt 0.383100 0.798100
vt 0.378600 0.803200
vt 0.376600 0.802400
vt 0.380700 0.803900
vt 0.374500 0.801500
vt 0.476000 0.870200
vt 0.476700 0.871700
vt 0.474600 0.872700
vt 0.473900 0.871200
vt 0.477500 0.873300
vt 0.475300 0.874300
vt 0.473200 0.869600
vt 0.475300 0.868600
vt 0.477400 0.867700
vt 0.478100 0.869200
vt 0.478800 0.870800
vt 0.479600 0.872300
vt 0.385800 0.802200
vt 0.383900 0.801600
vt 0.385100 0.798800
vt 0.387000 0.799400
vt 0.478200 0.874700
vt 0.476000 0.875700
vt 0.479000 0.876200
vt 0.476700 0.877200
vt 0.480300 0.873800
vt 0.481100 0.875400
vt 0.382900 0.804400
vt 0.385000 0.804800
vt 0.388600 0.774100
vt 0.388400 0.774400
vt 0.386600 0.773500
vt 0.386700 0.773200
vt 0.384900 0.772400
vt 0.386900 0.772900
vt 0.388700 0.773800
vt 0.390600 0.774500
vt 0.390500 0.774800
vt 0.390400 0.775100
vt 0.392400 0.775300
vt 0.392300 0.775600
vt 0.394300 0.775700
vt 0.396300 0.775600
vt 0.394300 0.775400
vt 0.396200 0.775200
vt 0.396000 0.775000
vt 0.394200 0.775100
vt 0.457100 0.884000
vt 0.456900 0.884000
vt 0.456900 0.882800
vt 0.457100 0.882800
vt 0.456700 0.881600
vt 0.457000 0.881500
vt 0.457300 0.884100
vt 0.457300 0.882700
vt 0.457200 0.881500
vt 0.456100 0.879300
vt 0.456400 0.879200
vt 0.456800 0.880300
vt 0.456600 0.880400
vt 0.456400 0.880500
vt 0.455000 0.877200
vt 0.455600 0.878300
vt 0.455400 0.878400
vt 0.454800 0.877300
vt 0.455900 0.878100
vt 0.455200 0.877100
vt 0.454400 0.876200
vt 0.453400 0.875300
vt 0.454200 0.876300
vt 0.453200 0.875500
vt 0.454000 0.876500
vt 0.382200 0.769600
vt 0.383500 0.771100
vt 0.382600 0.769400
vt 0.383700 0.770900
vt 0.388900 0.773200
vt 0.387200 0.772400
vt 0.387500 0.772000
vt 0.389100 0.772800
vt 0.386400 0.770500
vt 0.387900 0.771300
vt 0.386000 0.771100
vt 0.389500 0.772000
vt 0.390800 0.773500
vt 0.390700 0.773900
vt 0.391100 0.772700
vt 0.392700 0.773100
vt 0.392500 0.773900
vt 0.392500 0.774400
vt 0.388900 0.773400
vt 0.390700 0.774100
vt 0.395500 0.773600
vt 0.395600 0.774100
vt 0.394100 0.774100
vt 0.394200 0.773300
vt 0.395700 0.774600
vt 0.394100 0.774500
vt 0.456500 0.884000
vt 0.456100 0.884000
vt 0.456100 0.883000
vt 0.456400 0.882900
vt 0.455700 0.884000
vt 0.455500 0.883100
vt 0.455300 0.882100
vt 0.455900 0.881900
vt 0.454500 0.880100
vt 0.455100 0.879800
vt 0.455600 0.880800
vt 0.455000 0.881100
vt 0.454100 0.879100
vt 0.454600 0.878700
vt 0.453500 0.878100
vt 0.454100 0.877800
vt 0.454400 0.877600
vt 0.455000 0.878600
vt 0.455500 0.879600
vt 0.452900 0.877300
vt 0.453400 0.877000
vt 0.452300 0.876500
vt 0.452600 0.876200
vt 0.393400 0.770400
vt 0.393000 0.771900
vt 0.391500 0.771500
vt 0.392000 0.770000
vt 0.390000 0.770900
vt 0.390600 0.769400
vt 0.387900 0.768100
vt 0.389200 0.768800
vt 0.388500 0.770200
vt 0.387100 0.769400
vt 0.390000 0.767200
vt 0.391300 0.767800
vt 0.388800 0.766600
vt 0.389700 0.765000
vt 0.390800 0.765600
vt 0.392000 0.766100
vt 0.392600 0.768300
vt 0.393200 0.766600
vt 0.394400 0.767000
vt 0.393800 0.768700
vt 0.453100 0.882700
vt 0.454300 0.882400
vt 0.454500 0.883300
vt 0.453300 0.883600
vt 0.454600 0.884200
vt 0.453500 0.884300
vt 0.395700 0.771000
vt 0.395600 0.772300
vt 0.394300 0.772200
vt 0.394600 0.770700
vt 0.395000 0.769100
vt 0.395400 0.767300
vt 0.396400 0.767700
vt 0.396100 0.769300
vt 0.452200 0.884700
vt 0.452000 0.883900
vt 0.450800 0.885000
vt 0.450600 0.884300
vt 0.450400 0.883600
vt 0.451800 0.883200
vt 0.451600 0.879300
vt 0.452700 0.878700
vt 0.453200 0.879500
vt 0.452000 0.880100
vt 0.453600 0.880500
vt 0.452400 0.881000
vt 0.452800 0.881900
vt 0.454000 0.881400
vt 0.451500 0.882400
vt 0.451200 0.881600
vt 0.450100 0.882900
vt 0.449800 0.882200
vt 0.450800 0.880800
vt 0.449500 0.881400
vt 0.449100 0.880700
vt 0.450400 0.880000
vt 0.385900 0.766900
vt 0.386900 0.767400
vt 0.386000 0.768600
vt 0.385000 0.767800
vt 0.385300 0.769500
vt 0.384200 0.768700
vt 0.451100 0.878600
vt 0.452100 0.877900
vt 0.450700 0.877900
vt 0.451500 0.877200
vt 0.450000 0.879400
vt 0.448800 0.880100
vt 0.448400 0.879500
vt 0.449500 0.878700
vt 0.386800 0.765400
vt 0.387800 0.766000
vt 0.387800 0.764000
vt 0.388700 0.764500
vt 0.397300 0.756000
vt 0.396900 0.757800
vt 0.396300 0.757600
vt 0.396900 0.755800
vt 0.396400 0.759700
vt 0.395700 0.759500
vt 0.394900 0.759200
vt 0.395700 0.757300
vt 0.396500 0.755600
vt 0.395600 0.755200
vt 0.396000 0.755400
vt 0.395100 0.757000
vt 0.394600 0.756800
vt 0.394200 0.758800
vt 0.393500 0.758500
vt 0.396700 0.754100
vt 0.397100 0.754100
vt 0.396400 0.754000
vt 0.397400 0.754300
vt 0.397600 0.754500
vt 0.442000 0.886300
vt 0.443300 0.885900
vt 0.443400 0.886300
vt 0.442000 0.886600
vt 0.444700 0.885500
vt 0.444900 0.886000
vt 0.445000 0.886500
vt 0.443500 0.886800
vt 0.441900 0.887000
vt 0.398300 0.756000
vt 0.398000 0.758000
vt 0.397500 0.757900
vt 0.397800 0.756000
vt 0.397800 0.760100
vt 0.397100 0.759900
vt 0.398000 0.754500
vt 0.398300 0.754400
vt 0.441400 0.885000
vt 0.442600 0.884300
vt 0.442800 0.884700
vt 0.441600 0.885300
vt 0.443900 0.883600
vt 0.444100 0.884000
vt 0.444400 0.884500
vt 0.443000 0.885100
vt 0.441700 0.885700
vt 0.441800 0.886000
vt 0.443100 0.885500
vt 0.444600 0.885000
vt 0.440800 0.886300
vt 0.440600 0.886100
vt 0.440900 0.886500
vt 0.440600 0.885800
vt 0.440500 0.885600
vt 0.394900 0.754500
vt 0.395200 0.754900
vt 0.394100 0.756400
vt 0.393600 0.756100
vt 0.392900 0.758100
vt 0.392300 0.757700
vt 0.441200 0.884800
vt 0.442400 0.884000
vt 0.440900 0.884600
vt 0.442100 0.883600
vt 0.443400 0.882700
vt 0.443600 0.883100
vt 0.440300 0.885500
vt 0.396200 0.753700
vt 0.395400 0.763500
vt 0.394900 0.765300
vt 0.393800 0.764900
vt 0.394400 0.763100
vt 0.392700 0.764400
vt 0.393400 0.762700
vt 0.391500 0.761800
vt 0.392400 0.762300
vt 0.391600 0.763900
vt 0.390600 0.763400
vt 0.393300 0.760600
vt 0.394200 0.761000
vt 0.392500 0.760200
vt 0.395000 0.761300
vt 0.395900 0.761600
vt 0.447600 0.884600
vt 0.449000 0.884100
vt 0.449200 0.884700
vt 0.447800 0.885200
vt 0.449400 0.885400
vt 0.448000 0.885800
vt 0.397100 0.764000
vt 0.396800 0.765800
vt 0.395900 0.765600
vt 0.396300 0.763700
vt 0.396700 0.761900
vt 0.397500 0.762000
vt 0.446500 0.886100
vt 0.446400 0.885600
vt 0.446200 0.885100
vt 0.446500 0.882100
vt 0.447800 0.881400
vt 0.448200 0.882100
vt 0.446800 0.882700
vt 0.448500 0.882700
vt 0.447100 0.883300
vt 0.448800 0.883400
vt 0.447400 0.884000
vt 0.446000 0.884500
vt 0.445700 0.883900
vt 0.445500 0.883400
vt 0.445200 0.882800
vt 0.389900 0.760900
vt 0.390700 0.761400
vt 0.389700 0.762900
vt 0.388900 0.762400
vt 0.446200 0.881600
vt 0.447500 0.880900
vt 0.445900 0.881100
vt 0.447100 0.880300
vt 0.444900 0.882300
vt 0.444600 0.881900
vt 0.391800 0.759700
vt 0.391100 0.759300
vt 0.452400 0.840300
vt 0.453000 0.842300
vt 0.452400 0.842400
vt 0.451800 0.840500
vt 0.453900 0.844100
vt 0.453300 0.844300
vt 0.452600 0.844600
vt 0.451800 0.842600
vt 0.451100 0.840700
vt 0.450900 0.842900
vt 0.450300 0.840900
vt 0.451800 0.844900
vt 0.450800 0.845200
vt 0.450000 0.843200
vt 0.449400 0.841200
vt 0.449800 0.838900
vt 0.450600 0.838700
vt 0.448900 0.839100
vt 0.448400 0.837000
vt 0.449500 0.836800
vt 0.450400 0.836600
vt 0.451300 0.838500
vt 0.451900 0.838300
vt 0.451100 0.836500
vt 0.451700 0.836300
vt 0.560000 0.942900
vt 0.560100 0.943800
vt 0.558400 0.943800
vt 0.558300 0.942900
vt 0.560100 0.944500
vt 0.558500 0.944400
vt 0.557000 0.944600
vt 0.556900 0.943900
vt 0.556800 0.943100
vt 0.553600 0.943700
vt 0.555200 0.943300
vt 0.555300 0.944200
vt 0.553700 0.944600
vt 0.555400 0.944800
vt 0.553900 0.945200
vt 0.555100 0.942300
vt 0.556700 0.942100
vt 0.553300 0.942700
vt 0.553100 0.941500
vt 0.554900 0.941100
vt 0.556500 0.940900
vt 0.558200 0.941900
vt 0.558200 0.940700
vt 0.560000 0.940600
vt 0.560000 0.941900
vt 0.455300 0.848400
vt 0.453800 0.846500
vt 0.454600 0.846100
vt 0.456000 0.847800
vt 0.455100 0.845700
vt 0.456600 0.847200
vt 0.564200 0.943600
vt 0.563900 0.944500
vt 0.561900 0.944100
vt 0.562000 0.943100
vt 0.563600 0.945400
vt 0.561800 0.944800
vt 0.562100 0.942000
vt 0.564300 0.942100
vt 0.562100 0.940600
vt 0.564400 0.940600
vt 0.452800 0.846900
vt 0.454000 0.849000
vt 0.452800 0.849600
vt 0.451700 0.847400
vt 0.377400 0.855600
vt 0.371200 0.856900
vt 0.374400 0.853800
vt 0.379500 0.852700
vt 0.363600 0.857900
vt 0.370400 0.854300
vt 0.375600 0.851800
vt 0.378800 0.850800
vt 0.381900 0.849700
vt 0.531700 0.872300
vt 0.527500 0.870900
vt 0.533400 0.870200
vt 0.536200 0.873000
vt 0.523300 0.869600
vt 0.530500 0.868100
vt 0.536500 0.866300
vt 0.538700 0.869200
vt 0.540600 0.872700
vt 0.542100 0.876300
vt 0.538500 0.876400
vt 0.543300 0.879700
vt 0.540300 0.879900
vt 0.537500 0.880000
vt 0.534600 0.876200
vt 0.385800 0.848500
vt 0.384300 0.851400
vt 0.389700 0.847200
vt 0.388700 0.850200
vt 0.388100 0.853000
vt 0.383000 0.854300
vt 0.472700 0.834600
vt 0.472500 0.834400
vt 0.473000 0.834300
vt 0.473300 0.834500
vt 0.472200 0.834200
vt 0.472500 0.834100
vt 0.473000 0.833900
vt 0.473400 0.834100
vt 0.473800 0.834300
vt 0.559500 0.967800
vt 0.559600 0.968600
vt 0.559200 0.968200
vt 0.559200 0.967600
vt 0.558900 0.967800
vt 0.558900 0.967100
vt 0.558900 0.966700
vt 0.559200 0.966900
vt 0.559700 0.966900
vt 0.559900 0.966600
vt 0.560100 0.967000
vt 0.559800 0.967600
vt 0.560200 0.967700
vt 0.559900 0.968100
vt 0.473200 0.834800
vt 0.472700 0.834900
vt 0.473600 0.834700
vt 0.473300 0.835100
vt 0.472800 0.835200
vt 0.472500 0.835200
vt 0.396300 0.850800
vt 0.399700 0.850000
vt 0.400100 0.852700
vt 0.396600 0.853600
vt 0.402400 0.849300
vt 0.403100 0.852000
vt 0.403700 0.854800
vt 0.400600 0.855500
vt 0.396900 0.856400
vt 0.401100 0.858300
vt 0.397300 0.859100
vt 0.404300 0.857600
vt 0.404700 0.860300
vt 0.401600 0.860900
vt 0.397900 0.861700
vt 0.393600 0.862500
vt 0.393000 0.860000
vt 0.388800 0.863600
vt 0.388100 0.861100
vt 0.387700 0.858500
vt 0.392600 0.857400
vt 0.392400 0.854600
vt 0.387700 0.855800
vt 0.392500 0.851900
vt 0.555000 0.883900
vt 0.555400 0.887100
vt 0.552900 0.887400
vt 0.552400 0.884400
vt 0.555700 0.889800
vt 0.553200 0.890000
vt 0.550800 0.890300
vt 0.550400 0.887800
vt 0.549900 0.884900
vt 0.548000 0.888200
vt 0.547400 0.885400
vt 0.548400 0.890600
vt 0.546000 0.891100
vt 0.545500 0.888700
vt 0.544900 0.885900
vt 0.546800 0.882400
vt 0.549400 0.881800
vt 0.544200 0.883000
vt 0.546100 0.879100
vt 0.548700 0.878300
vt 0.551900 0.881100
vt 0.554600 0.880300
vt 0.551400 0.877300
vt 0.554100 0.876200
vt 0.399700 0.866500
vt 0.398600 0.864200
vt 0.402200 0.863400
vt 0.402900 0.865900
vt 0.405200 0.862800
vt 0.406000 0.865200
vt 0.557700 0.883500
vt 0.557900 0.886800
vt 0.560300 0.883300
vt 0.560500 0.886600
vt 0.560600 0.889800
vt 0.558100 0.889700
vt 0.557400 0.879700
vt 0.560200 0.879000
vt 0.557200 0.875300
vt 0.560100 0.874700
vt 0.394600 0.865100
vt 0.395700 0.867600
vt 0.391700 0.868700
vt 0.390000 0.866100
vt 0.421100 0.845200
vt 0.419000 0.845900
vt 0.418700 0.843800
vt 0.420700 0.843200
vt 0.417200 0.846500
vt 0.417100 0.844200
vt 0.417000 0.842100
vt 0.418600 0.841800
vt 0.420200 0.841400
vt 0.545900 0.912700
vt 0.545400 0.910900
vt 0.547400 0.910600
vt 0.547700 0.912600
vt 0.545000 0.909200
vt 0.547100 0.909000
vt 0.549100 0.908600
vt 0.549300 0.910300
vt 0.549600 0.912200
vt 0.548000 0.915000
vt 0.546300 0.915300
vt 0.549800 0.914600
vt 0.550100 0.917600
vt 0.548400 0.917900
vt 0.546700 0.918000
vt 0.422800 0.840800
vt 0.423200 0.842500
vt 0.425300 0.840100
vt 0.426200 0.841700
vt 0.426800 0.843400
vt 0.423700 0.844400
vt 0.415000 0.847000
vt 0.416000 0.846800
vt 0.416300 0.849200
vt 0.415400 0.849400
vt 0.417600 0.848800
vt 0.418100 0.851100
vt 0.416800 0.851500
vt 0.415900 0.851800
vt 0.417500 0.856200
vt 0.416600 0.854000
vt 0.417500 0.853700
vt 0.418400 0.855800
vt 0.418800 0.853300
vt 0.419700 0.855400
vt 0.415900 0.854200
vt 0.415200 0.851900
vt 0.416800 0.856400
vt 0.416000 0.856600
vt 0.415200 0.854400
vt 0.414500 0.852100
vt 0.414600 0.849600
vt 0.414200 0.847100
vt 0.413900 0.849700
vt 0.413400 0.847200
vt 0.556900 0.905500
vt 0.557000 0.906600
vt 0.554900 0.906700
vt 0.554800 0.905700
vt 0.557000 0.907800
vt 0.555100 0.908000
vt 0.553100 0.908200
vt 0.552900 0.906900
vt 0.552800 0.905800
vt 0.550900 0.907000
vt 0.550700 0.905900
vt 0.551100 0.908400
vt 0.548900 0.907300
vt 0.548700 0.906100
vt 0.548500 0.904900
vt 0.550500 0.904700
vt 0.548300 0.903700
vt 0.550300 0.903500
vt 0.552400 0.903400
vt 0.552600 0.904600
vt 0.554700 0.904600
vt 0.554600 0.903400
vt 0.556900 0.903300
vt 0.556900 0.904500
vt 0.419900 0.860100
vt 0.418700 0.858200
vt 0.419600 0.857800
vt 0.420800 0.859700
vt 0.420800 0.857300
vt 0.421700 0.859200
vt 0.559100 0.905400
vt 0.559000 0.906400
vt 0.561200 0.905200
vt 0.561100 0.906200
vt 0.561000 0.907300
vt 0.559000 0.907700
vt 0.559100 0.904400
vt 0.561400 0.904300
vt 0.559100 0.903300
vt 0.561500 0.903400
vt 0.417900 0.858500
vt 0.419100 0.860500
vt 0.418300 0.860900
vt 0.417100 0.858800
vt 0.404300 0.843000
vt 0.405300 0.845700
vt 0.403700 0.846200
vt 0.402700 0.843600
vt 0.406400 0.848400
vt 0.404600 0.848700
vt 0.401700 0.846700
vt 0.401100 0.844300
vt 0.541900 0.896000
vt 0.541600 0.894200
vt 0.544000 0.893600
vt 0.544400 0.895300
vt 0.541200 0.892400
vt 0.543600 0.891600
vt 0.546400 0.893100
vt 0.546800 0.894800
vt 0.547100 0.896200
vt 0.544700 0.896800
vt 0.547300 0.897700
vt 0.545000 0.898300
vt 0.542500 0.899000
vt 0.542200 0.897500
vt 0.406700 0.845400
vt 0.407800 0.848100
vt 0.405500 0.842600
vt 0.406800 0.842100
vt 0.408000 0.845100
vt 0.409100 0.847900
vt 0.408100 0.853800
vt 0.407300 0.851100
vt 0.408800 0.850800
vt 0.409600 0.853400
vt 0.410100 0.850600
vt 0.410900 0.853100
vt 0.410200 0.856000
vt 0.408700 0.856500
vt 0.411500 0.855600
vt 0.412000 0.858100
vt 0.410700 0.858600
vt 0.409100 0.859200
vt 0.407200 0.859700
vt 0.406700 0.857000
vt 0.406200 0.854200
vt 0.405400 0.851500
vt 0.555900 0.893800
vt 0.556000 0.895400
vt 0.553700 0.895400
vt 0.553600 0.893800
vt 0.556200 0.896900
vt 0.553800 0.896900
vt 0.551500 0.897000
vt 0.551400 0.895500
vt 0.551300 0.894000
vt 0.549100 0.894300
vt 0.549300 0.895800
vt 0.549400 0.897200
vt 0.548800 0.892600
vt 0.551100 0.892300
vt 0.553500 0.892100
vt 0.555800 0.892000
vt 0.411000 0.861200
vt 0.409500 0.861800
vt 0.412400 0.860700
vt 0.412800 0.863400
vt 0.411300 0.863900
vt 0.409900 0.864300
vt 0.560800 0.894100
vt 0.561000 0.895700
vt 0.558500 0.895500
vt 0.558400 0.893800
vt 0.561200 0.897300
vt 0.558600 0.897000
vt 0.558300 0.891900
vt 0.560700 0.892000
vt 0.407900 0.864800
vt 0.407600 0.862300
vt 0.414800 0.841800
vt 0.414900 0.844400
vt 0.413900 0.844400
vt 0.413700 0.841700
vt 0.413000 0.844400
vt 0.412700 0.841500
vt 0.546600 0.906500
vt 0.546300 0.905400
vt 0.544400 0.907000
vt 0.544100 0.906000
vt 0.543800 0.905000
vt 0.546100 0.904200
vt 0.546800 0.907700
vt 0.544700 0.908100
vt 0.415900 0.842000
vt 0.415900 0.844400
vt 0.411500 0.847500
vt 0.412500 0.847300
vt 0.413100 0.849900
vt 0.412200 0.850100
vt 0.413700 0.852300
vt 0.412900 0.852600
vt 0.414400 0.854600
vt 0.413600 0.854900
vt 0.415200 0.856900
vt 0.414200 0.857300
vt 0.413200 0.857700
vt 0.412600 0.855200
vt 0.412000 0.852800
vt 0.411200 0.850400
vt 0.410300 0.847700
vt 0.556600 0.900300
vt 0.556700 0.901900
vt 0.554400 0.901900
vt 0.554200 0.900200
vt 0.552200 0.901900
vt 0.552000 0.900300
vt 0.550100 0.902000
vt 0.549900 0.900400
vt 0.548000 0.902200
vt 0.547800 0.900700
vt 0.547500 0.899200
vt 0.549600 0.898800
vt 0.551700 0.898600
vt 0.554000 0.898500
vt 0.556300 0.898600
vt 0.416100 0.859200
vt 0.414900 0.859700
vt 0.417000 0.861500
vt 0.415700 0.862100
vt 0.561500 0.900600
vt 0.561500 0.902000
vt 0.559100 0.901900
vt 0.559000 0.900400
vt 0.558800 0.898700
vt 0.561300 0.898900
vt 0.414300 0.862800
vt 0.413700 0.860200
vt 0.409800 0.841600
vt 0.410600 0.844700
vt 0.409300 0.844900
vt 0.408300 0.841900
vt 0.545500 0.901300
vt 0.545200 0.899800
vt 0.543100 0.902100
vt 0.542800 0.900500
vt 0.545800 0.902800
vt 0.543400 0.903600
vt 0.411900 0.844500
vt 0.411300 0.841600
vt 0.392700 0.849100
vt 0.396100 0.848200
vt 0.392900 0.846400
vt 0.396100 0.845700
vt 0.539900 0.886900
vt 0.538700 0.883500
vt 0.541500 0.883300
vt 0.542300 0.886400
vt 0.543000 0.889200
vt 0.540600 0.889700
vt 0.398600 0.845000
vt 0.399100 0.847400
vt 0.382300 0.857100
vt 0.376500 0.858500
vt 0.382200 0.859700
vt 0.376400 0.861100
vt 0.378100 0.866100
vt 0.377000 0.863600
vt 0.382600 0.862300
vt 0.383600 0.864800
vt 0.371500 0.865300
vt 0.370700 0.862700
vt 0.372800 0.867800
vt 0.367900 0.869700
vt 0.366600 0.867200
vt 0.365600 0.864600
vt 0.370300 0.859900
vt 0.364700 0.861700
vt 0.547300 0.870200
vt 0.550500 0.868200
vt 0.550800 0.873000
vt 0.548000 0.874400
vt 0.553800 0.866300
vt 0.553800 0.871600
vt 0.544200 0.871800
vt 0.545200 0.875500
vt 0.542900 0.867900
vt 0.546500 0.865900
vt 0.541300 0.864400
vt 0.545600 0.861900
vt 0.550300 0.863100
vt 0.554400 0.860600
vt 0.550100 0.858300
vt 0.555400 0.853700
vt 0.381900 0.871400
vt 0.379900 0.868800
vt 0.385000 0.867400
vt 0.386800 0.870000
vt 0.557600 0.865200
vt 0.557200 0.870500
vt 0.561300 0.864300
vt 0.560700 0.869500
vt 0.558800 0.859600
vt 0.563400 0.859400
vt 0.560800 0.854100
vt 0.565600 0.854500
vt 0.374700 0.870500
vt 0.376900 0.873300
vt 0.372000 0.875200
vt 0.369900 0.872500
vt 0.435700 0.845300
vt 0.435000 0.843200
vt 0.438700 0.842000
vt 0.439400 0.844200
vt 0.434300 0.841200
vt 0.438000 0.840000
vt 0.441300 0.839000
vt 0.442000 0.841000
vt 0.442600 0.843200
vt 0.440000 0.846400
vt 0.436400 0.847600
vt 0.443200 0.845400
vt 0.443700 0.847600
vt 0.440500 0.848500
vt 0.436900 0.849700
vt 0.433100 0.850900
vt 0.432600 0.848800
vt 0.429600 0.852200
vt 0.428900 0.850000
vt 0.428200 0.847700
vt 0.431900 0.846600
vt 0.431200 0.844400
vt 0.430400 0.842400
vt 0.427500 0.845500
vt 0.554700 0.924500
vt 0.556700 0.924300
vt 0.557100 0.928300
vt 0.555100 0.928500
vt 0.558500 0.924200
vt 0.559000 0.928100
vt 0.559300 0.931800
vt 0.557400 0.931900
vt 0.555500 0.932200
vt 0.550800 0.925100
vt 0.552700 0.924800
vt 0.553100 0.928800
vt 0.551200 0.929100
vt 0.553500 0.932500
vt 0.551600 0.932800
vt 0.552300 0.920900
vt 0.554300 0.920600
vt 0.550400 0.921200
vt 0.552000 0.917300
vt 0.554000 0.917000
vt 0.556300 0.920400
vt 0.555900 0.916800
vt 0.557700 0.916700
vt 0.558100 0.920300
vt 0.440800 0.850400
vt 0.437200 0.851500
vt 0.444100 0.849600
vt 0.444700 0.851400
vt 0.441100 0.852300
vt 0.437400 0.853200
vt 0.561800 0.924200
vt 0.562400 0.928000
vt 0.560700 0.928000
vt 0.560200 0.924200
vt 0.563000 0.931800
vt 0.561200 0.931600
vt 0.559700 0.920300
vt 0.559300 0.916800
vt 0.560700 0.916600
vt 0.561300 0.920400
vt 0.433800 0.854500
vt 0.433500 0.852800
vt 0.430200 0.855900
vt 0.430100 0.854100
vt 0.444700 0.833200
vt 0.445100 0.835500
vt 0.443100 0.836100
vt 0.442400 0.834200
vt 0.445700 0.837600
vt 0.443800 0.838200
vt 0.440600 0.837100
vt 0.440100 0.835200
vt 0.548200 0.938900
vt 0.548100 0.936300
vt 0.550100 0.936000
vt 0.550400 0.938400
vt 0.547900 0.933600
vt 0.549700 0.933000
vt 0.552000 0.935700
vt 0.552400 0.938100
vt 0.552800 0.940000
vt 0.550700 0.940400
vt 0.551000 0.942000
vt 0.548800 0.942600
vt 0.548500 0.940800
vt 0.446800 0.835000
vt 0.447200 0.837300
vt 0.446300 0.832700
vt 0.447900 0.832200
vt 0.448100 0.834700
vt 0.446900 0.841900
vt 0.446300 0.839800
vt 0.447700 0.839400
vt 0.448300 0.841500
vt 0.448900 0.843600
vt 0.447500 0.844100
vt 0.449600 0.845700
vt 0.448100 0.846200
vt 0.446200 0.846800
vt 0.445700 0.844700
vt 0.445000 0.842500
vt 0.444400 0.840300
vt 0.556100 0.937600
vt 0.557900 0.937400
vt 0.558000 0.939200
vt 0.556300 0.939400
vt 0.559800 0.937200
vt 0.559900 0.939100
vt 0.554600 0.939700
vt 0.554300 0.937800
vt 0.553900 0.935400
vt 0.555800 0.935200
vt 0.557700 0.935000
vt 0.559600 0.934800
vt 0.450400 0.847900
vt 0.448700 0.848400
vt 0.451200 0.850100
vt 0.449600 0.850500
vt 0.561800 0.937000
vt 0.562000 0.938900
vt 0.564000 0.936900
vt 0.564200 0.938800
vt 0.561600 0.934500
vt 0.563500 0.934300
vt 0.447100 0.850900
vt 0.446700 0.848900
vt 0.449400 0.834500
vt 0.450400 0.834400
vt 0.449300 0.832100
vt 0.450700 0.832000
vt 0.549700 0.945400
vt 0.549200 0.944000
vt 0.551400 0.943300
vt 0.551700 0.944400
vt 0.552000 0.945300
vt 0.550200 0.946200
vt 0.552300 0.946000
vt 0.550700 0.947000
vt 0.432900 0.838000
vt 0.433600 0.839500
vt 0.429800 0.840600
vt 0.429100 0.839100
vt 0.549000 0.925400
vt 0.548700 0.921500
vt 0.547300 0.925800
vt 0.547000 0.921900
vt 0.549400 0.929400
vt 0.547600 0.929700
vt 0.437300 0.838200
vt 0.436500 0.836600
vt 0.424300 0.846500
vt 0.421600 0.847400
vt 0.425000 0.848800
vt 0.422200 0.849700
vt 0.425700 0.851100
vt 0.423000 0.852000
vt 0.426500 0.853300
vt 0.423800 0.854100
vt 0.420600 0.852700
vt 0.419900 0.850500
vt 0.421500 0.854900
vt 0.419300 0.848200
vt 0.557200 0.911400
vt 0.557400 0.913800
vt 0.555600 0.913900
vt 0.555400 0.911500
vt 0.553700 0.914100
vt 0.553500 0.911700
vt 0.551500 0.911900
vt 0.551700 0.914300
vt 0.551300 0.910000
vt 0.553300 0.909800
vt 0.555200 0.909600
vt 0.557100 0.909400
vt 0.427100 0.855100
vt 0.424600 0.856000
vt 0.427700 0.856900
vt 0.425200 0.857900
vt 0.560600 0.911100
vt 0.560700 0.913900
vt 0.559100 0.913800
vt 0.559000 0.911300
vt 0.559000 0.909300
vt 0.560800 0.909200
vt 0.422400 0.856800
vt 0.423400 0.858600
vt 0.452800 0.840200
vt 0.452400 0.838200
vt 0.453400 0.842100
vt 0.454300 0.843900
vt 0.455500 0.845500
vt 0.456800 0.846900
vt 0.454600 0.843700
vt 0.455700 0.845200
vt 0.457000 0.846600
vt 0.457100 0.846100
vt 0.457000 0.846300
vt 0.455900 0.845000
vt 0.456000 0.844900
vt 0.563300 0.946000
vt 0.563200 0.946300
vt 0.561700 0.945800
vt 0.561700 0.945600
vt 0.563100 0.946500
vt 0.561600 0.946100
vt 0.560200 0.945800
vt 0.560200 0.945600
vt 0.560100 0.945300
vt 0.563400 0.945700
vt 0.561800 0.945200
vt 0.560100 0.944900
vt 0.557100 0.945500
vt 0.557000 0.945100
vt 0.558600 0.944900
vt 0.558600 0.945300
vt 0.558600 0.945600
vt 0.557100 0.945800
vt 0.558700 0.945800
vt 0.557200 0.946000
vt 0.555600 0.946200
vt 0.555600 0.946000
vt 0.554100 0.946500
vt 0.554100 0.946300
vt 0.554000 0.946000
vt 0.555500 0.945700
vt 0.555500 0.945300
vt 0.554000 0.945700
vt 0.552500 0.946400
vt 0.551000 0.947200
vt 0.552600 0.946700
vt 0.452500 0.832300
vt 0.452800 0.832500
vt 0.452400 0.834400
vt 0.451900 0.834300
vt 0.454600 0.836300
vt 0.454800 0.837900
vt 0.454000 0.838000
vt 0.453800 0.836300
vt 0.455300 0.839500
vt 0.454500 0.839700
vt 0.455800 0.841200
vt 0.455000 0.841500
vt 0.456400 0.842600
vt 0.455700 0.843000
vt 0.455300 0.843300
vt 0.454600 0.841700
vt 0.457800 0.845100
vt 0.457500 0.845500
vt 0.456600 0.844300
vt 0.457200 0.843900
vt 0.457200 0.845900
vt 0.456200 0.844600
vt 0.563000 0.946700
vt 0.562900 0.947200
vt 0.561600 0.946900
vt 0.561600 0.946400
vt 0.562800 0.947800
vt 0.561500 0.947700
vt 0.560200 0.947500
vt 0.560200 0.946700
vt 0.560200 0.946200
vt 0.558700 0.946000
vt 0.557200 0.946200
vt 0.560200 0.946000
vt 0.558700 0.946200
vt 0.557200 0.946400
vt 0.557400 0.947700
vt 0.557300 0.946900
vt 0.558800 0.946700
vt 0.558800 0.947600
vt 0.555900 0.947900
vt 0.555800 0.947100
vt 0.554600 0.948200
vt 0.554300 0.947400
vt 0.554200 0.946900
vt 0.555700 0.946600
vt 0.555600 0.946400
vt 0.553300 0.948700
vt 0.553100 0.947900
vt 0.552100 0.949000
vt 0.551900 0.948500
vt 0.458900 0.841500
vt 0.457500 0.842100
vt 0.456900 0.840700
vt 0.458400 0.840200
vt 0.456400 0.839200
vt 0.457900 0.838800
vt 0.457300 0.836000
vt 0.457600 0.837300
vt 0.456100 0.837600
vt 0.455800 0.836200
vt 0.459200 0.837000
vt 0.459500 0.838300
vt 0.458900 0.835700
vt 0.460600 0.835400
vt 0.460900 0.836600
vt 0.461200 0.837900
vt 0.459900 0.839600
vt 0.461600 0.839100
vt 0.462000 0.840200
vt 0.460400 0.840900
vt 0.560200 0.950500
vt 0.560200 0.948900
vt 0.561400 0.949000
vt 0.561300 0.950600
vt 0.562600 0.949200
vt 0.562400 0.950600
vt 0.459800 0.843600
vt 0.458800 0.844300
vt 0.458100 0.843300
vt 0.459400 0.842600
vt 0.460900 0.841900
vt 0.461300 0.842900
vt 0.462400 0.841200
vt 0.462800 0.842200
vt 0.561200 0.952300
vt 0.560200 0.952300
vt 0.562200 0.952400
vt 0.562100 0.954200
vt 0.561200 0.954200
vt 0.560200 0.954200
vt 0.555300 0.951100
vt 0.554900 0.949500
vt 0.556200 0.949200
vt 0.556500 0.950900
vt 0.557500 0.949000
vt 0.557700 0.950700
vt 0.559000 0.950600
vt 0.558900 0.948900
vt 0.559100 0.952400
vt 0.557900 0.952500
vt 0.559200 0.954200
vt 0.558200 0.954300
vt 0.556800 0.952600
vt 0.557100 0.954500
vt 0.556100 0.954600
vt 0.555700 0.952800
vt 0.457000 0.833700
vt 0.457200 0.834800
vt 0.455800 0.834800
vt 0.455800 0.833600
vt 0.454600 0.834800
vt 0.454600 0.833500
vt 0.554200 0.951400
vt 0.553700 0.949900
vt 0.553200 0.951700
vt 0.552600 0.950400
vt 0.554700 0.953100
vt 0.555200 0.954800
vt 0.554300 0.955100
vt 0.553700 0.953400
vt 0.458700 0.833500
vt 0.458800 0.834600
vt 0.460300 0.833400
vt 0.460500 0.834400
vt 0.470900 0.836100
vt 0.469600 0.836800
vt 0.469400 0.836200
vt 0.470800 0.835700
vt 0.468200 0.837600
vt 0.467900 0.836900
vt 0.467600 0.836100
vt 0.469200 0.835600
vt 0.470700 0.835200
vt 0.470500 0.834700
vt 0.469000 0.835000
vt 0.467400 0.835200
vt 0.471700 0.834600
vt 0.471800 0.834900
vt 0.470400 0.834300
vt 0.471500 0.834300
vt 0.471900 0.835200
vt 0.471900 0.835600
vt 0.560200 0.964600
vt 0.560300 0.963000
vt 0.560900 0.963100
vt 0.560600 0.964700
vt 0.560300 0.961300
vt 0.561000 0.961300
vt 0.561800 0.961400
vt 0.561400 0.963200
vt 0.561100 0.965000
vt 0.471500 0.836900
vt 0.470100 0.837900
vt 0.469900 0.837400
vt 0.471100 0.836600
vt 0.468800 0.838900
vt 0.468500 0.838300
vt 0.560600 0.966300
vt 0.560300 0.966000
vt 0.560100 0.965800
vt 0.558300 0.964700
vt 0.557900 0.963300
vt 0.558500 0.963100
vt 0.558800 0.964600
vt 0.557500 0.961600
vt 0.558200 0.961500
vt 0.558900 0.961400
vt 0.559100 0.963100
vt 0.559200 0.964600
vt 0.559700 0.964500
vt 0.559700 0.963000
vt 0.559600 0.961300
vt 0.559700 0.965900
vt 0.559400 0.966000
vt 0.559000 0.965900
vt 0.558700 0.965900
vt 0.470500 0.833300
vt 0.470400 0.833800
vt 0.468900 0.833700
vt 0.468800 0.833200
vt 0.557900 0.965000
vt 0.557400 0.963400
vt 0.557500 0.965300
vt 0.556800 0.963700
vt 0.556100 0.962000
vt 0.556800 0.961800
vt 0.558400 0.966200
vt 0.558200 0.966600
vt 0.471700 0.833600
vt 0.471600 0.833900
vt 0.465100 0.839000
vt 0.463600 0.839600
vt 0.463200 0.838500
vt 0.464800 0.838000
vt 0.462800 0.837400
vt 0.464400 0.836900
vt 0.464000 0.834900
vt 0.464200 0.835900
vt 0.462500 0.836200
vt 0.462300 0.835100
vt 0.465800 0.835600
vt 0.466000 0.836500
vt 0.465600 0.834600
vt 0.467300 0.834500
vt 0.466300 0.837400
vt 0.466700 0.838300
vt 0.560300 0.957800
vt 0.560300 0.956000
vt 0.561200 0.956000
vt 0.561200 0.957800
vt 0.562000 0.956000
vt 0.562000 0.957800
vt 0.465900 0.840600
vt 0.464400 0.841400
vt 0.464000 0.840500
vt 0.465500 0.839800
vt 0.467000 0.839100
vt 0.467400 0.839800
vt 0.561900 0.959600
vt 0.561100 0.959600
vt 0.560400 0.959600
vt 0.556800 0.958200
vt 0.556400 0.956400
vt 0.557400 0.956300
vt 0.557700 0.958100
vt 0.558400 0.956200
vt 0.558600 0.958000
vt 0.559500 0.957900
vt 0.559300 0.956100
vt 0.559600 0.959600
vt 0.558700 0.959700
vt 0.557900 0.959800
vt 0.557100 0.959900
vt 0.462200 0.834100
vt 0.463800 0.834000
vt 0.462100 0.833200
vt 0.463800 0.833100
vt 0.555100 0.958500
vt 0.554700 0.956800
vt 0.555600 0.956600
vt 0.556000 0.958400
vt 0.556400 0.960100
vt 0.555600 0.960300
vt 0.465500 0.833800
vt 0.465500 0.833000
vt 0.563700 0.848900
vt 0.568200 0.850000
vt 0.559900 0.847600
vt 0.563200 0.842400
vt 0.567000 0.843900
vt 0.570800 0.845500
vt 0.547900 0.766300
vt 0.549400 0.769500
vt 0.550600 0.764200
vt 0.552300 0.766700
vt 0.553900 0.769200
vt 0.551000 0.772100
vt 0.363700 0.880500
vt 0.360300 0.883400
vt 0.358000 0.879900
vt 0.361700 0.877300
vt 0.356200 0.876600
vt 0.359900 0.874200
vt 0.365600 0.874800
vt 0.367900 0.877900
vt 0.363700 0.871800
vt 0.373100 0.851900
vt 0.374400 0.851900
vt 0.368700 0.853700
vt 0.368300 0.852300
vt 0.363300 0.854800
vt 0.363400 0.852600
vt 0.368200 0.850600
vt 0.372800 0.850500
vt 0.363800 0.850500
vt 0.520000 0.869900
vt 0.518700 0.869100
vt 0.524100 0.865200
vt 0.526200 0.866300
vt 0.529600 0.861200
vt 0.532200 0.862900
vt 0.521700 0.869700
vt 0.528300 0.867000
vt 0.534400 0.864400
vt 0.343200 0.839500
vt 0.344200 0.838300
vt 0.346800 0.841600
vt 0.345700 0.843100
vt 0.349600 0.844500
vt 0.348400 0.846400
vt 0.342600 0.839900
vt 0.344600 0.844500
vt 0.347100 0.848400
vt 0.504900 0.832100
vt 0.499800 0.833800
vt 0.510000 0.830000
vt 0.510600 0.831600
vt 0.505300 0.833400
vt 0.499900 0.834500
vt 0.500200 0.835900
vt 0.505700 0.835400
vt 0.511200 0.834100
vt 0.333000 0.865100
vt 0.329400 0.866100
vt 0.336100 0.863800
vt 0.337000 0.867000
vt 0.333800 0.868500
vt 0.330300 0.869700
vt 0.334600 0.872100
vt 0.330800 0.873300
vt 0.338000 0.870500
vt 0.535500 0.798800
vt 0.531400 0.797700
vt 0.539000 0.800100
vt 0.535800 0.804800
vt 0.533000 0.802400
vt 0.530000 0.800100
vt 0.527800 0.802000
vt 0.529800 0.805400
vt 0.531700 0.808400
vt 0.352700 0.846800
vt 0.351600 0.848900
vt 0.356100 0.848400
vt 0.355200 0.850600
vt 0.359100 0.852000
vt 0.359800 0.849700
vt 0.358600 0.854300
vt 0.357800 0.856800
vt 0.353500 0.855300
vt 0.354400 0.852800
vt 0.350400 0.851000
vt 0.349400 0.853600
vt 0.341200 0.863100
vt 0.339300 0.865100
vt 0.338500 0.862100
vt 0.340600 0.860100
vt 0.345500 0.860200
vt 0.343200 0.861300
vt 0.342800 0.857900
vt 0.345500 0.856500
vt 0.343700 0.864100
vt 0.342000 0.866000
vt 0.345600 0.863100
vt 0.345800 0.865000
vt 0.344600 0.866400
vt 0.343200 0.868400
vt 0.340200 0.868300
vt 0.341600 0.871100
vt 0.355700 0.873500
vt 0.359000 0.871500
vt 0.352600 0.874900
vt 0.353000 0.872000
vt 0.355600 0.870800
vt 0.358400 0.869000
vt 0.355300 0.868500
vt 0.357700 0.866600
vt 0.353200 0.869600
vt 0.353100 0.867800
vt 0.354500 0.866500
vt 0.356500 0.864400
vt 0.359100 0.861600
vt 0.360700 0.864100
vt 0.361600 0.866800
vt 0.362500 0.869300
vt 0.347600 0.871500
vt 0.346600 0.874400
vt 0.343800 0.873100
vt 0.345200 0.870300
vt 0.349400 0.866600
vt 0.348600 0.869000
vt 0.346400 0.868000
vt 0.347300 0.865700
vt 0.351500 0.867300
vt 0.350900 0.869600
vt 0.350300 0.872200
vt 0.349500 0.875200
vt 0.351300 0.861200
vt 0.350300 0.864000
vt 0.347900 0.863200
vt 0.348300 0.860200
vt 0.352400 0.858200
vt 0.348800 0.856900
vt 0.356100 0.859700
vt 0.354200 0.862600
vt 0.352700 0.865100
vt 0.549200 0.781600
vt 0.547800 0.786300
vt 0.550700 0.777300
vt 0.553000 0.778500
vt 0.551700 0.782800
vt 0.554800 0.780200
vt 0.554000 0.784400
vt 0.558300 0.782200
vt 0.558200 0.785900
vt 0.557800 0.789700
vt 0.553100 0.788900
vt 0.556900 0.793600
vt 0.551800 0.793500
vt 0.555300 0.797600
vt 0.549900 0.798300
vt 0.546300 0.791400
vt 0.544300 0.796600
vt 0.541500 0.802000
vt 0.537900 0.806900
vt 0.546700 0.798200
vt 0.543800 0.803300
vt 0.540200 0.808100
vt 0.549600 0.806500
vt 0.543600 0.807900
vt 0.547100 0.803000
vt 0.552800 0.801800
vt 0.539500 0.812800
vt 0.536000 0.812400
vt 0.545700 0.811800
vt 0.540600 0.818700
vt 0.534600 0.817800
vt 0.531300 0.816500
vt 0.533600 0.810900
vt 0.529000 0.814600
vt 0.524300 0.818800
vt 0.519500 0.823000
vt 0.526200 0.820800
vt 0.520900 0.825000
vt 0.524800 0.830600
vt 0.522600 0.827400
vt 0.528700 0.822800
vt 0.531700 0.825500
vt 0.518500 0.834700
vt 0.516800 0.831300
vt 0.515700 0.828700
vt 0.514800 0.826800
vt 0.521700 0.839000
vt 0.525400 0.844000
vt 0.528000 0.834900
vt 0.531600 0.839900
vt 0.535100 0.829800
vt 0.538700 0.834800
vt 0.543700 0.824300
vt 0.546900 0.829300
vt 0.550000 0.834000
vt 0.542200 0.839700
vt 0.553300 0.838400
vt 0.545200 0.844200
vt 0.538600 0.849400
vt 0.535300 0.844900
vt 0.529000 0.849300
vt 0.532400 0.854100
vt 0.535300 0.857200
vt 0.537700 0.859600
vt 0.541100 0.853000
vt 0.543000 0.855900
vt 0.552600 0.847300
vt 0.548000 0.851600
vt 0.546800 0.848200
vt 0.552300 0.843800
vt 0.549100 0.854700
vt 0.544500 0.858700
vt 0.553600 0.850300
vt 0.539700 0.861800
vt 0.557700 0.845800
vt 0.561600 0.841200
vt 0.556800 0.843500
vt 0.560000 0.840000
vt 0.557100 0.840600
vt 0.561600 0.838100
vt 0.559700 0.837000
vt 0.563200 0.836200
vt 0.556500 0.774700
vt 0.558300 0.778600
vt 0.555600 0.776400
vt 0.556300 0.772800
vt 0.554400 0.774700
vt 0.556200 0.770900
vt 0.555100 0.770100
vt 0.552800 0.773500
vt 0.566100 0.787200
vt 0.566200 0.790200
vt 0.565600 0.784100
vt 0.573900 0.785600
vt 0.574800 0.788000
vt 0.575100 0.790400
vt 0.581400 0.788300
vt 0.581800 0.790100
vt 0.580600 0.786400
vt 0.585900 0.786200
vt 0.586400 0.788000
vt 0.586700 0.789600
vt 0.581800 0.792000
vt 0.575000 0.792800
vt 0.586900 0.791200
vt 0.586900 0.793100
vt 0.581500 0.794200
vt 0.574200 0.795500
vt 0.565700 0.793300
vt 0.564500 0.796700
vt 0.570700 0.802100
vt 0.559700 0.804500
vt 0.562400 0.800400
vt 0.572700 0.798600
vt 0.586600 0.797800
vt 0.579600 0.799600
vt 0.580700 0.796700
vt 0.586800 0.795200
vt 0.578300 0.802700
vt 0.568400 0.805800
vt 0.586200 0.800600
vt 0.586000 0.804000
vt 0.577300 0.806300
vt 0.566600 0.809900
vt 0.556400 0.809100
vt 0.554300 0.814100
vt 0.566900 0.818900
vt 0.556500 0.823800
vt 0.554600 0.819000
vt 0.566200 0.814400
vt 0.586800 0.812600
vt 0.577300 0.815100
vt 0.577000 0.810600
vt 0.586200 0.808200
vt 0.587700 0.817200
vt 0.578400 0.819400
vt 0.589000 0.821500
vt 0.580200 0.823300
vt 0.570600 0.826200
vt 0.568300 0.822900
vt 0.558800 0.828100
vt 0.561800 0.831200
vt 0.565700 0.832400
vt 0.570000 0.832600
vt 0.573700 0.828400
vt 0.576900 0.829000
vt 0.582600 0.826400
vt 0.585300 0.829100
vt 0.590600 0.825300
vt 0.593700 0.829300
vt 0.584700 0.782500
vt 0.585000 0.784100
vt 0.579400 0.784100
vt 0.577800 0.781600
vt 0.572500 0.782900
vt 0.570900 0.780800
vt 0.564700 0.780900
vt 0.563700 0.777700
vt 0.594200 0.787600
vt 0.590500 0.788800
vt 0.590200 0.787000
vt 0.593800 0.785400
vt 0.589800 0.785000
vt 0.593200 0.783100
vt 0.603000 0.784400
vt 0.598700 0.786000
vt 0.598100 0.783500
vt 0.602200 0.781700
vt 0.597400 0.780900
vt 0.601200 0.778800
vt 0.599300 0.788600
vt 0.594700 0.789800
vt 0.603700 0.787300
vt 0.600000 0.791300
vt 0.595200 0.792200
vt 0.590800 0.790600
vt 0.591100 0.792600
vt 0.591500 0.794900
vt 0.591800 0.797500
vt 0.595800 0.794900
vt 0.596500 0.797900
vt 0.600700 0.794400
vt 0.601600 0.797700
vt 0.598200 0.804200
vt 0.597300 0.800900
vt 0.602700 0.800900
vt 0.603800 0.804300
vt 0.592200 0.800400
vt 0.592600 0.803700
vt 0.593200 0.807500
vt 0.593900 0.811600
vt 0.599100 0.807700
vt 0.599800 0.811400
vt 0.604700 0.807800
vt 0.605500 0.811400
vt 0.600900 0.818900
vt 0.600500 0.815200
vt 0.605900 0.815000
vt 0.606000 0.818600
vt 0.594700 0.815900
vt 0.595500 0.820000
vt 0.600600 0.825200
vt 0.597100 0.827300
vt 0.596300 0.823700
vt 0.600900 0.822400
vt 0.609200 0.825100
vt 0.604900 0.825100
vt 0.605600 0.821900
vt 0.609700 0.821900
vt 0.591600 0.777700
vt 0.595200 0.775000
vt 0.596400 0.778000
vt 0.592500 0.780500
vt 0.598900 0.772400
vt 0.599900 0.775700
vt 0.588100 0.780100
vt 0.589000 0.782700
s 1
usemtl 07___Default.001
f 10/1/1 11/2/2 12/3/3 13/4/4
f 11/2/2 14/5/5 15/6/6 12/3/3
f 16/7/7 17/8/8 12/3/3 15/6/6
f 17/8/8 18/9/9 13/4/4 12/3/3
f 18/9/9 17/8/8 19/10/10 20/11/11
f 17/8/8 16/7/7 21/12/12 19/10/10
f 22/13/13 23/14/14 19/10/10 21/12/12
f 23/14/14 24/15/15 20/11/11 19/10/10
f 18/9/9 20/11/11 25/16/16 26/17/17
f 20/11/11 24/15/15 27/18/18 25/16/16
f 28/19/19 29/20/20 25/16/16 27/18/18
f 29/20/20 30/21/21 26/17/17 25/16/16
f 10/1/1 13/4/4 31/22/22 32/23/23
f 13/4/4 18/9/9 26/17/17 31/22/22
f 30/21/21 33/24/24 31/22/22 26/17/17
f 33/24/24 34/25/25 32/23/23 31/22/22
f 35/26/26 36/27/27 37/28/28 38/29/29
f 36/27/27 39/30/30 40/31/31 37/28/28
f 41/32/32 42/33/33 37/28/28 40/31/31
f 42/33/33 43/34/34 38/29/29 37/28/28
f 44/35/35 45/36/36 46/37/37 47/38/38
f 45/36/36 43/34/34 42/33/33 46/37/37
f 41/32/32 48/39/39 46/37/37 42/33/33
f 48/39/39 49/40/40 47/38/38 46/37/37
f 44/35/35 50/41/41 51/42/42 45/36/36
f 50/41/41 52/43/43 53/44/44 51/42/42
f 54/45/45 55/46/46 51/42/42 53/44/44
f 55/46/46 43/34/34 45/36/36 51/42/42
f 43/34/34 55/46/46 56/47/47 38/29/29
f 55/46/46 54/45/45 57/48/48 56/47/47
f 58/49/49 59/50/50 56/47/47 57/48/48
f 59/50/50 35/26/26 38/29/29 56/47/47
f 60/51/51 61/52/52 62/53/53 63/54/54
f 61/52/52 16/7/7 15/6/6 62/53/53
f 14/5/5 64/55/55 62/53/53 15/6/6
f 64/55/55 65/56/56 63/54/54 62/53/53
f 60/57/51 63/58/54 66/59/57 67/60/58
f 63/58/54 65/61/56 68/62/59 66/59/57
f 39/30/30 36/27/27 66/59/57 68/62/59
f 36/27/27 35/26/26 67/60/58 66/59/57
f 35/26/26 59/50/50 69/63/60 67/60/58
f 59/50/50 58/49/49 70/64/61 69/63/60
f 71/65/62 72/66/63 69/63/60 70/64/61
f 72/66/63 60/57/51 67/60/58 69/63/60
f 16/7/7 61/52/52 73/67/64 21/12/12
f 61/52/52 60/51/51 72/68/63 73/67/64
f 71/69/62 74/70/65 73/67/64 72/68/63
f 74/70/65 22/13/13 21/12/12 73/67/64
f 75/71/66 76/72/67 77/73/68 78/74/69
f 76/72/67 79/75/70 80/76/71 77/73/68
f 81/77/72 82/78/73 77/73/68 80/76/71
f 82/78/73 83/79/74 78/74/69 77/73/68
f 83/80/74 82/81/73 84/82/75 85/83/76
f 82/81/73 81/84/72 86/85/77 84/82/75
f 87/86/78 88/87/79 84/82/75 86/85/77
f 88/87/79 89/88/80 85/83/76 84/82/75
f 83/80/74 85/83/76 90/89/81 91/90/82
f 85/83/76 89/88/80 92/91/83 90/89/81
f 93/92/84 94/93/85 90/89/81 92/91/83
f 94/93/85 95/94/86 91/90/82 90/89/81
f 83/79/74 91/95/82 96/96/87 78/74/69
f 91/95/82 95/97/86 97/98/88 96/96/87
f 98/99/89 99/100/90 96/96/87 97/98/88
f 99/100/90 75/71/66 78/74/69 96/96/87
f 100/101/91 103/102/92 104/103/93 101/104/94
f 105/105/95 106/106/96 101/104/94 104/103/93
f 106/106/96 107/107/97 102/108/98 101/104/94
f 108/109/99 109/110/100 110/111/101 111/112/102
f 109/110/100 107/113/97 106/114/96 110/111/101
f 105/115/95 112/116/103 110/111/101 106/114/96
f 112/116/103 113/117/104 111/112/102 110/111/101
f 108/109/99 114/118/105 115/119/106 109/110/100
f 114/118/105 116/120/107 117/121/108 115/119/106
f 118/122/109 119/123/110 115/119/106 117/121/108
f 119/123/110 107/113/97 109/110/100 115/119/106
f 102/108/98 107/107/97 119/124/110 120/125/111
f 118/126/109 122/127/112 120/125/111 119/124/110
f 122/127/112 123/128/113 121/129/114 120/125/111
f 75/71/66 99/100/90 124/130/115 125/131/116
f 99/100/90 98/99/89 126/132/117 124/130/115
f 127/133/118 128/134/119 124/130/115 126/132/117
f 128/134/119 129/135/120 125/131/116 124/130/115
f 129/135/120 128/134/119 130/136/121 131/137/122
f 128/134/119 127/133/118 132/138/123 130/136/121
f 133/139/124 134/140/125 130/136/121 132/138/123
f 134/140/125 135/141/126 131/137/122 130/136/121
f 135/141/126 136/142/127 137/143/128 131/137/122
f 136/142/127 138/144/129 139/145/130 137/143/128
f 140/146/131 141/147/132 137/143/128 139/145/130
f 141/147/132 129/135/120 131/137/122 137/143/128
f 75/71/66 125/131/116 142/148/133 76/72/67
f 125/131/116 129/135/120 141/147/132 142/148/133
f 140/146/131 143/149/134 142/148/133 141/147/132
f 143/149/134 79/75/70 76/72/67 142/148/133
f 144/150/135 145/151/136 146/152/137 147/153/138
f 145/151/136 148/154/139 149/155/140 146/152/137
f 150/156/141 151/157/142 146/152/137 149/155/140
f 151/157/142 152/158/143 147/153/138 146/152/137
f 89/88/80 153/159/144 154/160/145 92/91/83
f 153/159/144 152/158/143 151/157/142 154/160/145
f 150/156/141 155/161/146 154/160/145 151/157/142
f 155/161/146 93/92/84 92/91/83 154/160/145
f 89/88/80 88/87/79 156/162/147 153/159/144
f 88/87/79 87/86/78 157/163/148 156/162/147
f 158/164/149 159/165/150 156/162/147 157/163/148
f 159/165/150 152/158/143 153/159/144 156/162/147
f 144/150/135 147/153/138 160/166/151 161/167/152
f 147/153/138 152/158/143 159/165/150 160/166/151
f 158/164/149 162/168/153 160/166/151 159/165/150
f 162/168/153 163/169/154 161/167/152 160/166/151
f 135/141/126 134/140/125 164/170/155 165/171/156
f 134/140/125 133/139/124 166/172/157 164/170/155
f 167/173/158 168/174/159 164/170/155 166/172/157
f 168/174/159 169/175/160 165/171/156 164/170/155
f 169/176/160 168/177/159 170/178/161 171/179/162
f 168/177/159 167/180/158 172/181/163 170/178/161
f 148/154/139 145/151/136 170/178/161 172/181/163
f 145/151/136 144/150/135 171/179/162 170/178/161
f 169/176/160 171/179/162 173/182/164 174/183/165
f 171/179/162 144/150/135 161/167/152 173/182/164
f 163/169/154 175/184/166 173/182/164 161/167/152
f 175/184/166 176/185/167 174/183/165 173/182/164
f 135/141/126 165/171/156 177/186/168 136/142/127
f 165/171/156 169/175/160 174/187/165 177/186/168
f 176/188/167 178/189/169 177/186/168 174/187/165
f 178/189/169 138/144/129 136/142/127 177/186/168
f 179/190/170 180/191/171 181/192/172 182/193/173
f 180/191/171 183/194/174 184/195/175 181/192/172
f 185/196/176 186/197/177 181/192/172 184/195/175
f 186/197/177 187/198/178 182/193/173 181/192/172
f 188/199/179 189/200/180 190/201/181 191/202/182
f 189/200/180 187/203/178 186/204/177 190/201/181
f 185/205/176 192/206/183 190/201/181 186/204/177
f 192/206/183 193/207/184 191/202/182 190/201/181
f 187/203/178 189/200/180 194/208/185 195/209/186
f 189/200/180 188/199/179 196/210/187 194/208/185
f 197/211/188 198/212/189 194/208/185 196/210/187
f 198/212/189 199/213/190 195/209/186 194/208/185
f 179/190/170 182/193/173 200/214/191 201/215/192
f 182/193/173 187/198/178 195/216/186 200/214/191
f 199/217/190 202/218/193 200/214/191 195/216/186
f 202/218/193 203/219/194 201/215/192 200/214/191
f 204/220/195 205/221/196 206/222/197 207/223/198
f 205/221/196 183/194/174 208/224/199 206/222/197
f 209/225/200 210/226/201 206/222/197 208/224/199
f 210/226/201 211/227/202 207/223/198 206/222/197
f 212/228/203 213/229/204 214/230/205 215/231/206
f 213/229/204 211/227/202 210/226/201 214/230/205
f 209/225/200 216/232/207 214/230/205 210/226/201
f 216/232/207 217/233/208 215/231/206 214/230/205
f 211/227/202 213/229/204 218/234/209 219/235/210
f 213/229/204 212/228/203 220/236/211 218/234/209
f 221/237/212 222/238/213 218/234/209 220/236/211
f 222/238/213 223/239/214 219/235/210 218/234/209
f 204/220/195 207/223/198 224/240/215 225/241/216
f 207/223/198 211/227/202 219/235/210 224/240/215
f 223/239/214 226/242/217 224/240/215 219/235/210
f 226/242/217 227/243/218 225/241/216 224/240/215
f 228/244/219 229/245/220 230/246/221 231/247/222
f 229/245/220 232/248/223 233/249/224 230/246/221
f 234/250/225 235/251/226 230/246/221 233/249/224
f 235/251/226 236/252/227 231/247/222 230/246/221
f 237/253/228 238/254/229 239/255/230 240/256/231
f 238/254/229 228/244/219 231/247/222 239/255/230
f 236/252/227 241/257/232 239/255/230 231/247/222
f 241/257/232 193/207/184 240/256/231 239/255/230
f 228/244/219 238/254/229 242/258/233 243/259/234
f 238/254/229 237/253/228 244/260/235 242/258/233
f 245/261/236 246/262/237 242/258/233 244/260/235
f 246/262/237 247/263/238 243/259/234 242/258/233
f 232/248/223 229/245/220 248/264/239 249/265/240
f 229/245/220 228/244/219 243/259/234 248/264/239
f 247/263/238 250/266/241 248/264/239 243/259/234
f 250/266/241 251/267/242 249/265/240 248/264/239
f 252/268/243 253/269/244 254/270/245 255/271/246
f 253/269/244 212/228/203 215/231/206 254/270/245
f 217/233/208 256/272/247 254/270/245 215/231/206
f 256/272/247 257/273/248 255/271/246 254/270/245
f 252/274/243 255/275/246 258/276/249 259/277/250
f 255/275/246 257/278/248 260/279/251 258/276/249
f 234/250/225 233/249/224 258/276/249 260/279/251
f 233/249/224 232/248/223 259/277/250 258/276/249
f 232/248/223 249/265/240 261/280/252 259/277/250
f 249/265/240 251/267/242 262/281/253 261/280/252
f 263/282/254 264/283/255 261/280/252 262/281/253
f 264/283/255 252/274/243 259/277/250 261/280/252
f 252/268/243 264/284/255 265/285/256 253/269/244
f 264/284/255 263/286/254 266/287/257 265/285/256
f 221/237/212 220/236/211 265/285/256 266/287/257
f 220/236/211 212/228/203 253/269/244 265/285/256
f 267/288/258 268/289/259 269/290/260 270/291/261
f 268/289/259 271/292/262 272/293/263 269/290/260
f 98/99/89 97/98/88 269/290/260 272/293/263
f 97/98/88 95/97/86 270/291/261 269/290/260
f 273/294/264 274/295/265 275/296/266 276/297/267
f 274/295/265 267/298/258 270/299/261 275/296/266
f 95/94/86 94/93/85 275/296/266 270/299/261
f 94/93/85 93/92/84 276/297/267 275/296/266
f 267/298/258 274/295/265 277/300/268 278/301/269
f 274/295/265 273/294/264 279/302/270 277/300/268
f 280/303/271 281/304/272 277/300/268 279/302/270
f 281/304/272 282/305/273 278/301/269 277/300/268
f 271/292/262 268/289/259 283/306/274 284/307/275
f 268/289/259 267/288/258 278/308/269 283/306/274
f 282/309/273 285/310/276 283/306/274 278/308/269
f 285/310/276 286/311/277 284/307/275 283/306/274
f 287/312/278 288/313/279 289/314/280 290/315/281
f 288/313/279 271/292/262 284/307/275 289/314/280
f 286/311/277 291/316/282 289/314/280 284/307/275
f 291/316/282 292/317/283 290/315/281 289/314/280
f 287/312/278 290/315/281 293/318/284 294/319/285
f 290/315/281 292/317/283 295/320/286 293/318/284
f 296/321/287 297/322/288 293/318/284 295/320/286
f 297/322/288 298/323/289 294/319/285 293/318/284
f 298/323/289 299/324/290 300/325/291 294/319/285
f 299/324/290 133/139/124 132/138/123 300/325/291
f 127/133/118 301/326/292 300/325/291 132/138/123
f 301/326/292 287/312/278 294/319/285 300/325/291
f 271/292/262 288/313/279 302/327/293 272/293/263
f 288/313/279 287/312/278 301/326/292 302/327/293
f 127/133/118 126/132/117 302/327/293 301/326/292
f 126/132/117 98/99/89 272/293/263 302/327/293
f 303/328/294 304/329/295 305/330/296 306/331/297
f 304/329/295 307/332/298 308/333/299 305/330/296
f 309/334/300 310/335/301 305/330/296 308/333/299
f 310/335/301 311/336/302 306/331/297 305/330/296
f 273/294/264 312/337/303 313/338/304 279/302/270
f 312/337/303 311/336/302 310/335/301 313/338/304
f 309/334/300 314/339/305 313/338/304 310/335/301
f 314/339/305 280/303/271 279/302/270 313/338/304
f 311/336/302 312/337/303 315/340/306 316/341/307
f 312/337/303 273/294/264 276/297/267 315/340/306
f 93/92/84 155/161/146 315/340/306 276/297/267
f 155/161/146 150/156/141 316/341/307 315/340/306
f 311/336/302 316/341/307 317/342/308 306/331/297
f 316/341/307 150/156/141 149/155/140 317/342/308
f 148/154/139 318/343/309 317/342/308 149/155/140
f 318/343/309 303/328/294 306/331/297 317/342/308
f 298/323/289 297/322/288 319/344/310 320/345/311
f 297/322/288 296/321/287 321/346/312 319/344/310
f 322/347/313 323/348/314 319/344/310 321/346/312
f 323/348/314 324/349/315 320/345/311 319/344/310
f 324/350/315 323/351/314 325/352/316 326/353/317
f 323/351/314 322/354/313 327/355/318 325/352/316
f 307/332/298 304/329/295 325/352/316 327/355/318
f 304/329/295 303/328/294 326/353/317 325/352/316
f 303/328/294 318/343/309 328/356/319 326/353/317
f 318/343/309 148/154/139 172/181/163 328/356/319
f 167/180/158 329/357/320 328/356/319 172/181/163
f 329/357/320 324/350/315 326/353/317 328/356/319
f 324/349/315 329/358/320 330/359/321 320/345/311
f 329/358/320 167/173/158 166/172/157 330/359/321
f 133/139/124 299/324/290 330/359/321 166/172/157
f 299/324/290 298/323/289 320/345/311 330/359/321
f 331/360/322 332/361/323 333/362/324 334/363/325
f 332/361/323 204/220/195 225/241/216 333/362/324
f 227/243/218 335/364/326 333/362/324 225/241/216
f 335/364/326 336/365/327 334/363/325 333/362/324
f 237/253/228 337/366/328 338/367/329 244/260/235
f 337/366/328 331/368/322 334/369/325 338/367/329
f 336/370/327 339/371/330 338/367/329 334/369/325
f 339/371/330 245/261/236 244/260/235 338/367/329
f 331/368/322 337/366/328 340/372/331 341/373/332
f 337/366/328 237/253/228 240/256/231 340/372/331
f 193/207/184 192/206/183 340/372/331 240/256/231
f 192/206/183 185/205/176 341/373/332 340/372/331
f 331/360/322 341/374/332 342/375/333 332/361/323
f 341/374/332 185/196/176 184/195/175 342/375/333
f 183/194/174 205/221/196 342/375/333 184/195/175
f 205/221/196 204/220/195 332/361/323 342/375/333
f 343/376/334 344/377/335 345/378/336 346/379/337
f 344/377/335 347/380/338 348/381/339 345/378/336
f 227/243/218 226/242/217 345/378/336 348/381/339
f 226/242/217 223/239/214 346/379/337 345/378/336
f 343/376/334 346/379/337 349/382/340 350/383/341
f 346/379/337 223/239/214 222/238/213 349/382/340
f 221/237/212 351/384/342 349/382/340 222/238/213
f 351/384/342 352/385/343 350/383/341 349/382/340
f 352/385/343 353/386/344 354/387/345 350/383/341
f 353/386/344 296/321/287 295/320/286 354/387/345
f 292/317/283 355/388/346 354/387/345 295/320/286
f 355/388/346 343/376/334 350/383/341 354/387/345
f 347/380/338 344/377/335 356/389/347 357/390/348
f 344/377/335 343/376/334 355/388/346 356/389/347
f 292/317/283 291/316/282 356/389/347 355/388/346
f 291/316/282 286/311/277 357/390/348 356/389/347
f 358/391/349 359/392/350 360/393/351 361/394/352
f 359/392/350 251/267/242 250/266/241 360/393/351
f 247/263/238 362/395/353 360/393/351 250/266/241
f 362/395/353 363/396/354 361/394/352 360/393/351
f 364/397/355 365/398/356 366/399/357 367/400/358
f 365/398/356 363/396/354 362/395/353 366/399/357
f 247/263/238 246/262/237 366/399/357 362/395/353
f 246/262/237 245/261/236 367/400/358 366/399/357
f 363/396/354 365/398/356 368/401/359 369/402/360
f 365/398/356 364/397/355 370/403/361 368/401/359
f 280/303/271 314/339/305 368/401/359 370/403/361
f 314/339/305 309/334/300 369/402/360 368/401/359
f 363/396/354 369/402/360 371/404/362 361/394/352
f 369/402/360 309/334/300 308/333/299 371/404/362
f 307/332/298 372/405/363 371/404/362 308/333/299
f 372/405/363 358/391/349 361/394/352 371/404/362
f 352/385/343 351/384/342 373/406/364 374/407/365
f 351/384/342 221/237/212 266/287/257 373/406/364
f 263/286/254 375/408/366 373/406/364 266/287/257
f 375/408/366 376/409/367 374/407/365 373/406/364
f 376/410/367 375/411/366 377/412/368 378/413/369
f 375/411/366 263/282/254 262/281/253 377/412/368
f 251/267/242 359/392/350 377/412/368 262/281/253
f 359/392/350 358/391/349 378/413/369 377/412/368
f 358/391/349 372/405/363 379/414/370 378/413/369
f 372/405/363 307/332/298 327/355/318 379/414/370
f 322/354/313 380/415/371 379/414/370 327/355/318
f 380/415/371 376/410/367 378/413/369 379/414/370
f 376/409/367 380/416/371 381/417/372 374/407/365
f 380/416/371 322/347/313 321/346/312 381/417/372
f 296/321/287 353/386/344 381/417/372 321/346/312
f 353/386/344 352/385/343 374/407/365 381/417/372
f 382/418/373 383/419/374 384/420/375 385/421/376
f 383/419/374 347/380/338 357/390/348 384/420/375
f 286/311/277 285/310/276 384/420/375 357/390/348
f 285/310/276 282/309/273 385/421/376 384/420/375
f 364/397/355 386/422/377 387/423/378 370/403/361
f 386/422/377 382/424/373 385/425/376 387/423/378
f 282/305/273 281/304/272 387/423/378 385/425/376
f 281/304/272 280/303/271 370/403/361 387/423/378
f 382/424/373 386/422/377 388/426/379 389/427/380
f 386/422/377 364/397/355 367/400/358 388/426/379
f 245/261/236 339/371/330 388/426/379 367/400/358
f 339/371/330 336/370/327 389/427/380 388/426/379
f 347/380/338 383/419/374 390/428/381 348/381/339
f 383/419/374 382/418/373 389/429/380 390/428/381
f 336/365/327 335/364/326 390/428/381 389/429/380
f 335/364/326 227/243/218 348/381/339 390/428/381
f 391/430/382 392/431/383 393/432/384 394/433/385
f 392/431/383 179/190/170 201/215/192 393/432/384
f 203/219/194 395/434/386 393/432/384 201/215/192
f 395/434/386 396/435/387 394/433/385 393/432/384
f 391/430/382 394/433/385 397/436/388 398/437/389
f 394/433/385 396/435/387 399/438/390 397/436/388
f 400/439/391 401/440/392 397/436/388 399/438/390
f 401/440/392 402/441/393 398/437/389 397/436/388
f 391/430/382 398/437/389 403/442/394 404/443/395
f 398/437/389 402/441/393 405/444/396 403/442/394
f 217/233/208 216/232/207 403/442/394 405/444/396
f 216/232/207 209/225/200 404/443/395 403/442/394
f 391/430/382 404/443/395 406/445/397 392/431/383
f 404/443/395 209/225/200 208/224/199 406/445/397
f 183/194/174 180/191/171 406/445/397 208/224/199
f 180/191/171 179/190/170 392/431/383 406/445/397
f 407/446/398 408/447/399 409/448/400 410/449/401
f 408/447/399 411/450/402 412/451/403 409/448/400
f 413/452/404 414/453/405 409/448/400 412/451/403
f 414/453/405 415/454/406 410/449/401 409/448/400
f 188/199/179 416/455/407 417/456/408 196/210/187
f 416/455/407 415/454/406 414/453/405 417/456/408
f 413/452/404 418/457/409 417/456/408 414/453/405
f 418/457/409 197/211/188 196/210/187 417/456/408
f 415/454/406 416/455/407 419/458/410 420/459/411
f 416/455/407 188/199/179 191/202/182 419/458/410
f 193/207/184 241/257/232 419/458/410 191/202/182
f 241/257/232 236/252/227 420/459/411 419/458/410
f 415/454/406 420/459/411 421/460/412 410/449/401
f 420/459/411 236/252/227 235/251/226 421/460/412
f 234/250/225 422/461/413 421/460/412 235/251/226
f 422/461/413 407/446/398 410/449/401 421/460/412
f 402/441/393 401/440/392 423/462/414 424/463/415
f 401/440/392 400/439/391 425/464/416 423/462/414
f 426/465/417 427/466/418 423/462/414 425/464/416
f 427/466/418 428/467/419 424/463/415 423/462/414
f 428/468/419 427/469/418 429/470/420 430/471/421
f 427/469/418 426/472/417 431/473/422 429/470/420
f 411/450/402 408/447/399 429/470/420 431/473/422
f 408/447/399 407/446/398 430/471/421 429/470/420
f 428/468/419 430/471/421 432/474/423 433/475/424
f 430/471/421 407/446/398 422/461/413 432/474/423
f 234/250/225 260/279/251 432/474/423 422/461/413
f 260/279/251 257/278/248 433/475/424 432/474/423
f 402/441/393 424/463/415 434/476/425 405/444/396
f 424/463/415 428/467/419 433/477/424 434/476/425
f 257/273/248 256/272/247 434/476/425 433/477/424
f 256/272/247 217/233/208 405/444/396 434/476/425
f 435/478/426 436/479/427 437/480/428 438/481/429
f 436/479/427 439/482/430 440/483/431 437/480/428
f 203/219/194 202/218/193 437/480/428 440/483/431
f 202/218/193 199/217/190 438/481/429 437/480/428
f 441/484/432 442/485/433 443/486/434 444/487/435
f 442/485/433 435/488/426 438/489/429 443/486/434
f 199/213/190 198/212/189 443/486/434 438/489/429
f 198/212/189 197/211/188 444/487/435 443/486/434
f 441/484/432 445/490/436 446/491/437 442/485/433
f 445/490/436 52/43/43 447/492/438 446/491/437
f 448/493/439 449/494/440 446/491/437 447/492/438
f 449/494/440 435/488/426 442/485/433 446/491/437
f 439/482/430 436/479/427 450/495/441 451/496/442
f 436/479/427 435/478/426 449/497/440 450/495/441
f 448/498/439 452/499/443 450/495/441 449/497/440
f 452/499/443 28/19/19 451/496/442 450/495/441
f 453/500/444 454/501/445 455/502/446 456/503/447
f 454/501/445 439/482/430 451/496/442 455/502/446
f 28/19/19 27/18/18 455/502/446 451/496/442
f 27/18/18 24/15/15 456/503/447 455/502/446
f 453/500/444 456/503/447 457/504/448 458/505/449
f 456/503/447 24/15/15 23/14/14 457/504/448
f 22/13/13 459/506/450 457/504/448 23/14/14
f 459/506/450 460/507/451 458/505/449 457/504/448
f 460/507/451 461/508/452 462/509/453 458/505/449
f 461/508/452 400/439/391 399/438/390 462/509/453
f 396/435/387 463/510/454 462/509/453 399/438/390
f 463/510/454 453/500/444 458/505/449 462/509/453
f 439/482/430 454/501/445 464/511/455 440/483/431
f 454/501/445 453/500/444 463/510/454 464/511/455
f 396/435/387 395/434/386 464/511/455 463/510/454
f 395/434/386 203/219/194 440/483/431 464/511/455
f 465/512/456 466/513/457 467/514/458 468/515/459
f 466/513/457 469/516/460 470/517/461 467/514/458
f 58/49/49 57/48/48 467/514/458 470/517/461
f 57/48/48 54/45/45 468/515/459 467/514/458
f 465/512/456 468/515/459 471/518/462 472/519/463
f 468/515/459 54/45/45 53/44/44 471/518/462
f 52/43/43 445/490/436 471/518/462 53/44/44
f 445/490/436 441/484/432 472/519/463 471/518/462
f 465/512/456 472/519/463 473/520/464 474/521/465
f 472/519/463 441/484/432 444/487/435 473/520/464
f 197/211/188 418/457/409 473/520/464 444/487/435
f 418/457/409 413/452/404 474/521/465 473/520/464
f 465/512/456 474/521/465 475/522/466 466/513/457
f 474/521/465 413/452/404 412/451/403 475/522/466
f 411/450/402 476/523/467 475/522/466 412/451/403
f 476/523/467 469/516/460 466/513/457 475/522/466
f 460/507/451 459/506/450 477/524/468 478/525/469
f 459/506/450 22/13/13 74/70/65 477/524/468
f 71/69/62 479/526/470 477/524/468 74/70/65
f 479/526/470 480/527/471 478/525/469 477/524/468
f 469/516/460 481/528/472 482/529/473 470/517/461
f 481/528/472 480/530/471 479/531/470 482/529/473
f 71/65/62 70/64/61 482/529/473 479/531/470
f 70/64/61 58/49/49 470/517/461 482/529/473
f 469/516/460 476/523/467 483/532/474 481/528/472
f 476/523/467 411/450/402 431/473/422 483/532/474
f 426/472/417 484/533/475 483/532/474 431/473/422
f 484/533/475 480/530/471 481/528/472 483/532/474
f 480/527/471 484/534/475 485/535/476 478/525/469
f 484/534/475 426/465/417 425/464/416 485/535/476
f 400/439/391 461/508/452 485/535/476 425/464/416
f 461/508/452 460/507/451 478/525/469 485/535/476
f 30/21/21 29/20/20 486/536/477 487/537/478
f 29/20/20 28/19/19 452/499/443 486/536/477
f 448/498/439 488/538/479 486/536/477 452/499/443
f 488/538/479 489/539/480 487/537/478 486/536/477
f 44/35/35 490/540/481 491/541/482 50/41/41
f 490/540/481 489/542/480 488/543/479 491/541/482
f 448/493/439 447/492/438 491/541/482 488/543/479
f 447/492/438 52/43/43 50/41/41 491/541/482
f 489/542/480 490/540/481 492/544/483 493/545/484
f 490/540/481 44/35/35 47/38/38 492/544/483
f 49/40/40 494/546/485 492/544/483 47/38/38
f 494/546/485 495/547/486 493/545/484 492/544/483
f 489/539/480 493/548/484 496/549/487 487/537/478
f 493/548/484 495/550/486 497/551/488 496/549/487
f 34/25/25 33/24/24 496/549/487 497/551/488
f 33/24/24 30/21/21 487/537/478 496/549/487
f 34/25/25 500/552/489 498/553/490 32/23/23
f 500/552/489 501/554/491 499/555/492 498/553/490
f 503/556/493 505/557/494 507/558/495 506/559/496
f 14/5/5 11/2/2 506/559/496 507/558/495
f 65/56/56 64/55/55 508/560/497 509/561/498
f 64/55/55 14/5/5 507/558/495 508/560/497
f 505/557/494 510/562/499 508/560/497 507/558/495
f 510/562/499 511/563/500 509/561/498 508/560/497
f 512/564/501 511/563/500 510/562/499 513/565/502
f 505/557/494 504/566/503 513/565/502 510/562/499
f 511/567/500 512/568/501 514/569/504 515/570/505
f 517/571/506 518/572/507 514/569/504 516/573/508
f 518/572/507 519/574/509 515/570/505 514/569/504
f 65/61/56 509/575/498 520/576/510 68/62/59
f 509/575/498 511/567/500 515/570/505 520/576/510
f 519/574/509 521/577/511 520/576/510 515/570/505
f 521/577/511 39/30/30 68/62/59 520/576/510
f 522/578/512 523/579/513 524/580/514 525/581/515
f 523/579/513 41/32/32 40/31/31 524/580/514
f 39/30/30 521/577/511 524/580/514 40/31/31
f 521/577/511 519/574/509 525/581/515 524/580/514
f 522/578/512 525/581/515 526/582/516 527/583/517
f 525/581/515 519/574/509 518/572/507 526/582/516
f 517/571/506 528/584/518 526/582/516 518/572/507
f 528/584/518 529/585/519 527/583/517 526/582/516
f 522/578/512 532/586/520 533/587/521 523/579/513
f 532/586/520 531/588/522 534/589/523 533/587/521
f 49/40/40 48/39/39 533/587/521 534/589/523
f 48/39/39 41/32/32 523/579/513 533/587/521
f 495/547/486 494/546/485 535/590/524 536/591/525
f 494/546/485 49/40/40 534/589/523 535/590/524
f 531/588/522 537/592/526 535/590/524 534/589/523
f 537/592/526 538/593/527 536/591/525 535/590/524
f 537/592/526 531/588/522 530/594/528 539/595/529
f 495/550/486 536/596/525 542/597/530 497/551/488
f 536/596/525 538/598/527 541/599/531 542/597/530
f 501/554/491 500/552/489 542/597/530 541/599/531
f 500/552/489 34/25/25 497/551/488 542/597/530
f 549/600/532 550/601/533 546/602/534 548/603/535
f 550/601/533 551/604/536 547/605/537 546/602/534
f 559/606/538 560/607/539 561/608/540 562/609/541
f 560/607/539 556/610/542 558/611/543 561/608/540
f 555/612/544 554/613/545 561/608/540 558/611/543
f 554/613/545 553/614/546 562/609/541 561/608/540
f 556/615/542 560/616/539 563/617/547 564/618/548
f 560/616/539 559/619/538 565/620/549 563/617/547
f 566/621/550 567/622/551 563/617/547 565/620/549
f 567/622/551 568/623/552 564/618/548 563/617/547
f 572/624/553 573/625/554 574/626/555 575/627/556
f 573/625/554 571/628/557 570/629/558 574/626/555
f 568/623/552 567/622/551 574/626/555 570/629/558
f 567/622/551 566/621/550 575/627/556 574/626/555
f 572/624/553 576/630/559 577/631/560 573/625/554
f 576/630/559 578/632/561 579/633/562 577/631/560
f 580/634/563 571/628/557 573/625/554 577/631/560
f 578/632/561 583/635/564 581/636/565 579/633/562
f 583/635/564 584/637/566 582/638/567 581/636/565
f 584/639/566 585/640/568 586/641/569 582/642/567
f 585/640/568 549/600/532 548/603/535 586/641/569
f 545/643/570 587/644/571 586/641/569 548/603/535
f 587/644/571 545/643/570 544/645/572 588/646/573
f 589/647/574 590/648/575 591/649/576 592/650/577
f 590/648/575 553/614/546 552/651/578 591/649/576
f 551/604/536 593/652/579 591/649/576 552/651/578
f 593/652/579 594/653/580 592/650/577 591/649/576
f 595/654/581 596/655/582 597/656/583 598/657/584
f 596/655/582 594/653/580 593/652/579 597/656/583
f 551/604/536 550/601/533 597/656/583 593/652/579
f 550/601/533 549/600/532 598/657/584 597/656/583
f 594/653/580 596/655/582 599/658/585 600/659/586
f 596/655/582 595/654/581 601/660/587 599/658/585
f 602/661/588 603/662/589 599/658/585 601/660/587
f 603/662/589 604/663/590 600/659/586 599/658/585
f 594/653/580 600/659/586 605/664/591 592/650/577
f 600/659/586 604/663/590 606/665/592 605/664/591
f 607/666/593 608/667/594 605/664/591 606/665/592
f 608/667/594 589/647/574 592/650/577 605/664/591
f 609/668/595 610/669/596 611/670/597 612/671/598
f 610/669/596 566/621/550 565/620/549 611/670/597
f 559/619/538 613/672/599 611/670/597 565/620/549
f 613/672/599 614/673/600 612/671/598 611/670/597
f 614/674/600 613/675/599 615/676/601 616/677/602
f 613/675/599 559/606/538 562/609/541 615/676/601
f 553/614/546 590/648/575 615/676/601 562/609/541
f 590/648/575 589/647/574 616/677/602 615/676/601
f 614/674/600 616/677/602 617/678/603 618/679/604
f 616/677/602 589/647/574 608/667/594 617/678/603
f 607/666/593 619/680/605 617/678/603 608/667/594
f 619/680/605 620/681/606 618/679/604 617/678/603
f 609/668/595 612/671/598 621/682/607 622/683/608
f 612/671/598 614/673/600 618/684/604 621/682/607
f 620/685/606 623/686/609 621/682/607 618/684/604
f 623/686/609 624/687/610 622/683/608 621/682/607
f 625/688/611 626/689/612 627/690/613 628/691/614
f 626/689/612 578/632/561 576/630/559 627/690/613
f 572/624/553 629/692/615 627/690/613 576/630/559
f 629/692/615 630/693/616 628/691/614 627/690/613
f 609/668/595 631/694/617 632/695/618 610/669/596
f 631/694/617 630/693/616 629/692/615 632/695/618
f 572/624/553 575/627/556 632/695/618 629/692/615
f 575/627/556 566/621/550 610/669/596 632/695/618
f 630/693/616 631/694/617 633/696/619 634/697/620
f 631/694/617 609/668/595 622/683/608 633/696/619
f 624/687/610 635/698/621 633/696/619 622/683/608
f 635/698/621 636/699/622 634/697/620 633/696/619
f 630/693/616 634/697/620 637/700/623 628/691/614
f 634/697/620 636/699/622 638/701/624 637/700/623
f 639/702/625 640/703/626 637/700/623 638/701/624
f 640/703/626 625/688/611 628/691/614 637/700/623
f 641/704/627 642/705/628 643/706/629 644/707/630
f 642/705/628 595/654/581 598/657/584 643/706/629
f 549/600/532 585/640/568 643/706/629 598/657/584
f 585/640/568 584/639/566 644/707/630 643/706/629
f 625/688/611 645/708/631 646/709/632 626/689/612
f 645/708/631 641/710/627 644/711/630 646/709/632
f 584/637/566 583/635/564 646/709/632 644/711/630
f 583/635/564 578/632/561 626/689/612 646/709/632
f 625/688/611 640/703/626 647/712/633 645/708/631
f 640/703/626 639/702/625 648/713/634 647/712/633
f 649/714/635 650/715/636 647/712/633 648/713/634
f 650/715/636 641/710/627 645/708/631 647/712/633
f 641/704/627 650/716/636 651/717/637 642/705/628
f 650/716/636 649/718/635 652/719/638 651/717/637
f 602/661/588 601/660/587 651/717/637 652/719/638
f 601/660/587 595/654/581 642/705/628 651/717/637
f 653/720/639 654/721/640 655/722/641 656/723/642
f 654/721/640 657/724/643 658/725/644 655/722/641
f 659/726/645 660/727/646 655/722/641 658/725/644
f 660/727/646 661/728/647 656/723/642 655/722/641
f 662/729/648 663/730/649 664/731/650 665/732/651
f 663/730/649 661/728/647 660/727/646 664/731/650
f 659/726/645 666/733/652 664/731/650 660/727/646
f 666/733/652 667/734/653 665/732/651 664/731/650
f 661/728/647 663/730/649 668/735/654 669/736/655
f 663/730/649 662/729/648 670/737/656 668/735/654
f 103/102/92 100/101/91 668/735/654 670/737/656
f 661/728/647 669/736/655 671/738/657 656/723/642
f 123/128/113 672/739/658 671/738/657 121/129/114
f 672/739/658 653/720/639 656/723/642 671/738/657
f 673/740/659 674/741/660 675/742/661 676/743/662
f 674/741/660 677/744/663 678/745/664 675/742/661
f 679/746/665 680/747/666 675/742/661 678/745/664
f 680/747/666 681/748/667 676/743/662 675/742/661
f 681/749/667 680/750/666 682/751/668 683/752/669
f 680/750/666 679/753/665 684/754/670 682/751/668
f 657/724/643 654/721/640 682/751/668 684/754/670
f 654/721/640 653/720/639 683/752/669 682/751/668
f 681/749/667 683/752/669 685/755/671 686/756/672
f 683/752/669 653/720/639 672/739/658 685/755/671
f 123/128/113 122/127/112 685/755/671 672/739/658
f 122/127/112 118/126/109 686/756/672 685/755/671
f 681/748/667 686/757/672 687/758/673 676/743/662
f 686/757/672 118/122/109 117/121/108 687/758/673
f 116/120/107 688/759/674 687/758/673 117/121/108
f 688/759/674 673/740/659 676/743/662 687/758/673
f 689/760/675 690/761/676 691/762/677 692/763/678
f 690/761/676 693/764/679 694/765/680 691/762/677
f 695/766/681 696/767/682 691/762/677 694/765/680
f 696/767/682 697/768/683 692/763/678 691/762/677
f 673/740/659 698/769/684 699/770/685 674/741/660
f 698/769/684 697/768/683 696/767/682 699/770/685
f 695/766/681 700/771/686 699/770/685 696/767/682
f 700/771/686 677/744/663 674/741/660 699/770/685
f 697/768/683 698/769/684 701/772/687 702/773/688
f 698/769/684 673/740/659 688/759/674 701/772/687
f 116/120/107 114/118/105 701/772/687 688/759/674
f 114/118/105 108/109/99 702/773/688 701/772/687
f 697/768/683 702/773/688 703/774/689 692/763/678
f 702/773/688 108/109/99 111/112/102 703/774/689
f 113/117/104 704/775/690 703/774/689 111/112/102
f 704/775/690 689/760/675 692/763/678 703/774/689
f 705/776/691 706/777/692 707/778/693 708/779/694
f 706/777/692 662/729/648 665/732/651 707/778/693
f 667/734/653 709/780/695 707/778/693 665/732/651
f 709/780/695 710/781/696 708/779/694 707/778/693
f 689/760/675 711/782/697 712/783/698 690/761/676
f 711/782/697 705/784/691 708/785/694 712/783/698
f 710/786/696 713/787/699 712/783/698 708/785/694
f 713/787/699 693/764/679 690/761/676 712/783/698
f 705/784/691 711/782/697 714/788/700 715/789/701
f 711/782/697 689/760/675 704/775/690 714/788/700
f 113/117/104 112/116/103 714/788/700 704/775/690
f 112/116/103 105/115/95 715/789/701 714/788/700
f 705/776/691 715/790/701 716/791/702 706/777/692
f 715/790/701 105/105/95 104/103/93 716/791/702
f 103/102/92 670/737/656 716/791/702 104/103/93
f 670/737/656 662/729/648 706/777/692 716/791/702
f 717/792/703 718/793/704 719/794/705 720/795/706
f 718/793/704 607/666/593 606/665/592 719/794/705
f 604/663/590 721/796/707 719/794/705 606/665/592
f 721/796/707 722/797/708 720/795/706 719/794/705
f 723/798/709 724/799/710 725/800/711 726/801/712
f 724/799/710 722/797/708 721/796/707 725/800/711
f 604/663/590 603/662/589 725/800/711 721/796/707
f 603/662/589 602/661/588 726/801/712 725/800/711
f 722/797/708 724/799/710 727/802/713 728/803/714
f 724/799/710 723/798/709 729/804/715 727/802/713
f 667/734/653 666/733/652 727/802/713 729/804/715
f 666/733/652 659/726/645 728/803/714 727/802/713
f 722/797/708 728/803/714 730/805/716 720/795/706
f 728/803/714 659/726/645 658/725/644 730/805/716
f 657/724/643 731/806/717 730/805/716 658/725/644
f 731/806/717 717/792/703 720/795/706 730/805/716
f 732/807/718 733/808/719 734/809/720 735/810/721
f 733/808/719 624/687/610 623/686/609 734/809/720
f 620/685/606 736/811/722 734/809/720 623/686/609
f 736/811/722 737/812/723 735/810/721 734/809/720
f 737/813/723 736/814/722 738/815/724 739/816/725
f 736/814/722 620/681/606 619/680/605 738/815/724
f 607/666/593 718/793/704 738/815/724 619/680/605
f 718/793/704 717/792/703 739/816/725 738/815/724
f 717/792/703 731/806/717 740/817/726 739/816/725
f 731/806/717 657/724/643 684/754/670 740/817/726
f 679/753/665 741/818/727 740/817/726 684/754/670
f 741/818/727 737/813/723 739/816/725 740/817/726
f 732/807/718 735/810/721 742/819/728 743/820/729
f 735/810/721 737/812/723 741/821/727 742/819/728
f 679/746/665 678/745/664 742/819/728 741/821/727
f 678/745/664 677/744/663 743/820/729 742/819/728
f 744/822/730 745/823/731 746/824/732 747/825/733
f 745/823/731 639/702/625 638/701/624 746/824/732
f 636/699/622 748/826/734 746/824/732 638/701/624
f 748/826/734 749/827/735 747/825/733 746/824/732
f 732/807/718 750/828/736 751/829/737 733/808/719
f 750/828/736 749/827/735 748/826/734 751/829/737
f 636/699/622 635/698/621 751/829/737 748/826/734
f 635/698/621 624/687/610 733/808/719 751/829/737
f 749/827/735 750/828/736 752/830/738 753/831/739
f 750/828/736 732/807/718 743/820/729 752/830/738
f 677/744/663 700/771/686 752/830/738 743/820/729
f 700/771/686 695/766/681 753/831/739 752/830/738
f 749/827/735 753/831/739 754/832/740 747/825/733
f 753/831/739 695/766/681 694/765/680 754/832/740
f 693/764/679 755/833/741 754/832/740 694/765/680
f 755/833/741 744/822/730 747/825/733 754/832/740
f 756/834/742 757/835/743 758/836/744 759/837/745
f 757/835/743 723/798/709 726/801/712 758/836/744
f 602/661/588 652/719/638 758/836/744 726/801/712
f 652/719/638 649/718/635 759/837/745 758/836/744
f 756/838/742 759/839/745 760/840/746 761/841/747
f 759/839/745 649/714/635 648/713/634 760/840/746
f 639/702/625 745/823/731 760/840/746 648/713/634
f 745/823/731 744/822/730 761/841/747 760/840/746
f 744/822/730 755/833/741 762/842/748 761/841/747
f 755/833/741 693/764/679 713/787/699 762/842/748
f 710/786/696 763/843/749 762/842/748 713/787/699
f 763/843/749 756/838/742 761/841/747 762/842/748
f 723/798/709 757/835/743 764/844/750 729/804/715
f 757/835/743 756/834/742 763/845/749 764/844/750
f 710/781/696 709/780/695 764/844/750 763/845/749
f 709/780/695 667/734/653 729/804/715 764/844/750
f 765/846/751 766/847/752 767/848/753 768/849/754
f 766/847/752 769/850/755 770/851/756 767/848/753
f 771/852/757 772/853/758 767/848/753 770/851/756
f 772/853/758 773/854/759 768/849/754 767/848/753
f 773/854/759 772/853/758 774/855/760 775/856/761
f 772/853/758 771/852/757 776/857/762 774/855/760
f 777/858/763 778/859/764 774/855/760 776/857/762
f 778/859/764 779/860/765 775/856/761 774/855/760
f 773/854/759 775/856/761 780/861/766 781/862/767
f 775/856/761 779/860/765 782/863/768 780/861/766
f 783/864/769 784/865/770 780/861/766 782/863/768
f 784/865/770 785/866/771 781/862/767 780/861/766
f 765/846/751 768/849/754 786/867/772 787/868/773
f 768/849/754 773/854/759 781/862/767 786/867/772
f 785/866/771 788/869/774 786/867/772 781/862/767
f 788/869/774 789/870/775 787/868/773 786/867/772
f 790/871/776 791/872/777 792/873/778 793/874/779
f 791/872/777 794/875/780 795/876/781 792/873/778
f 796/877/782 797/878/783 792/873/778 795/876/781
f 797/878/783 798/879/784 793/874/779 792/873/778
f 799/880/785 800/881/786 801/882/787 802/883/788
f 800/881/786 798/879/784 797/878/783 801/882/787
f 796/877/782 803/884/789 801/882/787 797/878/783
f 803/884/789 804/885/790 802/883/788 801/882/787
f 798/879/784 800/881/786 805/886/791 806/887/792
f 800/881/786 799/880/785 807/888/793 805/886/791
f 808/889/794 809/890/795 805/886/791 807/888/793
f 809/890/795 810/891/796 806/887/792 805/886/791
f 798/879/784 806/887/792 811/892/797 793/874/779
f 806/887/792 810/891/796 812/893/798 811/892/797
f 813/894/799 814/895/800 811/892/797 812/893/798
f 814/895/800 790/871/776 793/874/779 811/892/797
f 815/896/801 816/897/802 817/898/803 818/899/804
f 816/897/802 771/852/757 770/851/756 817/898/803
f 769/850/755 819/900/805 817/898/803 770/851/756
f 819/900/805 820/901/806 818/899/804 817/898/803
f 815/902/801 818/903/804 821/904/807 822/905/808
f 818/903/804 820/906/806 823/907/809 821/904/807
f 794/875/780 791/872/777 821/904/807 823/907/809
f 791/872/777 790/871/776 822/905/808 821/904/807
f 815/902/801 822/905/808 824/908/810 825/909/811
f 822/905/808 790/871/776 814/895/800 824/908/810
f 813/894/799 826/910/812 824/908/810 814/895/800
f 826/910/812 827/911/813 825/909/811 824/908/810
f 771/852/757 816/897/802 828/912/814 776/857/762
f 816/897/802 815/896/801 825/913/811 828/912/814
f 827/914/813 829/915/815 828/912/814 825/913/811
f 829/915/815 777/858/763 776/857/762 828/912/814
f 830/916/816 831/917/817 832/918/818 833/919/819
f 831/917/817 834/920/820 835/921/821 832/918/818
f 836/922/822 837/923/823 832/918/818 835/921/821
f 837/923/823 838/924/824 833/919/819 832/918/818
f 838/925/824 837/926/823 839/927/825 840/928/826
f 837/926/823 836/929/822 841/930/827 839/927/825
f 842/931/828 843/932/829 839/927/825 841/930/827
f 843/932/829 844/933/830 840/928/826 839/927/825
f 844/933/830 845/934/831 846/935/832 840/928/826
f 845/934/831 847/936/833 848/937/834 846/935/832
f 849/938/835 850/939/836 846/935/832 848/937/834
f 850/939/836 838/925/824 840/928/826 846/935/832
f 838/924/824 850/940/836 851/941/837 833/919/819
f 850/940/836 849/942/835 852/943/838 851/941/837
f 853/944/839 854/945/840 851/941/837 852/943/838
f 854/945/840 830/916/816 833/919/819 851/941/837
f 855/946/841 856/947/842 857/948/843 858/949/844
f 856/947/842 859/950/845 860/951/846 857/948/843
f 861/952/847 862/953/848 857/948/843 860/951/846
f 862/953/848 863/954/849 858/949/844 857/948/843
f 864/955/850 863/956/849 862/957/848 865/958/851
f 861/959/847 867/960/852 865/958/851 862/957/848
f 867/960/852 868/961/853 866/962/854 865/958/851
f 872/963/855 873/964/856 869/965/857 871/966/858
f 873/964/856 863/956/849 864/955/850 869/965/857
f 855/946/841 858/949/844 874/967/859 875/968/860
f 858/949/844 863/954/849 873/969/856 874/967/859
f 877/970/861 878/971/862 879/972/863 880/973/864
f 878/971/862 881/974/865 882/975/866 879/972/863
f 883/976/867 884/977/868 879/972/863 882/975/866
f 884/977/868 885/978/869 880/973/864 879/972/863
f 886/979/870 887/980/871 888/981/872 889/982/873
f 887/980/871 877/970/861 880/973/864 888/981/872
f 885/978/869 890/983/874 888/981/872 880/973/864
f 890/983/874 891/984/875 889/982/873 888/981/872
f 877/970/861 887/980/871 892/985/876 893/986/877
f 887/980/871 886/979/870 894/987/878 892/985/876
f 895/988/879 896/989/880 892/985/876 894/987/878
f 896/989/880 897/990/881 893/986/877 892/985/876
f 877/970/861 893/986/877 898/991/882 878/971/862
f 893/986/877 897/990/881 899/992/883 898/991/882
f 853/944/839 900/993/884 898/991/882 899/992/883
f 900/993/884 881/974/865 878/971/862 898/991/882
f 901/994/885 902/995/886 903/996/887 904/997/888
f 902/995/886 905/998/889 906/999/890 903/996/887
f 907/1000/891 908/1001/892 903/996/887 906/999/890
f 908/1001/892 909/1002/893 904/997/888 903/996/887
f 909/1002/893 908/1001/892 910/1003/894 911/1004/895
f 908/1001/892 907/1000/891 912/1005/896 910/1003/894
f 913/1006/897 914/1007/898 910/1003/894 912/1005/896
f 914/1007/898 915/1008/899 911/1004/895 910/1003/894
f 915/1008/899 916/1009/900 917/1010/901 911/1004/895
f 916/1009/900 847/936/833 918/1011/902 917/1010/901
f 919/1012/903 920/1013/904 917/1010/901 918/1011/902
f 920/1013/904 909/1002/893 911/1004/895 917/1010/901
f 901/994/885 904/997/888 921/1014/905 922/1015/906
f 904/997/888 909/1002/893 920/1013/904 921/1014/905
f 919/1012/903 923/1016/907 921/1014/905 920/1013/904
f 923/1016/907 924/1017/908 922/1015/906 921/1014/905
f 925/1018/909 926/1019/910 927/1020/911 928/1021/912
f 926/1019/910 886/979/870 889/982/873 927/1020/911
f 891/984/875 929/1022/913 927/1020/911 889/982/873
f 929/1022/913 930/1023/914 928/1021/912 927/1020/911
f 901/994/885 931/1024/915 932/1025/916 902/995/886
f 931/1024/915 925/1026/909 928/1027/912 932/1025/916
f 930/1028/914 933/1029/917 932/1025/916 928/1027/912
f 933/1029/917 905/998/889 902/995/886 932/1025/916
f 925/1026/909 931/1024/915 934/1030/918 935/1031/919
f 931/1024/915 901/994/885 922/1015/906 934/1030/918
f 924/1017/908 936/1032/920 934/1030/918 922/1015/906
f 936/1032/920 937/1033/921 935/1031/919 934/1030/918
f 886/979/870 926/1019/910 938/1034/922 894/987/878
f 926/1019/910 925/1018/909 935/1035/919 938/1034/922
f 937/1036/921 939/1037/923 938/1034/922 935/1035/919
f 939/1037/923 895/988/879 894/987/878 938/1034/922
f 940/1038/924 941/1039/925 942/1040/926 943/1041/927
f 941/1039/925 944/1042/928 945/1043/929 942/1040/926
f 946/1044/930 947/1045/931 942/1040/926 945/1043/929
f 947/1045/931 948/1046/932 943/1041/927 942/1040/926
f 948/1047/932 947/1048/931 949/1049/933 950/1050/934
f 947/1048/931 946/1051/930 951/1052/935 949/1049/933
f 952/1053/936 953/1054/937 949/1049/933 951/1052/935
f 953/1054/937 954/1055/938 950/1050/934 949/1049/933
f 954/1055/938 955/1056/939 956/1057/940 950/1050/934
f 955/1056/939 957/1058/941 958/1059/942 956/1057/940
f 959/1060/943 960/1061/944 956/1057/940 958/1059/942
f 960/1061/944 948/1047/932 950/1050/934 956/1057/940
f 948/1046/932 960/1062/944 961/1063/945 943/1041/927
f 960/1062/944 959/1064/943 962/1065/946 961/1063/945
f 963/1066/947 964/1067/948 961/1063/945 962/1065/946
f 964/1067/948 940/1038/924 943/1041/927 961/1063/945
f 965/1068/949 968/1069/950 969/1070/951 966/1071/952
f 944/1042/928 970/1072/953 966/1071/952 969/1070/951
f 970/1072/953 971/1073/954 967/1074/955 966/1071/952
f 972/1075/956 973/1076/957 974/1077/958 975/1078/959
f 971/1073/954 976/1079/960 974/1077/958 967/1074/955
f 976/1079/960 977/1080/961 975/1078/959 974/1077/958
f 973/1076/957 972/1075/956 980/1081/962 978/1082/963
f 981/1083/964 982/1084/965 978/1082/963 980/1081/962
f 985/1085/966 986/1086/967 983/1087/968 984/1088/969
f 986/1086/967 968/1069/950 965/1068/949 983/1087/968
f 987/1089/970 988/1090/971 989/1091/972 990/1092/973
f 988/1090/971 991/1093/974 992/1094/975 989/1091/972
f 993/1095/976 994/1096/977 989/1091/972 992/1094/975
f 994/1096/977 995/1097/978 990/1092/973 989/1091/972
f 995/1097/978 994/1096/977 996/1098/979 997/1099/980
f 994/1096/977 993/1095/976 998/1100/981 996/1098/979
f 952/1053/936 999/1101/982 996/1098/979 998/1100/981
f 999/1101/982 1000/1102/983 997/1099/980 996/1098/979
f 995/1097/978 997/1099/980 1001/1103/984 1002/1104/985
f 997/1099/980 1000/1102/983 1003/1105/986 1001/1103/984
f 1004/1106/987 1005/1107/988 1001/1103/984 1003/1105/986
f 1005/1107/988 1006/1108/989 1002/1104/985 1001/1103/984
f 995/1097/978 1002/1104/985 1007/1109/990 990/1092/973
f 1002/1104/985 1006/1108/989 1008/1110/991 1007/1109/990
f 1009/1111/992 1010/1112/993 1007/1109/990 1008/1110/991
f 1010/1112/993 987/1089/970 990/1092/973 1007/1109/990
f 1011/1113/994 1012/1114/995 1013/1115/996 1014/1116/997
f 1012/1114/995 972/1075/956 975/1078/959 1013/1115/996
f 977/1080/961 1015/1117/998 1013/1115/996 975/1078/959
f 1015/1117/998 1016/1118/999 1014/1116/997 1013/1115/996
f 1011/1119/994 1014/1120/997 1017/1121/1000 1018/1122/1001
f 1014/1120/997 1016/1123/999 1019/1124/1002 1017/1121/1000
f 991/1093/974 988/1090/971 1017/1121/1000 1019/1124/1002
f 988/1090/971 987/1089/970 1018/1122/1001 1017/1121/1000
f 987/1089/970 1010/1112/993 1020/1125/1003 1018/1122/1001
f 1010/1112/993 1009/1111/992 1021/1126/1004 1020/1125/1003
f 1022/1127/1005 1023/1128/1006 1020/1125/1003 1021/1126/1004
f 1023/1128/1006 1011/1119/994 1018/1122/1001 1020/1125/1003
f 1011/1113/994 1023/1129/1006 1024/1130/1007 1012/1114/995
f 1023/1129/1006 1022/1131/1005 1025/1132/1008 1024/1130/1007
f 981/1083/964 980/1081/962 1024/1130/1007 1025/1132/1008
f 980/1081/962 972/1075/956 1012/1114/995 1024/1130/1007
f 1026/1133/1009 1027/1134/1010 1028/1135/1011 1029/1136/1012
f 1027/1134/1010 1030/1137/1013 1031/1138/1014 1028/1135/1011
f 883/976/867 1032/1139/1015 1028/1135/1011 1031/1138/1014
f 1032/1139/1015 1033/1140/1016 1029/1136/1012 1028/1135/1011
f 1026/1141/1009 1029/1142/1012 1034/1143/1017 1035/1144/1018
f 1029/1142/1012 1033/1145/1016 1036/1146/1019 1034/1143/1017
f 913/1006/897 1037/1147/1020 1034/1143/1017 1036/1146/1019
f 1037/1147/1020 1038/1148/1021 1035/1144/1018 1034/1143/1017
f 1038/1148/1021 1039/1149/1022 1040/1150/1023 1035/1144/1018
f 1039/1149/1022 1041/1151/1024 1042/1152/1025 1040/1150/1023
f 1043/1153/1026 1044/1154/1027 1040/1150/1023 1042/1152/1025
f 1044/1154/1027 1026/1141/1009 1035/1144/1018 1040/1150/1023
f 1030/1137/1013 1027/1134/1010 1045/1155/1028 1046/1156/1029
f 1027/1134/1010 1026/1133/1009 1044/1157/1027 1045/1155/1028
f 1043/1158/1026 1047/1159/1030 1045/1155/1028 1044/1157/1027
f 1047/1159/1030 1048/1160/1031 1046/1156/1029 1045/1155/1028
f 1049/1161/1032 1050/1162/1033 1051/1163/1034 1052/1164/1035
f 1050/1162/1033 1030/1137/1013 1046/1156/1029 1051/1163/1034
f 1048/1160/1031 1053/1165/1036 1051/1163/1034 1046/1156/1029
f 1053/1165/1036 1054/1166/1037 1052/1164/1035 1051/1163/1034
f 1049/1161/1032 1052/1164/1035 1055/1167/1038 1056/1168/1039
f 1052/1164/1035 1054/1166/1037 1057/1169/1040 1055/1167/1038
f 1058/1170/1041 1059/1171/1042 1055/1167/1038 1057/1169/1040
f 1059/1171/1042 1060/1172/1043 1056/1168/1039 1055/1167/1038
f 1060/1172/1043 1061/1173/1044 1062/1174/1045 1056/1168/1039
f 1061/1173/1044 891/984/875 890/983/874 1062/1174/1045
f 885/978/869 1063/1175/1046 1062/1174/1045 890/983/874
f 1063/1175/1046 1049/1161/1032 1056/1168/1039 1062/1174/1045
f 1030/1137/1013 1050/1162/1033 1064/1176/1047 1031/1138/1014
f 1050/1162/1033 1049/1161/1032 1063/1175/1046 1064/1176/1047
f 885/978/869 884/977/868 1064/1176/1047 1063/1175/1046
f 884/977/868 883/976/867 1031/1138/1014 1064/1176/1047
f 1065/1177/1048 1066/1178/1049 1067/1179/1050 1068/1180/1051
f 1066/1178/1049 1069/1181/1052 1070/1182/1053 1067/1179/1050
f 1071/1183/1054 1072/1184/1055 1067/1179/1050 1070/1182/1053
f 1072/1184/1055 1073/1185/1056 1068/1180/1051 1067/1179/1050
f 1073/1185/1056 1072/1184/1055 1074/1186/1057 1075/1187/1058
f 1072/1184/1055 1071/1183/1054 1076/1188/1059 1074/1186/1057
f 1041/1151/1024 1039/1149/1022 1074/1186/1057 1076/1188/1059
f 1039/1149/1022 1038/1148/1021 1075/1187/1058 1074/1186/1057
f 1038/1148/1021 1037/1147/1020 1077/1189/1060 1075/1187/1058
f 1037/1147/1020 913/1006/897 912/1005/896 1077/1189/1060
f 907/1000/891 1078/1190/1061 1077/1189/1060 912/1005/896
f 1078/1190/1061 1073/1185/1056 1075/1187/1058 1077/1189/1060
f 1073/1185/1056 1078/1190/1061 1079/1191/1062 1068/1180/1051
f 1078/1190/1061 907/1000/891 906/999/890 1079/1191/1062
f 905/998/889 1080/1192/1063 1079/1191/1062 906/999/890
f 1080/1192/1063 1065/1177/1048 1068/1180/1051 1079/1191/1062
f 1060/1172/1043 1059/1171/1042 1081/1193/1064 1082/1194/1065
f 1059/1171/1042 1058/1170/1041 1083/1195/1066 1081/1193/1064
f 1084/1196/1067 1085/1197/1068 1081/1193/1064 1083/1195/1066
f 1085/1197/1068 1086/1198/1069 1082/1194/1065 1081/1193/1064
f 1065/1177/1048 1087/1199/1070 1088/1200/1071 1066/1178/1049
f 1087/1199/1070 1086/1201/1069 1085/1202/1068 1088/1200/1071
f 1084/1203/1067 1089/1204/1072 1088/1200/1071 1085/1202/1068
f 1089/1204/1072 1069/1181/1052 1066/1178/1049 1088/1200/1071
f 1065/1177/1048 1080/1192/1063 1090/1205/1073 1087/1199/1070
f 1080/1192/1063 905/998/889 933/1029/917 1090/1205/1073
f 930/1028/914 1091/1206/1074 1090/1205/1073 933/1029/917
f 1091/1206/1074 1086/1201/1069 1087/1199/1070 1090/1205/1073
f 1086/1198/1069 1091/1207/1074 1092/1208/1075 1082/1194/1065
f 1091/1207/1074 930/1023/914 929/1022/913 1092/1208/1075
f 891/984/875 1061/1173/1044 1092/1208/1075 929/1022/913
f 1061/1173/1044 1060/1172/1043 1082/1194/1065 1092/1208/1075
f 1093/1209/1076 1094/1210/1077 1095/1211/1078 1096/1212/1079
f 1094/1210/1077 968/1069/950 986/1086/967 1095/1211/1078
f 985/1085/966 1097/1213/1080 1095/1211/1078 986/1086/967
f 1097/1213/1080 1098/1214/1081 1096/1212/1079 1095/1211/1078
f 1000/1102/983 1099/1215/1082 1100/1216/1083 1003/1105/986
f 1099/1215/1082 1093/1217/1076 1096/1218/1079 1100/1216/1083
f 1098/1219/1081 1101/1220/1084 1100/1216/1083 1096/1218/1079
f 1101/1220/1084 1004/1106/987 1003/1105/986 1100/1216/1083
f 1093/1217/1076 1099/1215/1082 1102/1221/1085 1103/1222/1086
f 1099/1215/1082 1000/1102/983 999/1101/982 1102/1221/1085
f 952/1053/936 951/1052/935 1102/1221/1085 999/1101/982
f 951/1052/935 946/1051/930 1103/1222/1086 1102/1221/1085
f 1093/1209/1076 1103/1223/1086 1104/1224/1087 1094/1210/1077
f 1103/1223/1086 946/1044/930 945/1043/929 1104/1224/1087
f 944/1042/928 969/1070/951 1104/1224/1087 945/1043/929
f 969/1070/951 968/1069/950 1094/1210/1077 1104/1224/1087
f 1105/1225/1088 1106/1226/1089 1107/1227/1090 1108/1228/1091
f 1106/1226/1089 985/1085/966 984/1088/969 1107/1227/1090
f 1109/1229/1092 1110/1230/1093 1108/1228/1091 1107/1227/1090
f 1110/1230/1093 1109/1229/1092 1111/1231/1094 1112/1232/1095
f 981/1083/964 1113/1233/1096 1111/1231/1094 982/1084/965
f 1113/1233/1096 1114/1234/1097 1112/1232/1095 1111/1231/1094
f 1114/1234/1097 1115/1235/1098 1116/1236/1099 1112/1232/1095
f 1115/1235/1098 1058/1170/1041 1057/1169/1040 1116/1236/1099
f 1054/1166/1037 1117/1237/1100 1116/1236/1099 1057/1169/1040
f 1117/1237/1100 1110/1230/1093 1112/1232/1095 1116/1236/1099
f 1105/1225/1088 1108/1228/1091 1118/1238/1101 1119/1239/1102
f 1108/1228/1091 1110/1230/1093 1117/1237/1100 1118/1238/1101
f 1054/1166/1037 1053/1165/1036 1118/1238/1101 1117/1237/1100
f 1053/1165/1036 1048/1160/1031 1119/1239/1102 1118/1238/1101
f 1120/1240/1103 1121/1241/1104 1122/1242/1105 1123/1243/1106
f 1121/1241/1104 1009/1111/992 1008/1110/991 1122/1242/1105
f 1006/1108/989 1124/1244/1107 1122/1242/1105 1008/1110/991
f 1124/1244/1107 1125/1245/1108 1123/1243/1106 1122/1242/1105
f 1126/1246/1109 1127/1247/1110 1128/1248/1111 1129/1249/1112
f 1127/1247/1110 1125/1245/1108 1124/1244/1107 1128/1248/1111
f 1006/1108/989 1005/1107/988 1128/1248/1111 1124/1244/1107
f 1005/1107/988 1004/1106/987 1129/1249/1112 1128/1248/1111
f 1125/1245/1108 1127/1247/1110 1130/1250/1113 1131/1251/1114
f 1127/1247/1110 1126/1246/1109 1132/1252/1115 1130/1250/1113
f 1041/1151/1024 1076/1188/1059 1130/1250/1113 1132/1252/1115
f 1076/1188/1059 1071/1183/1054 1131/1251/1114 1130/1250/1113
f 1125/1245/1108 1131/1251/1114 1133/1253/1116 1123/1243/1106
f 1131/1251/1114 1071/1183/1054 1070/1182/1053 1133/1253/1116
f 1069/1181/1052 1134/1254/1117 1133/1253/1116 1070/1182/1053
f 1134/1254/1117 1120/1240/1103 1123/1243/1106 1133/1253/1116
f 1114/1234/1097 1113/1233/1096 1135/1255/1118 1136/1256/1119
f 1113/1233/1096 981/1083/964 1025/1132/1008 1135/1255/1118
f 1022/1131/1005 1137/1257/1120 1135/1255/1118 1025/1132/1008
f 1137/1257/1120 1138/1258/1121 1136/1256/1119 1135/1255/1118
f 1138/1259/1121 1137/1260/1120 1139/1261/1122 1140/1262/1123
f 1137/1260/1120 1022/1127/1005 1021/1126/1004 1139/1261/1122
f 1009/1111/992 1121/1241/1104 1139/1261/1122 1021/1126/1004
f 1121/1241/1104 1120/1240/1103 1140/1262/1123 1139/1261/1122
f 1120/1240/1103 1134/1254/1117 1141/1263/1124 1140/1262/1123
f 1134/1254/1117 1069/1181/1052 1089/1204/1072 1141/1263/1124
f 1084/1203/1067 1142/1264/1125 1141/1263/1124 1089/1204/1072
f 1142/1264/1125 1138/1259/1121 1140/1262/1123 1141/1263/1124
f 1138/1258/1121 1142/1265/1125 1143/1266/1126 1136/1256/1119
f 1142/1265/1125 1084/1196/1067 1083/1195/1066 1143/1266/1126
f 1058/1170/1041 1115/1235/1098 1143/1266/1126 1083/1195/1066
f 1115/1235/1098 1114/1234/1097 1136/1256/1119 1143/1266/1126
f 1144/1267/1127 1145/1268/1128 1146/1269/1129 1147/1270/1130
f 1145/1268/1128 1105/1225/1088 1119/1239/1102 1146/1269/1129
f 1048/1160/1031 1047/1159/1030 1146/1269/1129 1119/1239/1102
f 1047/1159/1030 1043/1158/1026 1147/1270/1130 1146/1269/1129
f 1126/1246/1109 1148/1271/1131 1149/1272/1132 1132/1252/1115
f 1148/1271/1131 1144/1273/1127 1147/1274/1130 1149/1272/1132
f 1043/1153/1026 1042/1152/1025 1149/1272/1132 1147/1274/1130
f 1042/1152/1025 1041/1151/1024 1132/1252/1115 1149/1272/1132
f 1144/1273/1127 1148/1271/1131 1150/1275/1133 1151/1276/1134
f 1148/1271/1131 1126/1246/1109 1129/1249/1112 1150/1275/1133
f 1004/1106/987 1101/1220/1084 1150/1275/1133 1129/1249/1112
f 1101/1220/1084 1098/1219/1081 1151/1276/1134 1150/1275/1133
f 1105/1225/1088 1145/1268/1128 1152/1277/1135 1106/1226/1089
f 1145/1268/1128 1144/1267/1127 1151/1278/1134 1152/1277/1135
f 1098/1214/1081 1097/1213/1080 1152/1277/1135 1151/1278/1134
f 1097/1213/1080 985/1085/966 1106/1226/1089 1152/1277/1135
f 881/974/865 900/993/884 1153/1279/1136 1154/1280/1137
f 900/993/884 853/944/839 852/943/838 1153/1279/1136
f 849/942/835 1155/1281/1138 1153/1279/1136 852/943/838
f 1155/1281/1138 1156/1282/1139 1154/1280/1137 1153/1279/1136
f 1156/1283/1139 1155/1284/1138 1157/1285/1140 1158/1286/1141
f 1155/1284/1138 849/938/835 848/937/834 1157/1285/1140
f 847/936/833 916/1009/900 1157/1285/1140 848/937/834
f 916/1009/900 915/1008/899 1158/1286/1141 1157/1285/1140
f 915/1008/899 914/1007/898 1159/1287/1142 1158/1286/1141
f 914/1007/898 913/1006/897 1036/1146/1019 1159/1287/1142
f 1033/1145/1016 1160/1288/1143 1159/1287/1142 1036/1146/1019
f 1160/1288/1143 1156/1283/1139 1158/1286/1141 1159/1287/1142
f 1156/1282/1139 1160/1289/1143 1161/1290/1144 1154/1280/1137
f 1160/1289/1143 1033/1140/1016 1032/1139/1015 1161/1290/1144
f 883/976/867 882/975/866 1161/1290/1144 1032/1139/1015
f 882/975/866 881/974/865 1154/1280/1137 1161/1290/1144
f 830/916/816 854/945/840 1162/1291/1145 1163/1292/1146
f 854/945/840 853/944/839 899/992/883 1162/1291/1145
f 897/990/881 1164/1293/1147 1162/1291/1145 899/992/883
f 1164/1293/1147 1165/1294/1148 1163/1292/1146 1162/1291/1145
f 1166/1295/1149 1167/1296/1150 1168/1297/1151 1169/1298/1152
f 1167/1296/1150 1165/1294/1148 1164/1293/1147 1168/1297/1151
f 897/990/881 896/989/880 1168/1297/1151 1164/1293/1147
f 896/989/880 895/988/879 1169/1298/1152 1168/1297/1151
f 1165/1294/1148 1167/1296/1150 1170/1299/1153 1171/1300/1154
f 1167/1296/1150 1166/1295/1149 1172/1301/1155 1170/1299/1153
f 1173/1302/1156 1174/1303/1157 1170/1299/1153 1172/1301/1155
f 1174/1303/1157 1175/1304/1158 1171/1300/1154 1170/1299/1153
f 830/916/816 1163/1292/1146 1176/1305/1159 831/917/817
f 1163/1292/1146 1165/1294/1148 1171/1300/1154 1176/1305/1159
f 1175/1304/1158 1177/1306/1160 1176/1305/1159 1171/1300/1154
f 1177/1306/1160 834/920/820 831/917/817 1176/1305/1159
f 1178/1307/1161 1179/1308/1162 1180/1309/1163 1181/1310/1164
f 1179/1308/1162 1182/1311/1165 1183/1312/1166 1180/1309/1163
f 924/1017/908 923/1016/907 1180/1309/1163 1183/1312/1166
f 923/1016/907 919/1012/903 1181/1310/1164 1180/1309/1163
f 1178/1307/1161 1181/1310/1164 1184/1313/1167 1185/1314/1168
f 1181/1310/1164 919/1012/903 918/1011/902 1184/1313/1167
f 847/936/833 845/934/831 1184/1313/1167 918/1011/902
f 845/934/831 844/933/830 1185/1314/1168 1184/1313/1167
f 844/933/830 843/932/829 1186/1315/1169 1185/1314/1168
f 843/932/829 842/931/828 1187/1316/1170 1186/1315/1169
f 1188/1317/1171 1189/1318/1172 1186/1315/1169 1187/1316/1170
f 1189/1318/1172 1178/1307/1161 1185/1314/1168 1186/1315/1169
f 1178/1307/1161 1189/1318/1172 1190/1319/1173 1179/1308/1162
f 1189/1318/1172 1188/1317/1171 1191/1320/1174 1190/1319/1173
f 1192/1321/1175 1193/1322/1176 1190/1319/1173 1191/1320/1174
f 1193/1322/1176 1182/1311/1165 1179/1308/1162 1190/1319/1173
f 1194/1323/1177 1195/1324/1178 1196/1325/1179 1197/1326/1180
f 1195/1324/1178 1166/1295/1149 1169/1298/1152 1196/1325/1179
f 895/988/879 939/1037/923 1196/1325/1179 1169/1298/1152
f 939/1037/923 937/1036/921 1197/1326/1180 1196/1325/1179
f 1182/1311/1165 1198/1327/1181 1199/1328/1182 1183/1312/1166
f 1198/1327/1181 1194/1329/1177 1197/1330/1180 1199/1328/1182
f 937/1033/921 936/1032/920 1199/1328/1182 1197/1330/1180
f 936/1032/920 924/1017/908 1183/1312/1166 1199/1328/1182
f 1194/1329/1177 1198/1327/1181 1200/1331/1183 1201/1332/1184
f 1198/1327/1181 1182/1311/1165 1193/1322/1176 1200/1331/1183
f 1192/1321/1175 1202/1333/1185 1200/1331/1183 1193/1322/1176
f 1202/1333/1185 1203/1334/1186 1201/1332/1184 1200/1331/1183
f 1166/1295/1149 1195/1324/1178 1204/1335/1187 1172/1301/1155
f 1195/1324/1178 1194/1323/1177 1201/1336/1184 1204/1335/1187
f 1203/1337/1186 1205/1338/1188 1204/1335/1187 1201/1336/1184
f 1205/1338/1188 1173/1302/1156 1172/1301/1155 1204/1335/1187
f 1206/1339/1189 1207/1340/1190 1208/1341/1191 1209/1342/1192
f 1207/1340/1190 1210/1343/1193 1211/1344/1194 1208/1341/1191
f 1212/1345/1195 1213/1346/1196 1208/1341/1191 1211/1344/1194
f 1213/1346/1196 1214/1347/1197 1209/1342/1192 1208/1341/1191
f 1215/1348/1198 1216/1349/1199 1217/1350/1200 1218/1351/1201
f 1216/1349/1199 1206/1339/1189 1209/1342/1192 1217/1350/1200
f 1214/1347/1197 1219/1352/1202 1217/1350/1200 1209/1342/1192
f 1219/1352/1202 1220/1353/1203 1218/1351/1201 1217/1350/1200
f 1206/1339/1189 1216/1349/1199 1221/1354/1204 1222/1355/1205
f 1216/1349/1199 1215/1348/1198 1223/1356/1206 1221/1354/1204
f 1224/1357/1207 1225/1358/1208 1221/1354/1204 1223/1356/1206
f 1225/1358/1208 1226/1359/1209 1222/1355/1205 1221/1354/1204
f 1210/1343/1193 1207/1340/1190 1227/1360/1210 1228/1361/1211
f 1207/1340/1190 1206/1339/1189 1222/1355/1205 1227/1360/1210
f 1226/1359/1209 1229/1362/1212 1227/1360/1210 1222/1355/1205
f 1229/1362/1212 963/1066/947 1228/1361/1211 1227/1360/1210
f 1230/1363/1213 1231/1364/1214 1232/1365/1215 1233/1366/1216
f 1231/1364/1214 1234/1367/1217 1235/1368/1218 1232/1365/1215
f 1236/1369/1219 1237/1370/1220 1232/1365/1215 1235/1368/1218
f 1237/1370/1220 1238/1371/1221 1233/1366/1216 1232/1365/1215
f 1238/1371/1221 1237/1370/1220 1239/1372/1222 1240/1373/1223
f 1237/1370/1220 1236/1369/1219 1241/1374/1224 1239/1372/1222
f 1242/1375/1225 1243/1376/1226 1239/1372/1222 1241/1374/1224
f 1243/1376/1226 1244/1377/1227 1240/1373/1223 1239/1372/1222
f 1244/1377/1227 1245/1378/1228 1246/1379/1229 1240/1373/1223
f 1245/1378/1228 957/1058/941 1247/1380/1230 1246/1379/1229
f 1248/1381/1231 1249/1382/1232 1246/1379/1229 1247/1380/1230
f 1249/1382/1232 1238/1371/1221 1240/1373/1223 1246/1379/1229
f 1230/1363/1213 1233/1366/1216 1250/1383/1233 1251/1384/1234
f 1233/1366/1216 1238/1371/1221 1249/1382/1232 1250/1383/1233
f 1248/1381/1231 1252/1385/1235 1250/1383/1233 1249/1382/1232
f 1252/1385/1235 1253/1386/1236 1251/1384/1234 1250/1383/1233
f 1254/1387/1237 1255/1388/1238 1256/1389/1239 1257/1390/1240
f 1255/1388/1238 1215/1348/1198 1218/1351/1201 1256/1389/1239
f 1220/1353/1203 1258/1391/1241 1256/1389/1239 1218/1351/1201
f 1258/1391/1241 1259/1392/1242 1257/1390/1240 1256/1389/1239
f 1230/1363/1213 1260/1393/1243 1261/1394/1244 1231/1364/1214
f 1260/1393/1243 1254/1395/1237 1257/1396/1240 1261/1394/1244
f 1259/1397/1242 1262/1398/1245 1261/1394/1244 1257/1396/1240
f 1262/1398/1245 1234/1367/1217 1231/1364/1214 1261/1394/1244
f 1254/1395/1237 1260/1393/1243 1263/1399/1246 1264/1400/1247
f 1260/1393/1243 1230/1363/1213 1251/1384/1234 1263/1399/1246
f 1253/1386/1236 1265/1401/1248 1263/1399/1246 1251/1384/1234
f 1265/1401/1248 1266/1402/1249 1264/1400/1247 1263/1399/1246
f 1215/1348/1198 1255/1388/1238 1267/1403/1250 1223/1356/1206
f 1255/1388/1238 1254/1387/1237 1264/1404/1247 1267/1403/1250
f 1266/1405/1249 1268/1406/1251 1267/1403/1250 1264/1404/1247
f 1268/1406/1251 1224/1357/1207 1223/1356/1206 1267/1403/1250
f 1269/1407/1252 1270/1408/1253 1271/1409/1254 1272/1410/1255
f 1270/1408/1253 1212/1345/1195 1273/1411/1256 1271/1409/1254
f 1274/1412/1257 1275/1413/1258 1271/1409/1254 1273/1411/1256
f 1275/1413/1258 1276/1414/1259 1272/1410/1255 1271/1409/1254
f 1276/1415/1259 1275/1416/1258 1277/1417/1260 1278/1418/1261
f 1275/1416/1258 1274/1419/1257 1279/1420/1262 1277/1417/1260
f 1242/1375/1225 1280/1421/1263 1277/1417/1260 1279/1420/1262
f 1280/1421/1263 1281/1422/1264 1278/1418/1261 1277/1417/1260
f 1281/1422/1264 1282/1423/1265 1283/1424/1266 1278/1418/1261
f 1282/1423/1265 808/889/794 1284/1425/1267 1283/1424/1266
f 1285/1426/1268 1286/1427/1269 1283/1424/1266 1284/1425/1267
f 1286/1427/1269 1276/1415/1259 1278/1418/1261 1283/1424/1266
f 1269/1407/1252 1272/1410/1255 1287/1428/1270 1288/1429/1271
f 1272/1410/1255 1276/1414/1259 1286/1430/1269 1287/1428/1270
f 1285/1431/1268 1289/1432/1272 1287/1428/1270 1286/1430/1269
f 1289/1432/1272 783/864/769 1288/1429/1271 1287/1428/1270
f 1290/1433/1273 1291/1434/1274 1292/1435/1275 1293/1436/1276
f 1291/1434/1274 1269/1407/1252 1288/1429/1271 1292/1435/1275
f 783/864/769 782/863/768 1292/1435/1275 1288/1429/1271
f 782/863/768 779/860/765 1293/1436/1276 1292/1435/1275
f 1290/1433/1273 1293/1436/1276 1294/1437/1277 1295/1438/1278
f 1293/1436/1276 779/860/765 778/859/764 1294/1437/1277
f 777/858/763 1296/1439/1279 1294/1437/1277 778/859/764
f 1296/1439/1279 1297/1440/1280 1295/1438/1278 1294/1437/1277
f 1290/1433/1273 1295/1438/1278 1298/1441/1281 1299/1442/1282
f 1295/1438/1278 1297/1440/1280 1300/1443/1283 1298/1441/1281
f 1220/1353/1203 1219/1352/1202 1298/1441/1281 1300/1443/1283
f 1219/1352/1202 1214/1347/1197 1299/1442/1282 1298/1441/1281
f 1269/1407/1252 1291/1434/1274 1301/1444/1284 1270/1408/1253
f 1291/1434/1274 1290/1433/1273 1299/1442/1282 1301/1444/1284
f 1214/1347/1197 1213/1346/1196 1301/1444/1284 1299/1442/1282
f 1213/1346/1196 1212/1345/1195 1270/1408/1253 1301/1444/1284
f 1302/1445/1285 1303/1446/1286 1304/1447/1287 1305/1448/1288
f 1303/1446/1286 1306/1449/1289 1307/1450/1290 1304/1447/1287
f 813/894/799 812/893/798 1304/1447/1287 1307/1450/1290
f 812/893/798 810/891/796 1305/1448/1288 1304/1447/1287
f 1302/1445/1285 1305/1448/1288 1308/1451/1291 1309/1452/1292
f 1305/1448/1288 810/891/796 809/890/795 1308/1451/1291
f 808/889/794 1282/1423/1265 1308/1451/1291 809/890/795
f 1282/1423/1265 1281/1422/1264 1309/1452/1292 1308/1451/1291
f 1281/1422/1264 1280/1421/1263 1310/1453/1293 1309/1452/1292
f 1280/1421/1263 1242/1375/1225 1241/1374/1224 1310/1453/1293
f 1236/1369/1219 1311/1454/1294 1310/1453/1293 1241/1374/1224
f 1311/1454/1294 1302/1445/1285 1309/1452/1292 1310/1453/1293
f 1306/1449/1289 1303/1446/1286 1312/1455/1295 1313/1456/1296
f 1303/1446/1286 1302/1445/1285 1311/1454/1294 1312/1455/1295
f 1236/1369/1219 1235/1368/1218 1312/1455/1295 1311/1454/1294
f 1235/1368/1218 1234/1367/1217 1313/1456/1296 1312/1455/1295
f 1297/1440/1280 1296/1439/1279 1314/1457/1297 1315/1458/1298
f 1296/1439/1279 777/858/763 829/915/815 1314/1457/1297
f 827/914/813 1316/1459/1299 1314/1457/1297 829/915/815
f 1316/1459/1299 1317/1460/1300 1315/1458/1298 1314/1457/1297
f 1306/1449/1289 1318/1461/1301 1319/1462/1302 1307/1450/1290
f 1318/1461/1301 1317/1463/1300 1316/1464/1299 1319/1462/1302
f 827/911/813 826/910/812 1319/1462/1302 1316/1464/1299
f 826/910/812 813/894/799 1307/1450/1290 1319/1462/1302
f 1317/1463/1300 1318/1461/1301 1320/1465/1303 1321/1466/1304
f 1318/1461/1301 1306/1449/1289 1313/1456/1296 1320/1465/1303
f 1234/1367/1217 1262/1398/1245 1320/1465/1303 1313/1456/1296
f 1262/1398/1245 1259/1397/1242 1321/1466/1304 1320/1465/1303
f 1297/1440/1280 1315/1458/1298 1322/1467/1305 1300/1443/1283
f 1315/1458/1298 1317/1460/1300 1321/1468/1304 1322/1467/1305
f 1259/1392/1242 1258/1391/1241 1322/1467/1305 1321/1468/1304
f 1258/1391/1241 1220/1353/1203 1300/1443/1283 1322/1467/1305
f 785/866/771 784/865/770 1323/1469/1306 1324/1470/1307
f 784/865/770 783/864/769 1289/1432/1272 1323/1469/1306
f 1285/1431/1268 1325/1471/1308 1323/1469/1306 1289/1432/1272
f 1325/1471/1308 1326/1472/1309 1324/1470/1307 1323/1469/1306
f 1326/1473/1309 1325/1474/1308 1327/1475/1310 1328/1476/1311
f 1325/1474/1308 1285/1426/1268 1284/1425/1267 1327/1475/1310
f 808/889/794 807/888/793 1327/1475/1310 1284/1425/1267
f 807/888/793 799/880/785 1328/1476/1311 1327/1475/1310
f 1326/1473/1309 1328/1476/1311 1329/1477/1312 1330/1478/1313
f 1328/1476/1311 799/880/785 802/883/788 1329/1477/1312
f 804/885/790 1331/1479/1314 1329/1477/1312 802/883/788
f 1331/1479/1314 1332/1480/1315 1330/1478/1313 1329/1477/1312
f 1326/1472/1309 1330/1481/1313 1333/1482/1316 1324/1470/1307
f 1330/1481/1313 1332/1483/1315 1334/1484/1317 1333/1482/1316
f 789/870/775 788/869/774 1333/1482/1316 1334/1484/1317
f 788/869/774 785/866/771 1324/1470/1307 1333/1482/1316
f 1210/1343/1193 1228/1361/1211 1335/1485/1318 1336/1486/1319
f 1228/1361/1211 963/1066/947 962/1065/946 1335/1485/1318
f 959/1064/943 1337/1487/1320 1335/1485/1318 962/1065/946
f 1337/1487/1320 1338/1488/1321 1336/1486/1319 1335/1485/1318
f 1338/1489/1321 1337/1490/1320 1339/1491/1322 1340/1492/1323
f 1337/1490/1320 959/1060/943 958/1059/942 1339/1491/1322
f 957/1058/941 1245/1378/1228 1339/1491/1322 958/1059/942
f 1245/1378/1228 1244/1377/1227 1340/1492/1323 1339/1491/1322
f 1244/1377/1227 1243/1376/1226 1341/1493/1324 1340/1492/1323
f 1243/1376/1226 1242/1375/1225 1279/1420/1262 1341/1493/1324
f 1274/1419/1257 1342/1494/1325 1341/1493/1324 1279/1420/1262
f 1342/1494/1325 1338/1489/1321 1340/1492/1323 1341/1493/1324
f 1338/1488/1321 1342/1495/1325 1343/1496/1326 1336/1486/1319
f 1342/1495/1325 1274/1412/1257 1273/1411/1256 1343/1496/1326
f 1212/1345/1195 1211/1344/1194 1343/1496/1326 1273/1411/1256
f 1211/1344/1194 1210/1343/1193 1336/1486/1319 1343/1496/1326
f 940/1038/924 964/1067/948 1344/1497/1327 1345/1498/1328
f 964/1067/948 963/1066/947 1229/1362/1212 1344/1497/1327
f 1226/1359/1209 1346/1499/1329 1344/1497/1327 1229/1362/1212
f 1346/1499/1329 1347/1500/1330 1345/1498/1328 1344/1497/1327
f 1348/1501/1331 1349/1502/1332 1350/1503/1333 1351/1504/1334
f 1349/1502/1332 1347/1500/1330 1346/1499/1329 1350/1503/1333
f 1226/1359/1209 1225/1358/1208 1350/1503/1333 1346/1499/1329
f 1225/1358/1208 1224/1357/1207 1351/1504/1334 1350/1503/1333
f 1347/1500/1330 1349/1502/1332 1352/1505/1335 1353/1506/1336
f 1349/1502/1332 1348/1501/1331 1354/1507/1337 1352/1505/1335
f 977/1080/961 976/1079/960 1352/1505/1335 1354/1507/1337
f 976/1079/960 971/1073/954 1353/1506/1336 1352/1505/1335
f 940/1038/924 1345/1498/1328 1355/1508/1338 941/1039/925
f 1345/1498/1328 1347/1500/1330 1353/1506/1336 1355/1508/1338
f 971/1073/954 970/1072/953 1355/1508/1338 1353/1506/1336
f 970/1072/953 944/1042/928 941/1039/925 1355/1508/1338
f 1356/1509/1339 1357/1510/1340 1358/1511/1341 1359/1512/1342
f 1357/1510/1340 1360/1513/1343 1361/1514/1344 1358/1511/1341
f 1253/1386/1236 1252/1385/1235 1358/1511/1341 1361/1514/1344
f 1252/1385/1235 1248/1381/1231 1359/1512/1342 1358/1511/1341
f 1356/1509/1339 1359/1512/1342 1362/1515/1345 1363/1516/1346
f 1359/1512/1342 1248/1381/1231 1247/1380/1230 1362/1515/1345
f 957/1058/941 955/1056/939 1362/1515/1345 1247/1380/1230
f 955/1056/939 954/1055/938 1363/1516/1346 1362/1515/1345
f 954/1055/938 953/1054/937 1364/1517/1347 1363/1516/1346
f 953/1054/937 952/1053/936 998/1100/981 1364/1517/1347
f 993/1095/976 1365/1518/1348 1364/1517/1347 998/1100/981
f 1365/1518/1348 1356/1509/1339 1363/1516/1346 1364/1517/1347
f 1360/1513/1343 1357/1510/1340 1366/1519/1349 1367/1520/1350
f 1357/1510/1340 1356/1509/1339 1365/1518/1348 1366/1519/1349
f 993/1095/976 992/1094/975 1366/1519/1349 1365/1518/1348
f 992/1094/975 991/1093/974 1367/1520/1350 1366/1519/1349
f 1368/1521/1351 1369/1522/1352 1370/1523/1353 1371/1524/1354
f 1369/1522/1352 1348/1501/1331 1351/1504/1334 1370/1523/1353
f 1224/1357/1207 1268/1406/1251 1370/1523/1353 1351/1504/1334
f 1268/1406/1251 1266/1405/1249 1371/1524/1354 1370/1523/1353
f 1360/1513/1343 1372/1525/1355 1373/1526/1356 1361/1514/1344
f 1372/1525/1355 1368/1527/1351 1371/1528/1354 1373/1526/1356
f 1266/1402/1249 1265/1401/1248 1373/1526/1356 1371/1528/1354
f 1265/1401/1248 1253/1386/1236 1361/1514/1344 1373/1526/1356
f 1368/1527/1351 1372/1525/1355 1374/1529/1357 1375/1530/1358
f 1372/1525/1355 1360/1513/1343 1367/1520/1350 1374/1529/1357
f 991/1093/974 1019/1124/1002 1374/1529/1357 1367/1520/1350
f 1019/1124/1002 1016/1123/999 1375/1530/1358 1374/1529/1357
f 1348/1501/1331 1369/1522/1352 1376/1531/1359 1354/1507/1337
f 1369/1522/1352 1368/1521/1351 1375/1532/1358 1376/1531/1359
f 1016/1118/999 1015/1117/998 1376/1531/1359 1375/1532/1358
f 1015/1117/998 977/1080/961 1354/1507/1337 1376/1531/1359
f 1377/1533/1360 1378/1534/1361 1379/1535/1362 1380/1536/1363
f 1378/1534/1361 765/846/751 787/868/773 1379/1535/1362
f 789/870/775 1381/1537/1364 1379/1535/1362 787/868/773
f 1377/1533/1360 1384/1538/1365 1386/1539/1366 1378/1534/1361
f 769/850/755 766/847/752 1386/1539/1366 1387/1540/1367
f 766/847/752 765/846/751 1378/1534/1361 1386/1539/1366
f 820/901/806 819/900/805 1388/1541/1368 1389/1542/1369
f 819/900/805 769/850/755 1387/1540/1367 1388/1541/1368
f 1390/1543/1370 1391/1544/1371 1389/1542/1369 1388/1541/1368
f 1392/1545/1372 1391/1544/1371 1390/1543/1370 1393/1546/1373
f 820/906/806 1389/1547/1369 1396/1548/1374 823/907/809
f 1397/1549/1375 794/875/780 823/907/809 1396/1548/1374
f 1398/1550/1376 1399/1551/1377 1400/1552/1378 1401/1553/1379
f 1399/1551/1377 796/877/782 795/876/781 1400/1552/1378
f 794/875/780 1397/1549/1375 1400/1552/1378 795/876/781
f 1397/1549/1375 1395/1554/1380 1401/1553/1379 1400/1552/1378
f 1402/1555/1381 1404/1556/1382 1405/1557/1383 1403/1558/1384
f 1406/1559/1385 1407/1560/1386 1403/1558/1384 1405/1557/1383
f 1398/1550/1376 1407/1560/1386 1408/1561/1387 1399/1551/1377
f 1407/1560/1386 1406/1559/1385 1409/1562/1388 1408/1561/1387
f 804/885/790 803/884/789 1408/1561/1387 1409/1562/1388
f 803/884/789 796/877/782 1399/1551/1377 1408/1561/1387
f 1332/1480/1315 1331/1479/1314 1410/1563/1389 1411/1564/1390
f 1331/1479/1314 804/885/790 1409/1562/1388 1410/1563/1389
f 1406/1559/1385 1412/1565/1391 1410/1563/1389 1409/1562/1388
f 1412/1565/1391 1413/1566/1392 1411/1564/1390 1410/1563/1389
f 1413/1566/1392 1412/1565/1391 1414/1567/1393 1415/1568/1394
f 1412/1565/1391 1406/1559/1385 1405/1557/1383 1414/1567/1393
f 1404/1556/1382 1416/1569/1395 1414/1567/1393 1405/1557/1383
f 1416/1569/1395 1417/1570/1396 1415/1568/1394 1414/1567/1393
f 1332/1483/1315 1411/1571/1390 1418/1572/1397 1334/1484/1317
f 1381/1537/1364 789/870/775 1334/1484/1317 1418/1572/1397
f 1422/1573/1398 1423/1574/1399 1420/1575/1400 1419/1576/1401
f 1420/1575/1400 1423/1574/1399 1425/1577/1402 1424/1578/1403
f 1426/1579/1404 1427/1580/1405 1424/1578/1403 1425/1577/1402
f 1430/1581/1406 1431/1582/1407 1432/1583/1408 1433/1584/1409
f 1427/1580/1405 1426/1579/1404 1433/1584/1409 1432/1583/1408
f 1431/1585/1407 1430/1586/1406 1436/1587/1410 1434/1588/1411
f 1437/1589/1412 1438/1590/1413 1434/1588/1411 1436/1587/1410
f 1438/1590/1413 1439/1591/1414 1435/1592/1415 1434/1588/1411
f 1440/1593/1416 1441/1594/1417 1442/1595/1418 1443/1596/1419
f 1438/1590/1413 1437/1589/1412 1443/1596/1419 1442/1595/1418
f 1440/1593/1416 1444/1597/1420 1445/1598/1421 1441/1594/1417
f 1444/1597/1420 1446/1599/1422 1447/1600/1423 1445/1598/1421
f 1448/1601/1424 1449/1602/1425 1445/1598/1421 1447/1600/1423
f 1449/1602/1425 1448/1601/1424 1451/1603/1426 1450/1604/1427
f 1404/1556/1382 1402/1555/1381 1450/1604/1427 1451/1603/1426
f 1453/1605/1428 1452/1606/1429 1454/1607/1430 1455/1608/1431
f 1452/1606/1429 1448/1601/1424 1447/1600/1423 1454/1607/1430
f 1446/1599/1422 1456/1609/1432 1454/1607/1430 1447/1600/1423
f 1456/1609/1432 1457/1610/1433 1455/1608/1431 1454/1607/1430
f 1457/1611/1433 1458/1612/1434 1459/1613/1435 1455/1614/1431
f 1460/1615/1436 1461/1616/1437 1462/1617/1438 1463/1618/1439
f 1461/1616/1437 1426/1579/1404 1425/1577/1402 1462/1617/1438
f 1423/1574/1399 1464/1619/1440 1462/1617/1438 1425/1577/1402
f 1464/1619/1440 1465/1620/1441 1463/1618/1439 1462/1617/1438
f 1466/1621/1442 1467/1622/1443 1468/1623/1444 1469/1624/1445
f 1467/1622/1443 1465/1620/1441 1464/1619/1440 1468/1623/1444
f 1423/1574/1399 1422/1573/1398 1468/1623/1444 1464/1619/1440
f 1422/1573/1398 1421/1625/1446 1469/1624/1445 1468/1623/1444
f 1465/1620/1441 1467/1622/1443 1470/1626/1447 1471/1627/1448
f 1467/1622/1443 1466/1621/1442 1472/1628/1449 1470/1626/1447
f 1473/1629/1450 1474/1630/1451 1470/1626/1447 1472/1628/1449
f 1474/1630/1451 1475/1631/1452 1471/1627/1448 1470/1626/1447
f 1465/1620/1441 1471/1627/1448 1476/1632/1453 1463/1618/1439
f 1471/1627/1448 1475/1631/1452 1477/1633/1454 1476/1632/1453
f 1478/1634/1455 1479/1635/1456 1476/1632/1453 1477/1633/1454
f 1479/1635/1456 1460/1615/1436 1463/1618/1439 1476/1632/1453
f 1480/1636/1457 1481/1637/1458 1482/1638/1459 1483/1639/1460
f 1481/1637/1458 1437/1589/1412 1436/1587/1410 1482/1638/1459
f 1430/1586/1406 1484/1640/1461 1482/1638/1459 1436/1587/1410
f 1484/1640/1461 1485/1641/1462 1483/1639/1460 1482/1638/1459
f 1485/1642/1462 1484/1643/1461 1486/1644/1463 1487/1645/1464
f 1484/1643/1461 1430/1581/1406 1433/1584/1409 1486/1644/1463
f 1426/1579/1404 1461/1616/1437 1486/1644/1463 1433/1584/1409
f 1461/1616/1437 1460/1615/1436 1487/1645/1464 1486/1644/1463
f 1485/1642/1462 1487/1645/1464 1488/1646/1465 1489/1647/1466
f 1487/1645/1464 1460/1615/1436 1479/1635/1456 1488/1646/1465
f 1478/1634/1455 1490/1648/1467 1488/1646/1465 1479/1635/1456
f 1490/1648/1467 1491/1649/1468 1489/1647/1466 1488/1646/1465
f 1480/1636/1457 1483/1639/1460 1492/1650/1469 1493/1651/1470
f 1483/1639/1460 1485/1641/1462 1489/1652/1466 1492/1650/1469
f 1491/1653/1468 1494/1654/1471 1492/1650/1469 1489/1652/1466
f 1494/1654/1471 1495/1655/1472 1493/1651/1470 1492/1650/1469
f 1496/1656/1473 1497/1657/1474 1498/1658/1475 1499/1659/1476
f 1497/1657/1474 1446/1599/1422 1444/1597/1420 1498/1658/1475
f 1440/1593/1416 1500/1660/1477 1498/1658/1475 1444/1597/1420
f 1500/1660/1477 1501/1661/1478 1499/1659/1476 1498/1658/1475
f 1480/1636/1457 1502/1662/1479 1503/1663/1480 1481/1637/1458
f 1502/1662/1479 1501/1661/1478 1500/1660/1477 1503/1663/1480
f 1440/1593/1416 1443/1596/1419 1503/1663/1480 1500/1660/1477
f 1443/1596/1419 1437/1589/1412 1481/1637/1458 1503/1663/1480
f 1501/1661/1478 1502/1662/1479 1504/1664/1481 1505/1665/1482
f 1502/1662/1479 1480/1636/1457 1493/1651/1470 1504/1664/1481
f 1495/1655/1472 1506/1666/1483 1504/1664/1481 1493/1651/1470
f 1506/1666/1483 1507/1667/1484 1505/1665/1482 1504/1664/1481
f 1501/1661/1478 1505/1665/1482 1508/1668/1485 1499/1659/1476
f 1505/1665/1482 1507/1667/1484 1509/1669/1486 1508/1668/1485
f 1510/1670/1487 1511/1671/1488 1508/1668/1485 1509/1669/1486
f 1511/1671/1488 1496/1656/1473 1499/1659/1476 1508/1668/1485
f 1512/1672/1489 1513/1673/1490 1514/1674/1491 1515/1675/1492
f 1513/1673/1490 1466/1621/1442 1469/1624/1445 1514/1674/1491
f 1421/1625/1446 1458/1612/1434 1514/1674/1491 1469/1624/1445
f 1458/1612/1434 1457/1611/1433 1515/1675/1492 1514/1674/1491
f 1496/1656/1473 1516/1676/1493 1517/1677/1494 1497/1657/1474
f 1516/1676/1493 1512/1678/1489 1515/1679/1492 1517/1677/1494
f 1457/1610/1433 1456/1609/1432 1517/1677/1494 1515/1679/1492
f 1456/1609/1432 1446/1599/1422 1497/1657/1474 1517/1677/1494
f 1496/1656/1473 1511/1671/1488 1518/1680/1495 1516/1676/1493
f 1511/1671/1488 1510/1670/1487 1519/1681/1496 1518/1680/1495
f 1520/1682/1497 1521/1683/1498 1518/1680/1495 1519/1681/1496
f 1521/1683/1498 1512/1678/1489 1516/1676/1493 1518/1680/1495
f 1512/1672/1489 1521/1684/1498 1522/1685/1499 1513/1673/1490
f 1521/1684/1498 1520/1686/1497 1523/1687/1500 1522/1685/1499
f 1473/1629/1450 1472/1628/1449 1522/1685/1499 1523/1687/1500
f 1472/1628/1449 1466/1621/1442 1513/1673/1490 1522/1685/1499
f 1524/1688/1501 1525/1689/1502 1526/1690/1503 1527/1691/1504
f 1525/1689/1502 1528/1692/1505 1529/1693/1506 1526/1690/1503
f 1530/1694/1507 1531/1695/1508 1526/1690/1503 1529/1693/1506
f 1531/1695/1508 1532/1696/1509 1527/1691/1504 1526/1690/1503
f 1533/1697/1510 1534/1698/1511 1535/1699/1512 1536/1700/1513
f 1534/1698/1511 1532/1696/1509 1531/1695/1508 1535/1699/1512
f 1530/1694/1507 1537/1701/1514 1535/1699/1512 1531/1695/1508
f 1537/1701/1514 1538/1702/1515 1536/1700/1513 1535/1699/1512
f 1532/1696/1509 1534/1698/1511 1539/1703/1516 1540/1704/1517
f 1534/1698/1511 1533/1697/1510 1541/1705/1518 1539/1703/1516
f 859/950/845 856/947/842 1539/1703/1516 1541/1705/1518
f 856/947/842 855/946/841 1540/1704/1517 1539/1703/1516
f 1532/1696/1509 1540/1704/1517 1542/1706/1519 1527/1691/1504
f 1540/1704/1517 855/946/841 875/968/860 1542/1706/1519
f 876/1707/1520 1543/1708/1521 1542/1706/1519 875/968/860
f 1543/1708/1521 1524/1688/1501 1527/1691/1504 1542/1706/1519
f 1544/1709/1522 1545/1710/1523 1546/1711/1524 1547/1712/1525
f 1545/1710/1523 1548/1713/1526 1549/1714/1527 1546/1711/1524
f 1550/1715/1528 1551/1716/1529 1546/1711/1524 1549/1714/1527
f 1551/1716/1529 1552/1717/1530 1547/1712/1525 1546/1711/1524
f 1552/1718/1530 1551/1719/1529 1553/1720/1531 1554/1721/1532
f 1551/1719/1529 1550/1722/1528 1555/1723/1533 1553/1720/1531
f 1528/1692/1505 1525/1689/1502 1553/1720/1531 1555/1723/1533
f 1525/1689/1502 1524/1688/1501 1554/1721/1532 1553/1720/1531
f 1552/1718/1530 1554/1721/1532 1556/1724/1534 1557/1725/1535
f 1554/1721/1532 1524/1688/1501 1543/1708/1521 1556/1724/1534
f 1552/1717/1530 1557/1726/1535 1558/1727/1536 1547/1712/1525
f 1557/1726/1535 872/963/855 871/966/858 1558/1727/1536
f 870/1728/1537 1559/1729/1538 1558/1727/1536 871/966/858
f 1559/1729/1538 1544/1709/1522 1547/1712/1525 1558/1727/1536
f 1560/1730/1539 1561/1731/1540 1562/1732/1541 1563/1733/1542
f 1561/1731/1540 1564/1734/1543 1565/1735/1544 1562/1732/1541
f 1566/1736/1545 1567/1737/1546 1562/1732/1541 1565/1735/1544
f 1567/1737/1546 1568/1738/1547 1563/1733/1542 1562/1732/1541
f 1568/1738/1547 1567/1737/1546 1569/1739/1548 1570/1740/1549
f 1567/1737/1546 1566/1736/1545 1571/1741/1550 1569/1739/1548
f 1548/1713/1526 1545/1710/1523 1569/1739/1548 1571/1741/1550
f 1545/1710/1523 1544/1709/1522 1570/1740/1549 1569/1739/1548
f 1568/1738/1547 1570/1740/1549 1572/1742/1551 1573/1743/1552
f 1570/1740/1549 1544/1709/1522 1559/1729/1538 1572/1742/1551
f 1568/1738/1547 1573/1743/1552 1574/1744/1553 1563/1733/1542
f 868/961/853 1575/1745/1554 1574/1744/1553 866/962/854
f 1575/1745/1554 1560/1730/1539 1563/1733/1542 1574/1744/1553
f 1576/1746/1555 1577/1747/1556 1578/1748/1557 1579/1749/1558
f 1577/1747/1556 1533/1697/1510 1536/1700/1513 1578/1748/1557
f 1538/1702/1515 1580/1750/1559 1578/1748/1557 1536/1700/1513
f 1580/1750/1559 1581/1751/1560 1579/1749/1558 1578/1748/1557
f 1560/1730/1539 1582/1752/1561 1583/1753/1562 1561/1731/1540
f 1582/1752/1561 1576/1754/1555 1579/1755/1558 1583/1753/1562
f 1581/1756/1560 1584/1757/1563 1583/1753/1562 1579/1755/1558
f 1584/1757/1563 1564/1734/1543 1561/1731/1540 1583/1753/1562
f 1576/1754/1555 1582/1752/1561 1585/1758/1564 1586/1759/1565
f 1582/1752/1561 1560/1730/1539 1575/1745/1554 1585/1758/1564
f 868/961/853 867/960/852 1585/1758/1564 1575/1745/1554
f 867/960/852 861/959/847 1586/1759/1565 1585/1758/1564
f 1576/1746/1555 1586/1760/1565 1587/1761/1566 1577/1747/1556
f 1586/1760/1565 861/952/847 860/951/846 1587/1761/1566
f 859/950/845 1541/1705/1518 1587/1761/1566 860/951/846
f 1541/1705/1518 1533/1697/1510 1577/1747/1556 1587/1761/1566
f 1588/1762/1567 1589/1763/1568 1590/1764/1569 1591/1765/1570
f 1589/1763/1568 1478/1634/1455 1477/1633/1454 1590/1764/1569
f 1475/1631/1452 1592/1766/1571 1590/1764/1569 1477/1633/1454
f 1592/1766/1571 1593/1767/1572 1591/1765/1570 1590/1764/1569
f 1594/1768/1573 1595/1769/1574 1596/1770/1575 1597/1771/1576
f 1595/1769/1574 1593/1767/1572 1592/1766/1571 1596/1770/1575
f 1475/1631/1452 1474/1630/1451 1596/1770/1575 1592/1766/1571
f 1474/1630/1451 1473/1629/1450 1597/1771/1576 1596/1770/1575
f 1593/1767/1572 1595/1769/1574 1598/1772/1577 1599/1773/1578
f 1595/1769/1574 1594/1768/1573 1600/1774/1579 1598/1772/1577
f 1538/1702/1515 1537/1701/1514 1598/1772/1577 1600/1774/1579
f 1537/1701/1514 1530/1694/1507 1599/1773/1578 1598/1772/1577
f 1593/1767/1572 1599/1773/1578 1601/1775/1580 1591/1765/1570
f 1599/1773/1578 1530/1694/1507 1529/1693/1506 1601/1775/1580
f 1528/1692/1505 1602/1776/1581 1601/1775/1580 1529/1693/1506
f 1602/1776/1581 1588/1762/1567 1591/1765/1570 1601/1775/1580
f 1603/1777/1582 1604/1778/1583 1605/1779/1584 1606/1780/1585
f 1604/1778/1583 1495/1655/1472 1494/1654/1471 1605/1779/1584
f 1491/1653/1468 1607/1781/1586 1605/1779/1584 1494/1654/1471
f 1607/1781/1586 1608/1782/1587 1606/1780/1585 1605/1779/1584
f 1608/1783/1587 1607/1784/1586 1609/1785/1588 1610/1786/1589
f 1607/1784/1586 1491/1649/1468 1490/1648/1467 1609/1785/1588
f 1478/1634/1455 1589/1763/1568 1609/1785/1588 1490/1648/1467
f 1589/1763/1568 1588/1762/1567 1610/1786/1589 1609/1785/1588
f 1588/1762/1567 1602/1776/1581 1611/1787/1590 1610/1786/1589
f 1602/1776/1581 1528/1692/1505 1555/1723/1533 1611/1787/1590
f 1550/1722/1528 1612/1788/1591 1611/1787/1590 1555/1723/1533
f 1612/1788/1591 1608/1783/1587 1610/1786/1589 1611/1787/1590
f 1603/1777/1582 1606/1780/1585 1613/1789/1592 1614/1790/1593
f 1606/1780/1585 1608/1782/1587 1612/1791/1591 1613/1789/1592
f 1550/1715/1528 1549/1714/1527 1613/1789/1592 1612/1791/1591
f 1549/1714/1527 1548/1713/1526 1614/1790/1593 1613/1789/1592
f 1615/1792/1594 1616/1793/1595 1617/1794/1596 1618/1795/1597
f 1616/1793/1595 1510/1670/1487 1509/1669/1486 1617/1794/1596
f 1507/1667/1484 1619/1796/1598 1617/1794/1596 1509/1669/1486
f 1619/1796/1598 1620/1797/1599 1618/1795/1597 1617/1794/1596
f 1603/1777/1582 1621/1798/1600 1622/1799/1601 1604/1778/1583
f 1621/1798/1600 1620/1797/1599 1619/1796/1598 1622/1799/1601
f 1507/1667/1484 1506/1666/1483 1622/1799/1601 1619/1796/1598
f 1506/1666/1483 1495/1655/1472 1604/1778/1583 1622/1799/1601
f 1620/1797/1599 1621/1798/1600 1623/1800/1602 1624/1801/1603
f 1621/1798/1600 1603/1777/1582 1614/1790/1593 1623/1800/1602
f 1548/1713/1526 1571/1741/1550 1623/1800/1602 1614/1790/1593
f 1571/1741/1550 1566/1736/1545 1624/1801/1603 1623/1800/1602
f 1620/1797/1599 1624/1801/1603 1625/1802/1604 1618/1795/1597
f 1624/1801/1603 1566/1736/1545 1565/1735/1544 1625/1802/1604
f 1564/1734/1543 1626/1803/1605 1625/1802/1604 1565/1735/1544
f 1626/1803/1605 1615/1792/1594 1618/1795/1597 1625/1802/1604
f 1594/1768/1573 1597/1771/1576 1627/1804/1606 1628/1805/1607
f 1597/1771/1576 1473/1629/1450 1523/1687/1500 1627/1804/1606
f 1520/1686/1497 1629/1806/1608 1627/1804/1606 1523/1687/1500
f 1629/1806/1608 1630/1807/1609 1628/1805/1607 1627/1804/1606
f 1630/1808/1609 1629/1809/1608 1631/1810/1610 1632/1811/1611
f 1629/1809/1608 1520/1682/1497 1519/1681/1496 1631/1810/1610
f 1510/1670/1487 1616/1793/1595 1631/1810/1610 1519/1681/1496
f 1616/1793/1595 1615/1792/1594 1632/1811/1611 1631/1810/1610
f 1615/1792/1594 1626/1803/1605 1633/1812/1612 1632/1811/1611
f 1626/1803/1605 1564/1734/1543 1584/1757/1563 1633/1812/1612
f 1581/1756/1560 1634/1813/1613 1633/1812/1612 1584/1757/1563
f 1634/1813/1613 1630/1808/1609 1632/1811/1611 1633/1812/1612
f 1594/1768/1573 1628/1805/1607 1635/1814/1614 1600/1774/1579
f 1628/1805/1607 1630/1807/1609 1634/1815/1613 1635/1814/1614
f 1581/1751/1560 1580/1750/1559 1635/1814/1614 1634/1815/1613
f 1580/1750/1559 1538/1702/1515 1600/1774/1579 1635/1814/1614
f 1636/1816/1615 1637/1817/1616 1638/1818/1617 1639/1819/1618
f 1637/1817/1616 1640/1820/1619 1641/1821/1620 1638/1818/1617
f 1642/1822/1621 1643/1823/1622 1638/1818/1617 1641/1821/1620
f 1643/1823/1622 1644/1824/1623 1639/1819/1618 1638/1818/1617
f 1644/1824/1623 1643/1823/1622 1645/1825/1624 1646/1826/1625
f 1643/1823/1622 1642/1822/1621 1647/1827/1626 1645/1825/1624
f 1648/1828/1627 1649/1829/1628 1645/1825/1624 1647/1827/1626
f 1649/1829/1628 1650/1830/1629 1646/1826/1625 1645/1825/1624
f 1644/1824/1623 1646/1826/1625 1651/1831/1630 1652/1832/1631
f 1646/1826/1625 1650/1830/1629 1653/1833/1632 1651/1831/1630
f 1654/1834/1633 1655/1835/1634 1651/1831/1630 1653/1833/1632
f 1655/1835/1634 1656/1836/1635 1652/1832/1631 1651/1831/1630
f 1636/1816/1615 1639/1819/1618 1657/1837/1636 1658/1838/1637
f 1639/1819/1618 1644/1824/1623 1652/1832/1631 1657/1837/1636
f 1656/1836/1635 1659/1839/1638 1657/1837/1636 1652/1832/1631
f 1659/1839/1638 1660/1840/1639 1658/1838/1637 1657/1837/1636
f 1661/1841/1640 1662/1842/1641 1663/1843/1642 1664/1844/1643
f 1662/1842/1641 1665/1845/1644 1666/1846/1645 1663/1843/1642
f 1667/1847/1646 1668/1848/1647 1663/1843/1642 1666/1846/1645
f 1668/1848/1647 1669/1849/1648 1664/1844/1643 1663/1843/1642
f 1670/1850/1649 1671/1851/1650 1672/1852/1651 1673/1853/1652
f 1671/1851/1650 1669/1849/1648 1668/1848/1647 1672/1852/1651
f 1667/1847/1646 1674/1854/1653 1672/1852/1651 1668/1848/1647
f 1674/1854/1653 1675/1855/1654 1673/1853/1652 1672/1852/1651
f 1669/1849/1648 1671/1851/1650 1676/1856/1655 1677/1857/1656
f 1671/1851/1650 1670/1850/1649 1678/1858/1657 1676/1856/1655
f 1679/1859/1658 1680/1860/1659 1676/1856/1655 1678/1858/1657
f 1680/1860/1659 1681/1861/1660 1677/1857/1656 1676/1856/1655
f 1669/1849/1648 1677/1857/1656 1682/1862/1661 1664/1844/1643
f 1677/1857/1656 1681/1861/1660 1683/1863/1662 1682/1862/1661
f 1684/1864/1663 1685/1865/1664 1682/1862/1661 1683/1863/1662
f 1685/1865/1664 1661/1841/1640 1664/1844/1643 1682/1862/1661
f 1686/1866/1665 1687/1867/1666 1688/1868/1667 1689/1869/1668
f 1687/1867/1666 1642/1822/1621 1641/1821/1620 1688/1868/1667
f 1640/1820/1619 1690/1870/1669 1688/1868/1667 1641/1821/1620
f 1690/1870/1669 1691/1871/1670 1689/1869/1668 1688/1868/1667
f 1686/1872/1665 1689/1873/1668 1692/1874/1671 1693/1875/1672
f 1689/1873/1668 1691/1876/1670 1694/1877/1673 1692/1874/1671
f 1665/1845/1644 1662/1842/1641 1692/1874/1671 1694/1877/1673
f 1662/1842/1641 1661/1841/1640 1693/1875/1672 1692/1874/1671
f 1686/1872/1665 1693/1875/1672 1695/1878/1674 1696/1879/1675
f 1693/1875/1672 1661/1841/1640 1685/1865/1664 1695/1878/1674
f 1684/1864/1663 1697/1880/1676 1695/1878/1674 1685/1865/1664
f 1697/1880/1676 1698/1881/1677 1696/1879/1675 1695/1878/1674
f 1642/1822/1621 1687/1867/1666 1699/1882/1678 1647/1827/1626
f 1687/1867/1666 1686/1866/1665 1696/1883/1675 1699/1882/1678
f 1698/1884/1677 1700/1885/1679 1699/1882/1678 1696/1883/1675
f 1700/1885/1679 1648/1828/1627 1647/1827/1626 1699/1882/1678
f 1701/1886/1680 1702/1887/1681 1703/1888/1682 1704/1889/1683
f 1702/1887/1681 1705/1890/1684 1706/1891/1685 1703/1888/1682
f 1707/1892/1686 1708/1893/1687 1703/1888/1682 1706/1891/1685
f 1708/1893/1687 1709/1894/1688 1704/1889/1683 1703/1888/1682
f 1710/1895/1689 1711/1896/1690 1712/1897/1691 1713/1898/1692
f 1711/1896/1690 1709/1899/1688 1708/1900/1687 1712/1897/1691
f 1707/1901/1686 1714/1902/1693 1712/1897/1691 1708/1900/1687
f 1714/1902/1693 1715/1903/1694 1713/1898/1692 1712/1897/1691
f 1710/1895/1689 1716/1904/1695 1717/1905/1696 1711/1896/1690
f 1716/1904/1695 1718/1906/1697 1719/1907/1698 1717/1905/1696
f 1720/1908/1699 1721/1909/1700 1717/1905/1696 1719/1907/1698
f 1721/1909/1700 1709/1899/1688 1711/1896/1690 1717/1905/1696
f 1709/1894/1688 1721/1910/1700 1722/1911/1701 1704/1889/1683
f 1721/1910/1700 1720/1912/1699 1723/1913/1702 1722/1911/1701
f 1724/1914/1703 1725/1915/1704 1722/1911/1701 1723/1913/1702
f 1725/1915/1704 1701/1886/1680 1704/1889/1683 1722/1911/1701
f 1726/1916/1705 1727/1917/1706 1728/1918/1707 1729/1919/1708
f 1727/1917/1706 1730/1920/1709 1731/1921/1710 1728/1918/1707
f 1732/1922/1711 1733/1923/1712 1729/1919/1708 1728/1918/1707
f 1734/1924/1713 1735/1925/1714 1736/1926/1715 1737/1927/1716
f 1735/1925/1714 1733/1928/1712 1732/1929/1711 1736/1926/1715
f 1738/1930/1717 1739/1931/1718 1737/1927/1716 1736/1926/1715
f 1734/1924/1713 1740/1932/1719 1741/1933/1720 1735/1925/1714
f 1740/1932/1719 1742/1934/1721 1743/1935/1722 1741/1933/1720
f 1744/1936/1723 1745/1937/1724 1741/1933/1720 1743/1935/1722
f 1745/1937/1724 1733/1928/1712 1735/1925/1714 1741/1933/1720
f 1726/1916/1705 1729/1919/1708 1746/1938/1725 1747/1939/1726
f 1729/1919/1708 1733/1923/1712 1745/1940/1724 1746/1938/1725
f 1744/1941/1723 1748/1942/1727 1746/1938/1725 1745/1940/1724
f 1748/1942/1727 1749/1943/1728 1747/1939/1726 1746/1938/1725
f 1750/1944/1729 1751/1945/1730 1752/1946/1731 1753/1947/1732
f 1751/1945/1730 1754/1948/1733 1755/1949/1734 1752/1946/1731
f 1756/1950/1735 1757/1951/1736 1752/1946/1731 1755/1949/1734
f 1757/1951/1736 1758/1952/1737 1753/1947/1732 1752/1946/1731
f 1759/1953/1738 1760/1954/1739 1761/1955/1740 1762/1956/1741
f 1760/1954/1739 1750/1944/1729 1753/1947/1732 1761/1955/1740
f 1758/1952/1737 1763/1957/1742 1761/1955/1740 1753/1947/1732
f 1763/1957/1742 1764/1958/1743 1762/1956/1741 1761/1955/1740
f 1750/1944/1729 1760/1954/1739 1765/1959/1744 1766/1960/1745
f 1760/1954/1739 1759/1953/1738 1767/1961/1746 1765/1959/1744
f 1768/1962/1747 1769/1963/1748 1765/1959/1744 1767/1961/1746
f 1769/1963/1748 1770/1964/1749 1766/1960/1745 1765/1959/1744
f 1750/1944/1729 1766/1960/1745 1771/1965/1750 1751/1945/1730
f 1766/1960/1745 1770/1964/1749 1772/1966/1751 1771/1965/1750
f 1724/1914/1703 1773/1967/1752 1771/1965/1750 1772/1966/1751
f 1773/1967/1752 1754/1948/1733 1751/1945/1730 1771/1965/1750
f 1774/1968/1753 1775/1969/1754 1776/1970/1755 1777/1971/1756
f 1775/1969/1754 1778/1972/1757 1779/1973/1758 1776/1970/1755
f 1780/1974/1759 1781/1975/1760 1776/1970/1755 1779/1973/1758
f 1781/1975/1760 1782/1976/1761 1777/1971/1756 1776/1970/1755
f 1782/1976/1761 1781/1975/1760 1783/1977/1762 1784/1978/1763
f 1781/1975/1760 1780/1974/1759 1785/1979/1764 1783/1977/1762
f 1786/1980/1765 1787/1981/1766 1783/1977/1762 1785/1979/1764
f 1787/1981/1766 1788/1982/1767 1784/1978/1763 1783/1977/1762
f 1788/1982/1767 1789/1983/1768 1790/1984/1769 1784/1978/1763
f 1789/1983/1768 1718/1906/1697 1791/1985/1770 1790/1984/1769
f 1792/1986/1771 1793/1987/1772 1790/1984/1769 1791/1985/1770
f 1793/1987/1772 1782/1976/1761 1784/1978/1763 1790/1984/1769
f 1774/1968/1753 1777/1971/1756 1794/1988/1773 1795/1989/1774
f 1777/1971/1756 1782/1976/1761 1793/1987/1772 1794/1988/1773
f 1792/1986/1771 1796/1990/1775 1794/1988/1773 1793/1987/1772
f 1796/1990/1775 1797/1991/1776 1795/1989/1774 1794/1988/1773
f 1798/1992/1777 1799/1993/1778 1800/1994/1779 1801/1995/1780
f 1799/1993/1778 1759/1953/1738 1762/1956/1741 1800/1994/1779
f 1764/1958/1743 1802/1996/1781 1800/1994/1779 1762/1956/1741
f 1802/1996/1781 1803/1997/1782 1801/1995/1780 1800/1994/1779
f 1798/1998/1777 1801/1999/1780 1804/2000/1783 1805/2001/1784
f 1801/1999/1780 1803/2002/1782 1806/2003/1785 1804/2000/1783
f 1778/1972/1757 1775/1969/1754 1804/2000/1783 1806/2003/1785
f 1775/1969/1754 1774/1968/1753 1805/2001/1784 1804/2000/1783
f 1798/1998/1777 1805/2001/1784 1807/2004/1786 1808/2005/1787
f 1805/2001/1784 1774/1968/1753 1795/1989/1774 1807/2004/1786
f 1797/1991/1776 1809/2006/1788 1807/2004/1786 1795/1989/1774
f 1809/2006/1788 1810/2007/1789 1808/2005/1787 1807/2004/1786
f 1759/1953/1738 1799/1993/1778 1811/2008/1790 1767/1961/1746
f 1799/1993/1778 1798/1992/1777 1808/2009/1787 1811/2008/1790
f 1810/2010/1789 1812/2011/1791 1811/2008/1790 1808/2009/1787
f 1812/2011/1791 1768/1962/1747 1767/1961/1746 1811/2008/1790
f 1813/2012/1792 1814/2013/1793 1815/2014/1794 1816/2015/1795
f 1814/2013/1793 1817/2016/1796 1818/2017/1797 1815/2014/1794
f 1819/2018/1798 1820/2019/1799 1815/2014/1794 1818/2017/1797
f 1820/2019/1799 1821/2020/1800 1816/2015/1795 1815/2014/1794
f 1821/2021/1800 1820/2022/1799 1822/2023/1801 1823/2024/1802
f 1820/2022/1799 1819/2025/1798 1824/2026/1803 1822/2023/1801
f 1825/2027/1804 1826/2028/1805 1822/2023/1801 1824/2026/1803
f 1826/2028/1805 1827/2029/1806 1823/2024/1802 1822/2023/1801
f 1827/2029/1806 1828/2030/1807 1829/2031/1808 1823/2024/1802
f 1828/2030/1807 1830/2032/1809 1831/2033/1810 1829/2031/1808
f 1832/2034/1811 1833/2035/1812 1829/2031/1808 1831/2033/1810
f 1833/2035/1812 1821/2021/1800 1823/2024/1802 1829/2031/1808
f 1821/2020/1800 1833/2036/1812 1834/2037/1813 1816/2015/1795
f 1833/2036/1812 1832/2038/1811 1835/2039/1814 1834/2037/1813
f 1836/2040/1815 1837/2041/1816 1834/2037/1813 1835/2039/1814
f 1837/2041/1816 1813/2012/1792 1816/2015/1795 1834/2037/1813
f 1838/2042/1817 1839/2043/1818 1840/2044/1819 1841/2045/1820
f 1839/2043/1818 1817/2016/1796 1842/2046/1821 1840/2044/1819
f 1843/2047/1822 1844/2048/1823 1840/2044/1819 1842/2046/1821
f 1844/2048/1823 1845/2049/1824 1841/2045/1820 1840/2044/1819
f 1846/2050/1825 1847/2051/1826 1848/2052/1827 1849/2053/1828
f 1847/2051/1826 1845/2049/1824 1844/2048/1823 1848/2052/1827
f 1843/2047/1822 1850/2054/1829 1848/2052/1827 1844/2048/1823
f 1850/2054/1829 1851/2055/1830 1849/2053/1828 1848/2052/1827
f 1845/2049/1824 1847/2051/1826 1852/2056/1831 1853/2057/1832
f 1847/2051/1826 1846/2050/1825 1854/2058/1833 1852/2056/1831
f 1855/2059/1834 1856/2060/1835 1852/2056/1831 1854/2058/1833
f 1856/2060/1835 1857/2061/1836 1853/2057/1832 1852/2056/1831
f 1845/2049/1824 1853/2057/1832 1858/2062/1837 1841/2045/1820
f 1853/2057/1832 1857/2061/1836 1859/2063/1838 1858/2062/1837
f 1860/2064/1839 1861/2065/1840 1858/2062/1837 1859/2063/1838
f 1861/2065/1840 1838/2042/1817 1841/2045/1820 1858/2062/1837
f 1862/2066/1841 1863/2067/1842 1864/2068/1843 1865/2069/1844
f 1863/2067/1842 1866/2070/1845 1867/2071/1846 1864/2068/1843
f 1868/2072/1847 1869/2073/1848 1864/2068/1843 1867/2071/1846
f 1869/2073/1848 1870/2074/1849 1865/2069/1844 1864/2068/1843
f 1871/2075/1850 1872/2076/1851 1873/2077/1852 1874/2078/1853
f 1872/2076/1851 1870/2074/1849 1869/2073/1848 1873/2077/1852
f 1868/2072/1847 1875/2079/1854 1873/2077/1852 1869/2073/1848
f 1875/2079/1854 1825/2027/1804 1874/2078/1853 1873/2077/1852
f 1870/2074/1849 1872/2076/1851 1876/2080/1855 1877/2081/1856
f 1872/2076/1851 1871/2075/1850 1878/2082/1857 1876/2080/1855
f 1879/2083/1858 1880/2084/1859 1876/2080/1855 1878/2082/1857
f 1880/2084/1859 1881/2085/1860 1877/2081/1856 1876/2080/1855
f 1870/2074/1849 1877/2081/1856 1882/2086/1861 1865/2069/1844
f 1877/2081/1856 1881/2085/1860 1883/2087/1862 1882/2086/1861
f 1884/2088/1863 1885/2089/1864 1882/2086/1861 1883/2087/1862
f 1885/2089/1864 1862/2066/1841 1865/2069/1844 1882/2086/1861
f 1886/2090/1865 1887/2091/1866 1888/2092/1867 1889/2093/1868
f 1887/2091/1866 1846/2050/1825 1849/2053/1828 1888/2092/1867
f 1851/2055/1830 1890/2094/1869 1888/2092/1867 1849/2053/1828
f 1890/2094/1869 1891/2095/1870 1889/2093/1868 1888/2092/1867
f 1886/2096/1865 1889/2097/1868 1892/2098/1871 1893/2099/1872
f 1889/2097/1868 1891/2100/1870 1894/2101/1873 1892/2098/1871
f 1866/2070/1845 1863/2067/1842 1892/2098/1871 1894/2101/1873
f 1863/2067/1842 1862/2066/1841 1893/2099/1872 1892/2098/1871
f 1862/2066/1841 1885/2089/1864 1895/2102/1874 1893/2099/1872
f 1885/2089/1864 1884/2088/1863 1896/2103/1875 1895/2102/1874
f 1897/2104/1876 1898/2105/1877 1895/2102/1874 1896/2103/1875
f 1898/2105/1877 1886/2096/1865 1893/2099/1872 1895/2102/1874
f 1886/2090/1865 1898/2106/1877 1899/2107/1878 1887/2091/1866
f 1898/2106/1877 1897/2108/1876 1900/2109/1879 1899/2107/1878
f 1855/2059/1834 1854/2058/1833 1899/2107/1878 1900/2109/1879
f 1854/2058/1833 1846/2050/1825 1887/2091/1866 1899/2107/1878
f 1901/2110/1880 1902/2111/1881 1903/2112/1882 1904/2113/1883
f 1902/2111/1881 1905/2114/1884 1906/2115/1885 1903/2112/1882
f 1756/1950/1735 1907/2116/1886 1903/2112/1882 1906/2115/1885
f 1907/2116/1886 1908/2117/1887 1904/2113/1883 1903/2112/1882
f 1909/2118/1888 1910/2119/1889 1911/2120/1890 1912/2121/1891
f 1910/2119/1889 1901/2122/1880 1904/2123/1883 1911/2120/1890
f 1908/2124/1887 1913/2125/1892 1911/2120/1890 1904/2123/1883
f 1913/2125/1892 1786/1980/1765 1912/2121/1891 1911/2120/1890
f 1909/2118/1888 1914/2126/1893 1915/2127/1894 1910/2119/1889
f 1914/2126/1893 1916/2128/1895 1917/2129/1896 1915/2127/1894
f 1918/2130/1897 1919/2131/1898 1915/2127/1894 1917/2129/1896
f 1919/2131/1898 1901/2122/1880 1910/2119/1889 1915/2127/1894
f 1905/2114/1884 1902/2111/1881 1920/2132/1899 1921/2133/1900
f 1902/2111/1881 1901/2110/1880 1919/2134/1898 1920/2132/1899
f 1918/2135/1897 1922/2136/1901 1920/2132/1899 1919/2134/1898
f 1922/2136/1901 1923/2137/1902 1921/2133/1900 1920/2132/1899
f 1924/2138/1903 1925/2139/1904 1926/2140/1905 1927/2141/1906
f 1925/2139/1904 1905/2114/1884 1921/2133/1900 1926/2140/1905
f 1923/2137/1902 1928/2142/1907 1926/2140/1905 1921/2133/1900
f 1928/2142/1907 1929/2143/1908 1927/2141/1906 1926/2140/1905
f 1924/2138/1903 1927/2141/1906 1930/2144/1909 1931/2145/1910
f 1927/2141/1906 1929/2143/1908 1932/2146/1911 1930/2144/1909
f 1933/2147/1912 1934/2148/1913 1930/2144/1909 1932/2146/1911
f 1934/2148/1913 1935/2149/1914 1931/2145/1910 1930/2144/1909
f 1935/2149/1914 1936/2150/1915 1937/2151/1916 1931/2145/1910
f 1936/2150/1915 1764/1958/1743 1763/1957/1742 1937/2151/1916
f 1758/1952/1737 1938/2152/1917 1937/2151/1916 1763/1957/1742
f 1938/2152/1917 1924/2138/1903 1931/2145/1910 1937/2151/1916
f 1905/2114/1884 1925/2139/1904 1939/2153/1918 1906/2115/1885
f 1925/2139/1904 1924/2138/1903 1938/2152/1917 1939/2153/1918
f 1758/1952/1737 1757/1951/1736 1939/2153/1918 1938/2152/1917
f 1757/1951/1736 1756/1950/1735 1906/2115/1885 1939/2153/1918
f 1940/2154/1919 1941/2155/1920 1942/2156/1921 1943/2157/1922
f 1941/2155/1920 1944/2158/1923 1945/2159/1924 1942/2156/1921
f 1946/2160/1925 1947/2161/1926 1942/2156/1921 1945/2159/1924
f 1947/2161/1926 1948/2162/1927 1943/2157/1922 1942/2156/1921
f 1948/2162/1927 1947/2161/1926 1949/2163/1928 1950/2164/1929
f 1947/2161/1926 1946/2160/1925 1951/2165/1930 1949/2163/1928
f 1916/2128/1895 1914/2126/1893 1949/2163/1928 1951/2165/1930
f 1914/2126/1893 1909/2118/1888 1950/2164/1929 1949/2163/1928
f 1909/2118/1888 1912/2121/1891 1952/2166/1931 1950/2164/1929
f 1912/2121/1891 1786/1980/1765 1785/1979/1764 1952/2166/1931
f 1780/1974/1759 1953/2167/1932 1952/2166/1931 1785/1979/1764
f 1953/2167/1932 1948/2162/1927 1950/2164/1929 1952/2166/1931
f 1948/2162/1927 1953/2167/1932 1954/2168/1933 1943/2157/1922
f 1953/2167/1932 1780/1974/1759 1779/1973/1758 1954/2168/1933
f 1778/1972/1757 1955/2169/1934 1954/2168/1933 1779/1973/1758
f 1955/2169/1934 1940/2154/1919 1943/2157/1922 1954/2168/1933
f 1935/2149/1914 1934/2148/1913 1956/2170/1935 1957/2171/1936
f 1934/2148/1913 1933/2147/1912 1958/2172/1937 1956/2170/1935
f 1959/2173/1938 1960/2174/1939 1956/2170/1935 1958/2172/1937
f 1960/2174/1939 1961/2175/1940 1957/2171/1936 1956/2170/1935
f 1940/2154/1919 1962/2176/1941 1963/2177/1942 1941/2155/1920
f 1962/2176/1941 1961/2178/1940 1960/2179/1939 1963/2177/1942
f 1959/2180/1938 1964/2181/1943 1963/2177/1942 1960/2179/1939
f 1964/2181/1943 1944/2158/1923 1941/2155/1920 1963/2177/1942
f 1940/2154/1919 1955/2169/1934 1965/2182/1944 1962/2176/1941
f 1955/2169/1934 1778/1972/1757 1806/2003/1785 1965/2182/1944
f 1803/2002/1782 1966/2183/1945 1965/2182/1944 1806/2003/1785
f 1966/2183/1945 1961/2178/1940 1962/2176/1941 1965/2182/1944
f 1961/2175/1940 1966/2184/1945 1967/2185/1946 1957/2171/1936
f 1966/2184/1945 1803/1997/1782 1802/1996/1781 1967/2185/1946
f 1764/1958/1743 1936/2150/1915 1967/2185/1946 1802/1996/1781
f 1936/2150/1915 1935/2149/1914 1957/2171/1936 1967/2185/1946
f 1968/2186/1947 1969/2187/1948 1970/2188/1949 1971/2189/1950
f 1969/2187/1948 1838/2042/1817 1861/2065/1840 1970/2188/1949
f 1860/2064/1839 1972/2190/1951 1970/2188/1949 1861/2065/1840
f 1972/2190/1951 1973/2191/1952 1971/2189/1950 1970/2188/1949
f 1871/2075/1850 1974/2192/1953 1975/2193/1954 1878/2082/1857
f 1974/2192/1953 1968/2194/1947 1971/2195/1950 1975/2193/1954
f 1973/2196/1952 1976/2197/1955 1975/2193/1954 1971/2195/1950
f 1976/2197/1955 1879/2083/1858 1878/2082/1857 1975/2193/1954
f 1968/2194/1947 1974/2192/1953 1977/2198/1956 1978/2199/1957
f 1974/2192/1953 1871/2075/1850 1874/2078/1853 1977/2198/1956
f 1825/2027/1804 1824/2026/1803 1977/2198/1956 1874/2078/1853
f 1824/2026/1803 1819/2025/1798 1978/2199/1957 1977/2198/1956
f 1968/2186/1947 1978/2200/1957 1979/2201/1958 1969/2187/1948
f 1978/2200/1957 1819/2018/1798 1818/2017/1797 1979/2201/1958
f 1817/2016/1796 1839/2043/1818 1979/2201/1958 1818/2017/1797
f 1839/2043/1818 1838/2042/1817 1969/2187/1948 1979/2201/1958
f 1980/2202/1959 1981/2203/1960 1982/2204/1961 1983/2205/1962
f 1981/2203/1960 1860/2064/1839 1859/2063/1838 1982/2204/1961
f 1857/2061/1836 1984/2206/1963 1982/2204/1961 1859/2063/1838
f 1984/2206/1963 1985/2207/1964 1983/2205/1962 1982/2204/1961
f 1985/2207/1964 1984/2206/1963 1986/2208/1965 1987/2209/1966
f 1984/2206/1963 1857/2061/1836 1856/2060/1835 1986/2208/1965
f 1855/2059/1834 1988/2210/1967 1986/2208/1965 1856/2060/1835
f 1988/2210/1967 1989/2211/1968 1987/2209/1966 1986/2208/1965
f 1989/2211/1968 1990/2212/1969 1991/2213/1970 1987/2209/1966
f 1990/2212/1969 1933/2147/1912 1932/2146/1911 1991/2213/1970
f 1929/2143/1908 1992/2214/1971 1991/2213/1970 1932/2146/1911
f 1992/2214/1971 1985/2207/1964 1987/2209/1966 1991/2213/1970
f 1980/2202/1959 1983/2205/1962 1993/2215/1972 1994/2216/1973
f 1983/2205/1962 1985/2207/1964 1992/2214/1971 1993/2215/1972
f 1929/2143/1908 1928/2142/1907 1993/2215/1972 1992/2214/1971
f 1928/2142/1907 1923/2137/1902 1994/2216/1973 1993/2215/1972
f 1995/2217/1974 1996/2218/1975 1997/2219/1976 1998/2220/1977
f 1996/2218/1975 1884/2088/1863 1883/2087/1862 1997/2219/1976
f 1881/2085/1860 1999/2221/1978 1997/2219/1976 1883/2087/1862
f 1999/2221/1978 2000/2222/1979 1998/2220/1977 1997/2219/1976
f 2001/2223/1980 2002/2224/1981 2003/2225/1982 2004/2226/1983
f 2002/2224/1981 2000/2222/1979 1999/2221/1978 2003/2225/1982
f 1881/2085/1860 1880/2084/1859 2003/2225/1982 1999/2221/1978
f 1880/2084/1859 1879/2083/1858 2004/2226/1983 2003/2225/1982
f 2000/2222/1979 2002/2224/1981 2005/2227/1984 2006/2228/1985
f 2002/2224/1981 2001/2223/1980 2007/2229/1986 2005/2227/1984
f 1916/2128/1895 1951/2165/1930 2005/2227/1984 2007/2229/1986
f 1951/2165/1930 1946/2160/1925 2006/2228/1985 2005/2227/1984
f 2000/2222/1979 2006/2228/1985 2008/2230/1987 1998/2220/1977
f 2006/2228/1985 1946/2160/1925 1945/2159/1924 2008/2230/1987
f 1944/2158/1923 2009/2231/1988 2008/2230/1987 1945/2159/1924
f 2009/2231/1988 1995/2217/1974 1998/2220/1977 2008/2230/1987
f 1989/2211/1968 1988/2210/1967 2010/2232/1989 2011/2233/1990
f 1988/2210/1967 1855/2059/1834 1900/2109/1879 2010/2232/1989
f 1897/2108/1876 2012/2234/1991 2010/2232/1989 1900/2109/1879
f 2012/2234/1991 2013/2235/1992 2011/2233/1990 2010/2232/1989
f 2013/2236/1992 2012/2237/1991 2014/2238/1993 2015/2239/1994
f 2012/2237/1991 1897/2104/1876 1896/2103/1875 2014/2238/1993
f 1884/2088/1863 1996/2218/1975 2014/2238/1993 1896/2103/1875
f 1996/2218/1975 1995/2217/1974 2015/2239/1994 2014/2238/1993
f 1995/2217/1974 2009/2231/1988 2016/2240/1995 2015/2239/1994
f 2009/2231/1988 1944/2158/1923 1964/2181/1943 2016/2240/1995
f 1959/2180/1938 2017/2241/1996 2016/2240/1995 1964/2181/1943
f 2017/2241/1996 2013/2236/1992 2015/2239/1994 2016/2240/1995
f 2013/2235/1992 2017/2242/1996 2018/2243/1997 2011/2233/1990
f 2017/2242/1996 1959/2173/1938 1958/2172/1937 2018/2243/1997
f 1933/2147/1912 1990/2212/1969 2018/2243/1997 1958/2172/1937
f 1990/2212/1969 1989/2211/1968 2011/2233/1990 2018/2243/1997
f 2019/2244/1998 2020/2245/1999 2021/2246/2000 2022/2247/2001
f 2020/2245/1999 1980/2202/1959 1994/2216/1973 2021/2246/2000
f 1923/2137/1902 1922/2136/1901 2021/2246/2000 1994/2216/1973
f 1922/2136/1901 1918/2135/1897 2022/2247/2001 2021/2246/2000
f 2001/2223/1980 2023/2248/2002 2024/2249/2003 2007/2229/1986
f 2023/2248/2002 2019/2250/1998 2022/2251/2001 2024/2249/2003
f 1918/2130/1897 1917/2129/1896 2024/2249/2003 2022/2251/2001
f 1917/2129/1896 1916/2128/1895 2007/2229/1986 2024/2249/2003
f 2019/2250/1998 2023/2248/2002 2025/2252/2004 2026/2253/2005
f 2023/2248/2002 2001/2223/1980 2004/2226/1983 2025/2252/2004
f 1879/2083/1858 1976/2197/1955 2025/2252/2004 2004/2226/1983
f 1976/2197/1955 1973/2196/1952 2026/2253/2005 2025/2252/2004
f 1980/2202/1959 2020/2245/1999 2027/2254/2006 1981/2203/1960
f 2020/2245/1999 2019/2244/1998 2026/2255/2005 2027/2254/2006
f 1973/2191/1952 1972/2190/1951 2027/2254/2006 2026/2255/2005
f 1972/2190/1951 1860/2064/1839 1981/2203/1960 2027/2254/2006
f 1754/1948/1733 1773/1967/1752 2028/2256/2007 2029/2257/2008
f 1773/1967/1752 1724/1914/1703 1723/1913/1702 2028/2256/2007
f 1720/1912/1699 2030/2258/2009 2028/2256/2007 1723/1913/1702
f 2030/2258/2009 2031/2259/2010 2029/2257/2008 2028/2256/2007
f 2031/2260/2010 2030/2261/2009 2032/2262/2011 2033/2263/2012
f 2030/2261/2009 1720/1908/1699 1719/1907/1698 2032/2262/2011
f 1718/1906/1697 1789/1983/1768 2032/2262/2011 1719/1907/1698
f 1789/1983/1768 1788/1982/1767 2033/2263/2012 2032/2262/2011
f 2031/2260/2010 2033/2263/2012 2034/2264/2013 2035/2265/2014
f 2033/2263/2012 1788/1982/1767 1787/1981/1766 2034/2264/2013
f 1786/1980/1765 1913/2125/1892 2034/2264/2013 1787/1981/1766
f 1913/2125/1892 1908/2124/1887 2035/2265/2014 2034/2264/2013
f 1754/1948/1733 2029/2257/2008 2036/2266/2015 1755/1949/1734
f 2029/2257/2008 2031/2259/2010 2035/2267/2014 2036/2266/2015
f 1908/2117/1887 1907/2116/1886 2036/2266/2015 2035/2267/2014
f 1907/2116/1886 1756/1950/1735 1755/1949/1734 2036/2266/2015
f 1701/1886/1680 1725/1915/1704 2037/2268/2016 2038/2269/2017
f 1725/1915/1704 1724/1914/1703 1772/1966/1751 2037/2268/2016
f 1770/1964/1749 2039/2270/2018 2037/2268/2016 1772/1966/1751
f 2039/2270/2018 2040/2271/2019 2038/2269/2017 2037/2268/2016
f 2041/2272/2020 2042/2273/2021 2043/2274/2022 2044/2275/2023
f 2042/2273/2021 2040/2271/2019 2039/2270/2018 2043/2274/2022
f 1770/1964/1749 1769/1963/1748 2043/2274/2022 2039/2270/2018
f 1769/1963/1748 1768/1962/1747 2044/2275/2023 2043/2274/2022
f 2040/2271/2019 2042/2273/2021 2045/2276/2024 2046/2277/2025
f 2042/2273/2021 2041/2272/2020 2047/2278/2026 2045/2276/2024
f 2048/2279/2027 2049/2280/2028 2045/2276/2024 2047/2278/2026
f 2049/2280/2028 2050/2281/2029 2046/2277/2025 2045/2276/2024
f 2040/2271/2019 2046/2277/2025 2051/2282/2030 2038/2269/2017
f 2046/2277/2025 2050/2281/2029 2052/2283/2031 2051/2282/2030
f 1705/1890/1684 1702/1887/1681 2051/2282/2030 2052/2283/2031
f 1702/1887/1681 1701/1886/1680 2038/2269/2017 2051/2282/2030
f 2053/2284/2032 2054/2285/2033 2055/2286/2034 2056/2287/2035
f 2054/2285/2033 2057/2288/2036 2058/2289/2037 2055/2286/2034
f 1797/1991/1776 1796/1990/1775 2055/2286/2034 2058/2289/2037
f 1796/1990/1775 1792/1986/1771 2056/2287/2035 2055/2286/2034
f 2053/2284/2032 2056/2287/2035 2059/2290/2038 2060/2291/2039
f 2056/2287/2035 1792/1986/1771 1791/1985/1770 2059/2290/2038
f 1718/1906/1697 1716/1904/1695 2059/2290/2038 1791/1985/1770
f 1716/1904/1695 1710/1895/1689 2060/2291/2039 2059/2290/2038
f 2053/2284/2032 2060/2291/2039 2061/2292/2040 2062/2293/2041
f 2060/2291/2039 1710/1895/1689 1713/1898/1692 2061/2292/2040
f 1715/1903/1694 2063/2294/2042 2061/2292/2040 1713/1898/1692
f 2063/2294/2042 2064/2295/2043 2062/2293/2041 2061/2292/2040
f 2057/2288/2036 2054/2285/2033 2065/2296/2044 2066/2297/2045
f 2054/2285/2033 2053/2284/2032 2062/2293/2041 2065/2296/2044
f 2064/2295/2043 2067/2298/2046 2065/2296/2044 2062/2293/2041
f 2067/2298/2046 2068/2299/2047 2066/2297/2045 2065/2296/2044
f 2069/2300/2048 2070/2301/2049 2071/2302/2050 2072/2303/2051
f 2070/2301/2049 2041/2272/2020 2044/2275/2023 2071/2302/2050
f 1768/1962/1747 1812/2011/1791 2071/2302/2050 2044/2275/2023
f 1812/2011/1791 1810/2010/1789 2072/2303/2051 2071/2302/2050
f 2057/2288/2036 2073/2304/2052 2074/2305/2053 2058/2289/2037
f 2073/2304/2052 2069/2306/2048 2072/2307/2051 2074/2305/2053
f 1810/2007/1789 1809/2006/1788 2074/2305/2053 2072/2307/2051
f 1809/2006/1788 1797/1991/1776 2058/2289/2037 2074/2305/2053
f 2057/2288/2036 2066/2297/2045 2075/2308/2054 2073/2304/2052
f 2066/2297/2045 2068/2299/2047 2076/2309/2055 2075/2308/2054
f 2077/2310/2056 2078/2311/2057 2075/2308/2054 2076/2309/2055
f 2078/2311/2057 2069/2306/2048 2073/2304/2052 2075/2308/2054
f 2041/2272/2020 2070/2301/2049 2079/2312/2058 2047/2278/2026
f 2070/2301/2049 2069/2300/2048 2078/2313/2057 2079/2312/2058
f 2077/2314/2056 2080/2315/2059 2079/2312/2058 2078/2313/2057
f 2080/2315/2059 2048/2279/2027 2047/2278/2026 2079/2312/2058
f 2081/2316/2060 2082/2317/2061 2083/2318/2062 2084/2319/2063
f 2082/2317/2061 2085/2320/2064 2086/2321/2065 2083/2318/2062
f 2087/2322/2066 2088/2323/2067 2083/2318/2062 2086/2321/2065
f 2088/2323/2067 2089/2324/2068 2084/2319/2063 2083/2318/2062
f 2081/2316/2060 2084/2319/2063 2090/2325/2069 2091/2326/2070
f 2084/2319/2063 2089/2324/2068 2092/2327/2071 2090/2325/2069
f 2093/2328/2072 2094/2329/2073 2090/2325/2069 2092/2327/2071
f 2094/2329/2073 2095/2330/2074 2091/2326/2070 2090/2325/2069
f 2095/2330/2074 2096/2331/2075 2097/2332/2076 2091/2326/2070
f 2096/2331/2075 2098/2333/2077 2099/2334/2078 2097/2332/2076
f 2100/2335/2079 2101/2336/2080 2097/2332/2076 2099/2334/2078
f 2101/2336/2080 2081/2316/2060 2091/2326/2070 2097/2332/2076
f 2081/2316/2060 2101/2336/2080 2102/2337/2081 2082/2317/2061
f 2101/2336/2080 2100/2335/2079 2103/2338/2082 2102/2337/2081
f 1836/2040/1815 2104/2339/2083 2102/2337/2081 2103/2338/2082
f 2104/2339/2083 2085/2320/2064 2082/2317/2061 2102/2337/2081
f 2105/2340/2084 2106/2341/2085 2107/2342/2086 2108/2343/2087
f 2106/2341/2085 2109/2344/2088 2110/2345/2089 2107/2342/2086
f 2111/2346/2090 2112/2347/2091 2107/2342/2086 2110/2345/2089
f 2112/2347/2091 2113/2348/2092 2108/2343/2087 2107/2342/2086
f 2114/2349/2093 2115/2350/2094 2116/2351/2095 2117/2352/2096
f 2115/2350/2094 2113/2348/2092 2112/2347/2091 2116/2351/2095
f 2111/2346/2090 2118/2353/2097 2116/2351/2095 2112/2347/2091
f 2118/2353/2097 2119/2354/2098 2117/2352/2096 2116/2351/2095
f 2113/2348/2092 2115/2350/2094 2120/2355/2099 2121/2356/2100
f 2115/2350/2094 2114/2349/2093 2122/2357/2101 2120/2355/2099
f 1830/2032/1809 2123/2358/2102 2120/2355/2099 2122/2357/2101
f 2123/2358/2102 2124/2359/2103 2121/2356/2100 2120/2355/2099
f 2113/2348/2092 2121/2356/2100 2125/2360/2104 2108/2343/2087
f 2121/2356/2100 2124/2359/2103 2126/2361/2105 2125/2360/2104
f 2127/2362/2106 2128/2363/2107 2125/2360/2104 2126/2361/2105
f 2128/2363/2107 2105/2340/2084 2108/2343/2087 2125/2360/2104
f 2095/2330/2074 2094/2329/2073 2129/2364/2108 2130/2365/2109
f 2094/2329/2073 2093/2328/2072 2131/2366/2110 2129/2364/2108
f 2132/2367/2111 2133/2368/2112 2129/2364/2108 2131/2366/2110
f 2133/2368/2112 2134/2369/2113 2130/2365/2109 2129/2364/2108
f 2134/2370/2113 2133/2371/2112 2135/2372/2114 2136/2373/2115
f 2133/2371/2112 2132/2374/2111 2137/2375/2116 2135/2372/2114
f 2109/2344/2088 2106/2341/2085 2135/2372/2114 2137/2375/2116
f 2106/2341/2085 2105/2340/2084 2136/2373/2115 2135/2372/2114
f 2105/2340/2084 2128/2363/2107 2138/2376/2117 2136/2373/2115
f 2128/2363/2107 2127/2362/2106 2139/2377/2118 2138/2376/2117
f 2140/2378/2119 2141/2379/2120 2138/2376/2117 2139/2377/2118
f 2141/2379/2120 2134/2370/2113 2136/2373/2115 2138/2376/2117
f 2134/2369/2113 2141/2380/2120 2142/2381/2121 2130/2365/2109
f 2141/2380/2120 2140/2382/2119 2143/2383/2122 2142/2381/2121
f 2098/2333/2077 2096/2331/2075 2142/2381/2121 2143/2383/2122
f 2096/2331/2075 2095/2330/2074 2130/2365/2109 2142/2381/2121
f 2144/2384/2123 2145/2385/2124 2146/2386/2125 2147/2387/2126
f 2145/2385/2124 2148/2388/2127 2149/2389/2128 2146/2386/2125
f 2087/2322/2066 2150/2390/2129 2146/2386/2125 2149/2389/2128
f 2150/2390/2129 2151/2391/2130 2147/2387/2126 2146/2386/2125
f 2144/2392/2123 2147/2393/2126 2152/2394/2131 2153/2395/2132
f 2147/2393/2126 2151/2396/2130 2154/2397/2133 2152/2394/2131
f 2119/2354/2098 2155/2398/2134 2152/2394/2131 2154/2397/2133
f 2155/2398/2134 2156/2399/2135 2153/2395/2132 2152/2394/2131
f 2156/2399/2135 2157/2400/2136 2158/2401/2137 2153/2395/2132
f 2157/2400/2136 1679/1859/1658 2159/2402/2138 2158/2401/2137
f 2160/2403/2139 2161/2404/2140 2158/2401/2137 2159/2402/2138
f 2161/2404/2140 2144/2392/2123 2153/2395/2132 2158/2401/2137
f 2148/2388/2127 2145/2385/2124 2162/2405/2141 2163/2406/2142
f 2145/2385/2124 2144/2384/2123 2161/2407/2140 2162/2405/2141
f 2160/2408/2139 2164/2409/2143 2162/2405/2141 2161/2407/2140
f 2164/2409/2143 1654/1834/1633 2163/2406/2142 2162/2405/2141
f 2165/2410/2144 2166/2411/2145 2167/2412/2146 2168/2413/2147
f 2166/2411/2145 2148/2388/2127 2163/2406/2142 2167/2412/2146
f 1654/1834/1633 1653/1833/1632 2167/2412/2146 2163/2406/2142
f 1653/1833/1632 1650/1830/1629 2168/2413/2147 2167/2412/2146
f 2165/2410/2144 2168/2413/2147 2169/2414/2148 2170/2415/2149
f 2168/2413/2147 1650/1830/1629 1649/1829/1628 2169/2414/2148
f 1648/1828/1627 2171/2416/2150 2169/2414/2148 1649/1829/1628
f 2171/2416/2150 2172/2417/2151 2170/2415/2149 2169/2414/2148
f 2172/2417/2151 2173/2418/2152 2174/2419/2153 2170/2415/2149
f 2173/2418/2152 2093/2328/2072 2092/2327/2071 2174/2419/2153
f 2089/2324/2068 2175/2420/2154 2174/2419/2153 2092/2327/2071
f 2175/2420/2154 2165/2410/2144 2170/2415/2149 2174/2419/2153
f 2148/2388/2127 2166/2411/2145 2176/2421/2155 2149/2389/2128
f 2166/2411/2145 2165/2410/2144 2175/2420/2154 2176/2421/2155
f 2089/2324/2068 2088/2323/2067 2176/2421/2155 2175/2420/2154
f 2088/2323/2067 2087/2322/2066 2149/2389/2128 2176/2421/2155
f 2177/2422/2156 2178/2423/2157 2179/2424/2158 2180/2425/2159
f 2178/2423/2157 2181/2426/2160 2182/2427/2161 2179/2424/2158
f 1684/1864/1663 1683/1863/1662 2179/2424/2158 2182/2427/2161
f 1683/1863/1662 1681/1861/1660 2180/2425/2159 2179/2424/2158
f 2177/2422/2156 2180/2425/2159 2183/2428/2162 2184/2429/2163
f 2180/2425/2159 1681/1861/1660 1680/1860/1659 2183/2428/2162
f 1679/1859/1658 2157/2400/2136 2183/2428/2162 1680/1860/1659
f 2157/2400/2136 2156/2399/2135 2184/2429/2163 2183/2428/2162
f 2156/2399/2135 2155/2398/2134 2185/2430/2164 2184/2429/2163
f 2155/2398/2134 2119/2354/2098 2118/2353/2097 2185/2430/2164
f 2111/2346/2090 2186/2431/2165 2185/2430/2164 2118/2353/2097
f 2186/2431/2165 2177/2422/2156 2184/2429/2163 2185/2430/2164
f 2181/2426/2160 2178/2423/2157 2187/2432/2166 2188/2433/2167
f 2178/2423/2157 2177/2422/2156 2186/2431/2165 2187/2432/2166
f 2111/2346/2090 2110/2345/2089 2187/2432/2166 2186/2431/2165
f 2110/2345/2089 2109/2344/2088 2188/2433/2167 2187/2432/2166
f 2172/2417/2151 2171/2416/2150 2189/2434/2168 2190/2435/2169
f 2171/2416/2150 1648/1828/1627 1700/1885/1679 2189/2434/2168
f 1698/1884/1677 2191/2436/2170 2189/2434/2168 1700/1885/1679
f 2191/2436/2170 2192/2437/2171 2190/2435/2169 2189/2434/2168
f 2181/2426/2160 2193/2438/2172 2194/2439/2173 2182/2427/2161
f 2193/2438/2172 2192/2440/2171 2191/2441/2170 2194/2439/2173
f 1698/1881/1677 1697/1880/1676 2194/2439/2173 2191/2441/2170
f 1697/1880/1676 1684/1864/1663 2182/2427/2161 2194/2439/2173
f 2192/2440/2171 2193/2438/2172 2195/2442/2174 2196/2443/2175
f 2193/2438/2172 2181/2426/2160 2188/2433/2167 2195/2442/2174
f 2109/2344/2088 2137/2375/2116 2195/2442/2174 2188/2433/2167
f 2137/2375/2116 2132/2374/2111 2196/2443/2175 2195/2442/2174
f 2192/2437/2171 2196/2444/2175 2197/2445/2176 2190/2435/2169
f 2196/2444/2175 2132/2367/2111 2131/2366/2110 2197/2445/2176
f 2093/2328/2072 2173/2418/2152 2197/2445/2176 2131/2366/2110
f 2173/2418/2152 2172/2417/2151 2190/2435/2169 2197/2445/2176
f 1656/1836/1635 1655/1835/1634 2198/2446/2177 2199/2447/2178
f 1655/1835/1634 1654/1834/1633 2164/2409/2143 2198/2446/2177
f 2160/2408/2139 2200/2448/2179 2198/2446/2177 2164/2409/2143
f 2200/2448/2179 2201/2449/2180 2199/2447/2178 2198/2446/2177
f 2201/2450/2180 2200/2451/2179 2202/2452/2181 2203/2453/2182
f 2200/2451/2179 2160/2403/2139 2159/2402/2138 2202/2452/2181
f 1679/1859/1658 1678/1858/1657 2202/2452/2181 2159/2402/2138
f 1678/1858/1657 1670/1850/1649 2203/2453/2182 2202/2452/2181
f 2201/2450/2180 2203/2453/2182 2204/2454/2183 2205/2455/2184
f 2203/2453/2182 1670/1850/1649 1673/1853/1652 2204/2454/2183
f 1675/1855/1654 2206/2456/2185 2204/2454/2183 1673/1853/1652
f 2206/2456/2185 2207/2457/2186 2205/2455/2184 2204/2454/2183
f 2201/2449/2180 2205/2458/2184 2208/2459/2187 2199/2447/2178
f 2205/2458/2184 2207/2460/2186 2209/2461/2188 2208/2459/2187
f 1660/1840/1639 1659/1839/1638 2208/2459/2187 2209/2461/2188
f 1659/1839/1638 1656/1836/1635 2199/2447/2178 2208/2459/2187
f 2085/2320/2064 2104/2339/2083 2210/2462/2189 2211/2463/2190
f 2104/2339/2083 1836/2040/1815 1835/2039/1814 2210/2462/2189
f 1832/2038/1811 2212/2464/2191 2210/2462/2189 1835/2039/1814
f 2212/2464/2191 2213/2465/2192 2211/2463/2190 2210/2462/2189
f 2114/2349/2093 2214/2466/2193 2215/2467/2194 2122/2357/2101
f 2214/2466/2193 2213/2468/2192 2212/2469/2191 2215/2467/2194
f 1832/2034/1811 1831/2033/1810 2215/2467/2194 2212/2469/2191
f 1831/2033/1810 1830/2032/1809 2122/2357/2101 2215/2467/2194
f 2213/2468/2192 2214/2466/2193 2216/2470/2195 2217/2471/2196
f 2214/2466/2193 2114/2349/2093 2117/2352/2096 2216/2470/2195
f 2119/2354/2098 2154/2397/2133 2216/2470/2195 2117/2352/2096
f 2154/2397/2133 2151/2396/2130 2217/2471/2196 2216/2470/2195
f 2085/2320/2064 2211/2463/2190 2218/2472/2197 2086/2321/2065
f 2211/2463/2190 2213/2465/2192 2217/2473/2196 2218/2472/2197
f 2151/2391/2130 2150/2390/2129 2218/2472/2197 2217/2473/2196
f 2150/2390/2129 2087/2322/2066 2086/2321/2065 2218/2472/2197
f 1813/2012/1792 1837/2041/1816 2219/2474/2198 2220/2475/2199
f 1837/2041/1816 1836/2040/1815 2103/2338/2082 2219/2474/2198
f 2100/2335/2079 2221/2476/2200 2219/2474/2198 2103/2338/2082
f 2221/2476/2200 2222/2477/2201 2220/2475/2199 2219/2474/2198
f 2223/2478/2202 2224/2479/2203 2225/2480/2204 2226/2481/2205
f 2224/2479/2203 2222/2477/2201 2221/2476/2200 2225/2480/2204
f 2100/2335/2079 2099/2334/2078 2225/2480/2204 2221/2476/2200
f 2099/2334/2078 2098/2333/2077 2226/2481/2205 2225/2480/2204
f 2222/2477/2201 2224/2479/2203 2227/2482/2206 2228/2483/2207
f 2224/2479/2203 2223/2478/2202 2229/2484/2208 2227/2482/2206
f 1851/2055/1830 1850/2054/1829 2227/2482/2206 2229/2484/2208
f 1850/2054/1829 1843/2047/1822 2228/2483/2207 2227/2482/2206
f 2222/2477/2201 2228/2483/2207 2230/2485/2209 2220/2475/2199
f 2228/2483/2207 1843/2047/1822 1842/2046/1821 2230/2485/2209
f 1817/2016/1796 1814/2013/1793 2230/2485/2209 1842/2046/1821
f 1814/2013/1793 1813/2012/1792 2220/2475/2199 2230/2485/2209
f 2231/2486/2210 2232/2487/2211 2233/2488/2212 2234/2489/2213
f 2232/2487/2211 2235/2490/2214 2236/2491/2215 2233/2488/2212
f 2127/2362/2106 2126/2361/2105 2233/2488/2212 2236/2491/2215
f 2126/2361/2105 2124/2359/2103 2234/2489/2213 2233/2488/2212
f 2231/2486/2210 2234/2489/2213 2237/2492/2216 2238/2493/2217
f 2234/2489/2213 2124/2359/2103 2123/2358/2102 2237/2492/2216
f 1830/2032/1809 1828/2030/1807 2237/2492/2216 2123/2358/2102
f 1828/2030/1807 1827/2029/1806 2238/2493/2217 2237/2492/2216
f 1827/2029/1806 1826/2028/1805 2239/2494/2218 2238/2493/2217
f 1826/2028/1805 1825/2027/1804 1875/2079/1854 2239/2494/2218
f 1868/2072/1847 2240/2495/2219 2239/2494/2218 1875/2079/1854
f 2240/2495/2219 2231/2486/2210 2238/2493/2217 2239/2494/2218
f 2235/2490/2214 2232/2487/2211 2241/2496/2220 2242/2497/2221
f 2232/2487/2211 2231/2486/2210 2240/2495/2219 2241/2496/2220
f 1868/2072/1847 1867/2071/1846 2241/2496/2220 2240/2495/2219
f 1867/2071/1846 1866/2070/1845 2242/2497/2221 2241/2496/2220
f 2243/2498/2222 2244/2499/2223 2245/2500/2224 2246/2501/2225
f 2244/2499/2223 2223/2478/2202 2226/2481/2205 2245/2500/2224
f 2098/2333/2077 2143/2383/2122 2245/2500/2224 2226/2481/2205
f 2143/2383/2122 2140/2382/2119 2246/2501/2225 2245/2500/2224
f 2235/2490/2214 2247/2502/2226 2248/2503/2227 2236/2491/2215
f 2247/2502/2226 2243/2504/2222 2246/2505/2225 2248/2503/2227
f 2140/2378/2119 2139/2377/2118 2248/2503/2227 2246/2505/2225
f 2139/2377/2118 2127/2362/2106 2236/2491/2215 2248/2503/2227
f 2243/2504/2222 2247/2502/2226 2249/2506/2228 2250/2507/2229
f 2247/2502/2226 2235/2490/2214 2242/2497/2221 2249/2506/2228
f 1866/2070/1845 1894/2101/1873 2249/2506/2228 2242/2497/2221
f 1894/2101/1873 1891/2100/1870 2250/2507/2229 2249/2506/2228
f 2223/2478/2202 2244/2499/2223 2251/2508/2230 2229/2484/2208
f 2244/2499/2223 2243/2498/2222 2250/2509/2229 2251/2508/2230
f 1891/2095/1870 1890/2094/1869 2251/2508/2230 2250/2509/2229
f 1890/2094/1869 1851/2055/1830 2229/2484/2208 2251/2508/2230
f 2252/2510/2231 2253/2511/2232 2254/2512/2233 2255/2513/2234
f 2253/2511/2232 1636/1816/1615 1658/1838/1637 2254/2512/2233
f 1660/1840/1639 2256/2514/2235 2254/2512/2233 1658/1838/1637
f 2252/2510/2231 2255/2513/2234 2257/2515/2236 2258/2516/2237
f 2252/2510/2231 2258/2516/2237 2260/2517/2238 2261/2518/2239
f 2252/2510/2231 2261/2518/2239 2264/2519/2240 2253/2511/2232
f 2261/2518/2239 2263/2520/2241 2265/2521/2242 2264/2519/2240
f 1640/1820/1619 1637/1817/1616 2264/2519/2240 2265/2521/2242
f 1637/1817/1616 1636/1816/1615 2253/2511/2232 2264/2519/2240
f 1691/1871/1670 1690/1870/1669 2266/2522/2243 2267/2523/2244
f 1690/1870/1669 1640/1820/1619 2265/2521/2242 2266/2522/2243
f 2263/2520/2241 2268/2524/2245 2266/2522/2243 2265/2521/2242
f 2268/2524/2245 2269/2525/2246 2267/2523/2244 2266/2522/2243
f 2270/2526/2247 2269/2525/2246 2268/2524/2245 2271/2527/2248
f 2269/2528/2246 2270/2529/2247 2273/2530/2249 2274/2531/2250
f 2275/2532/2251 2276/2533/2252 2274/2531/2250 2273/2530/2249
f 1691/1876/1670 2267/2534/2244 2277/2535/2253 1694/1877/1673
f 2267/2534/2244 2269/2528/2246 2274/2531/2250 2277/2535/2253
f 2276/2533/2252 2278/2536/2254 2277/2535/2253 2274/2531/2250
f 2278/2536/2254 1665/1845/1644 1694/1877/1673 2277/2535/2253
f 2279/2537/2255 2280/2538/2256 2281/2539/2257 2282/2540/2258
f 2280/2538/2256 1667/1847/1646 1666/1846/1645 2281/2539/2257
f 1665/1845/1644 2278/2536/2254 2281/2539/2257 1666/1846/1645
f 2278/2536/2254 2276/2533/2252 2282/2540/2258 2281/2539/2257
f 2282/2540/2258 2276/2533/2252 2275/2532/2251 2283/2541/2259
f 2289/2542/2260 2290/2543/2261 2286/2544/2262 2288/2545/2263
f 2279/2537/2255 2290/2543/2261 2291/2546/2264 2280/2538/2256
f 2290/2543/2261 2289/2542/2260 2292/2547/2265 2291/2546/2264
f 1675/1855/1654 1674/1854/1653 2291/2546/2264 2292/2547/2265
f 1674/1854/1653 1667/1847/1646 2280/2538/2256 2291/2546/2264
f 2207/2457/2186 2206/2456/2185 2293/2548/2266 2294/2549/2267
f 2206/2456/2185 1675/1855/1654 2292/2547/2265 2293/2548/2266
f 2289/2542/2260 2295/2550/2268 2293/2548/2266 2292/2547/2265
f 2295/2550/2268 2296/2551/2269 2294/2549/2267 2293/2548/2266
f 2295/2550/2268 2289/2542/2260 2288/2545/2263 2297/2552/2270
f 2207/2460/2186 2294/2553/2267 2299/2554/2271 2209/2461/2188
f 2294/2553/2267 2296/2555/2269 2298/2556/2272 2299/2554/2271
f 2256/2514/2235 1660/1840/1639 2209/2461/2188 2299/2554/2271
f 2302/2557/2273 2301/2558/2274 2303/2559/2275 2304/2560/2276
f 2306/2561/2277 2307/2562/2278 2303/2559/2275 2305/2563/2279
f 2307/2562/2278 2308/2564/2280 2304/2560/2276 2303/2559/2275
f 2302/2557/2273 2304/2560/2276 2309/2565/2281 2310/2566/2282
f 2304/2560/2276 2308/2564/2280 2311/2567/2283 2309/2565/2281
f 2312/2568/2284 2313/2569/2285 2309/2565/2281 2311/2567/2283
f 2313/2569/2285 2314/2570/2286 2310/2566/2282 2309/2565/2281
f 2300/2571/2287 2302/2557/2273 2310/2566/2282 2315/2572/2288
f 2319/2573/2289 2320/2574/2290 2321/2575/2291 2322/2576/2292
f 2320/2574/2290 2316/2577/2293 2318/2578/2294 2321/2575/2291
f 2314/2570/2286 2313/2569/2285 2321/2575/2291 2318/2578/2294
f 2313/2569/2285 2312/2568/2284 2322/2576/2292 2321/2575/2291
f 2316/2579/2293 2320/2580/2290 2323/2581/2295 2324/2582/2296
f 2320/2580/2290 2319/2583/2289 2325/2584/2297 2323/2581/2295
f 2326/2585/2298 2327/2586/2299 2323/2581/2295 2325/2584/2297
f 2329/2587/2300 2330/2588/2301 2331/2589/2302 2332/2590/2303
f 2327/2586/2299 2326/2585/2298 2332/2590/2303 2331/2589/2302
f 2329/2587/2300 2333/2591/2304 2334/2592/2305 2330/2588/2301
f 2333/2591/2304 2335/2593/2306 2336/2594/2307 2334/2592/2305
f 2337/2595/2308 2338/2596/2309 2334/2592/2305 2336/2594/2307
f 2338/2596/2309 2328/2597/2310 2330/2588/2301 2334/2592/2305
f 2335/2593/2306 2343/2598/2311 2341/2599/2312 2336/2594/2307
f 2343/2598/2311 2344/2600/2313 2342/2601/2314 2341/2599/2312
f 2346/2602/2315 2347/2603/2316 2348/2604/2317 2349/2605/2318
f 2347/2603/2316 2312/2568/2284 2311/2567/2283 2348/2604/2317
f 2308/2564/2280 2350/2606/2319 2348/2604/2317 2311/2567/2283
f 2350/2606/2319 2351/2607/2320 2349/2605/2318 2348/2604/2317
f 2352/2608/2321 2353/2609/2322 2354/2610/2323 2355/2611/2324
f 2353/2609/2322 2351/2607/2320 2350/2606/2319 2354/2610/2323
f 2308/2564/2280 2307/2562/2278 2354/2610/2323 2350/2606/2319
f 2307/2562/2278 2306/2561/2277 2355/2611/2324 2354/2610/2323
f 2351/2607/2320 2353/2609/2322 2356/2612/2325 2357/2613/2326
f 2353/2609/2322 2352/2608/2321 2358/2614/2327 2356/2612/2325
f 2359/2615/2328 2360/2616/2329 2356/2612/2325 2358/2614/2327
f 2360/2616/2329 2361/2617/2330 2357/2613/2326 2356/2612/2325
f 2351/2607/2320 2357/2613/2326 2362/2618/2331 2349/2605/2318
f 2357/2613/2326 2361/2617/2330 2363/2619/2332 2362/2618/2331
f 2364/2620/2333 2365/2621/2334 2362/2618/2331 2363/2619/2332
f 2365/2621/2334 2346/2602/2315 2349/2605/2318 2362/2618/2331
f 2366/2622/2335 2367/2623/2336 2368/2624/2337 2369/2625/2338
f 2367/2623/2336 2326/2585/2298 2325/2584/2297 2368/2624/2337
f 2319/2583/2289 2370/2626/2339 2368/2624/2337 2325/2584/2297
f 2370/2626/2339 2371/2627/2340 2369/2625/2338 2368/2624/2337
f 2371/2628/2340 2370/2629/2339 2372/2630/2341 2373/2631/2342
f 2370/2629/2339 2319/2573/2289 2322/2576/2292 2372/2630/2341
f 2312/2568/2284 2347/2603/2316 2372/2630/2341 2322/2576/2292
f 2347/2603/2316 2346/2602/2315 2373/2631/2342 2372/2630/2341
f 2346/2602/2315 2365/2621/2334 2374/2632/2343 2373/2631/2342
f 2365/2621/2334 2364/2620/2333 2375/2633/2344 2374/2632/2343
f 2376/2634/2345 2377/2635/2346 2374/2632/2343 2375/2633/2344
f 2377/2635/2346 2371/2628/2340 2373/2631/2342 2374/2632/2343
f 2371/2627/2340 2377/2636/2346 2378/2637/2347 2369/2625/2338
f 2377/2636/2346 2376/2638/2345 2379/2639/2348 2378/2637/2347
f 2380/2640/2349 2381/2641/2350 2378/2637/2347 2379/2639/2348
f 2381/2641/2350 2366/2622/2335 2369/2625/2338 2378/2637/2347
f 2382/2642/2351 2383/2643/2352 2384/2644/2353 2385/2645/2354
f 2383/2643/2352 2335/2593/2306 2333/2591/2304 2384/2644/2353
f 2329/2587/2300 2386/2646/2355 2384/2644/2353 2333/2591/2304
f 2386/2646/2355 2387/2647/2356 2385/2645/2354 2384/2644/2353
f 2366/2622/2335 2388/2648/2357 2389/2649/2358 2367/2623/2336
f 2388/2648/2357 2387/2647/2356 2386/2646/2355 2389/2649/2358
f 2329/2587/2300 2332/2590/2303 2389/2649/2358 2386/2646/2355
f 2332/2590/2303 2326/2585/2298 2367/2623/2336 2389/2649/2358
f 2387/2647/2356 2388/2648/2357 2390/2650/2359 2391/2651/2360
f 2388/2648/2357 2366/2622/2335 2381/2641/2350 2390/2650/2359
f 2380/2640/2349 2392/2652/2361 2390/2650/2359 2381/2641/2350
f 2392/2652/2361 2393/2653/2362 2391/2651/2360 2390/2650/2359
f 2387/2647/2356 2391/2651/2360 2394/2654/2363 2385/2645/2354
f 2391/2651/2360 2393/2653/2362 2395/2655/2364 2394/2654/2363
f 2396/2656/2365 2397/2657/2366 2394/2654/2363 2395/2655/2364
f 2397/2657/2366 2382/2642/2351 2385/2645/2354 2394/2654/2363
f 2398/2658/2367 2399/2659/2368 2400/2660/2369 2401/2661/2370
f 2399/2659/2368 2352/2608/2321 2355/2611/2324 2400/2660/2369
f 2306/2561/2277 2345/2662/2371 2400/2660/2369 2355/2611/2324
f 2345/2662/2371 2344/2663/2313 2401/2661/2370 2400/2660/2369
f 2382/2642/2351 2402/2664/2372 2403/2665/2373 2383/2643/2352
f 2402/2664/2372 2398/2666/2367 2401/2667/2370 2403/2665/2373
f 2344/2600/2313 2343/2598/2311 2403/2665/2373 2401/2667/2370
f 2343/2598/2311 2335/2593/2306 2383/2643/2352 2403/2665/2373
f 2382/2642/2351 2397/2657/2366 2404/2668/2374 2402/2664/2372
f 2397/2657/2366 2396/2656/2365 2405/2669/2375 2404/2668/2374
f 2406/2670/2376 2407/2671/2377 2404/2668/2374 2405/2669/2375
f 2407/2671/2377 2398/2666/2367 2402/2664/2372 2404/2668/2374
f 2398/2658/2367 2407/2672/2377 2408/2673/2378 2399/2659/2368
f 2407/2672/2377 2406/2674/2376 2409/2675/2379 2408/2673/2378
f 2359/2615/2328 2358/2614/2327 2408/2673/2378 2409/2675/2379
f 2358/2614/2327 2352/2608/2321 2399/2659/2368 2408/2673/2378
f 2410/2676/2380 2411/2677/2381 2412/2678/2382 2413/2679/2383
f 2411/2677/2381 2414/2680/2384 2415/2681/2385 2412/2678/2382
f 2416/2682/2386 2417/2683/2387 2412/2678/2382 2415/2681/2385
f 2417/2683/2387 2418/2684/2388 2413/2679/2383 2412/2678/2382
f 2419/2685/2389 2420/2686/2390 2421/2687/2391 2422/2688/2392
f 2420/2686/2390 2418/2684/2388 2417/2683/2387 2421/2687/2391
f 2416/2682/2386 2423/2689/2393 2421/2687/2391 2417/2683/2387
f 2423/2689/2393 2424/2690/2394 2422/2688/2392 2421/2687/2391
f 2418/2684/2388 2420/2686/2390 2425/2691/2395 2426/2692/2396
f 2420/2686/2390 2419/2685/2389 2427/2693/2397 2425/2691/2395
f 1730/1920/1709 1727/1917/1706 2425/2691/2395 2427/2693/2397
f 1727/1917/1706 1726/1916/1705 2426/2692/2396 2425/2691/2395
f 2418/2684/2388 2426/2692/2396 2428/2694/2398 2413/2679/2383
f 2426/2692/2396 1726/1916/1705 1747/1939/1726 2428/2694/2398
f 1749/1943/1728 2429/2695/2399 2428/2694/2398 1747/1939/1726
f 2429/2695/2399 2410/2676/2380 2413/2679/2383 2428/2694/2398
f 2430/2696/2400 2431/2697/2401 2432/2698/2402 2433/2699/2403
f 2431/2697/2401 2434/2700/2404 2435/2701/2405 2432/2698/2402
f 2436/2702/2406 2437/2703/2407 2432/2698/2402 2435/2701/2405
f 2437/2703/2407 2438/2704/2408 2433/2699/2403 2432/2698/2402
f 2438/2705/2408 2437/2706/2407 2439/2707/2409 2440/2708/2410
f 2437/2706/2407 2436/2709/2406 2441/2710/2411 2439/2707/2409
f 2414/2680/2384 2411/2677/2381 2439/2707/2409 2441/2710/2411
f 2411/2677/2381 2410/2676/2380 2440/2708/2410 2439/2707/2409
f 2438/2705/2408 2440/2708/2410 2442/2711/2412 2443/2712/2413
f 2440/2708/2410 2410/2676/2380 2429/2695/2399 2442/2711/2412
f 1749/1943/1728 1748/1942/1727 2442/2711/2412 2429/2695/2399
f 1748/1942/1727 1744/1941/1723 2443/2712/2413 2442/2711/2412
f 2445/2713/2414 2446/2714/2415 2447/2715/2416 2448/2716/2417
f 2446/2714/2415 2449/2717/2418 2450/2718/2419 2447/2715/2416
f 2451/2719/2420 2452/2720/2421 2447/2715/2416 2450/2718/2419
f 2452/2720/2421 2453/2721/2422 2448/2716/2417 2447/2715/2416
f 2430/2696/2400 2454/2722/2423 2455/2723/2424 2431/2697/2401
f 2454/2722/2423 2453/2721/2422 2452/2720/2421 2455/2723/2424
f 2451/2719/2420 2456/2724/2425 2455/2723/2424 2452/2720/2421
f 2456/2724/2425 2434/2700/2404 2431/2697/2401 2455/2723/2424
f 2453/2721/2422 2454/2722/2423 2457/2725/2426 2458/2726/2427
f 2454/2722/2423 2430/2696/2400 2444/2727/2428 2457/2725/2426
f 1742/1934/1721 1740/1932/1719 2457/2725/2426 2444/2727/2428
f 1740/1932/1719 1734/1924/1713 2458/2726/2427 2457/2725/2426
f 2453/2721/2422 2458/2726/2427 2459/2728/2429 2448/2716/2417
f 2458/2726/2427 1734/1924/1713 1737/1927/1716 2459/2728/2429
f 1739/1931/1718 2460/2729/2430 2459/2728/2429 1737/1927/1716
f 2460/2729/2430 2445/2713/2414 2448/2716/2417 2459/2728/2429
f 2461/2730/2431 2462/2731/2432 2463/2732/2433 2464/2733/2434
f 2462/2731/2432 2419/2685/2389 2422/2688/2392 2463/2732/2433
f 2424/2690/2394 2465/2734/2435 2463/2732/2433 2422/2688/2392
f 2465/2734/2435 2466/2735/2436 2464/2733/2434 2463/2732/2433
f 2445/2713/2414 2467/2736/2437 2468/2737/2438 2446/2714/2415
f 2467/2736/2437 2461/2738/2431 2464/2739/2434 2468/2737/2438
f 2466/2740/2436 2469/2741/2439 2468/2737/2438 2464/2739/2434
f 2469/2741/2439 2449/2717/2418 2446/2714/2415 2468/2737/2438
f 2467/2736/2437 2445/2713/2414 2460/2729/2430 2470/2742/2440
f 1739/1931/1718 1738/1930/1717 2470/2742/2440 2460/2729/2430
f 1730/1920/1709 2427/2693/2397 2471/2743/2441 1731/1921/1710
f 2427/2693/2397 2419/2685/2389 2462/2731/2432 2471/2743/2441
f 2472/2744/2442 2473/2745/2443 2474/2746/2444 2475/2747/2445
f 2473/2745/2443 2364/2620/2333 2363/2619/2332 2474/2746/2444
f 2361/2617/2330 2476/2748/2446 2474/2746/2444 2363/2619/2332
f 2476/2748/2446 2477/2749/2447 2475/2747/2445 2474/2746/2444
f 2478/2750/2448 2479/2751/2449 2480/2752/2450 2481/2753/2451
f 2479/2751/2449 2477/2749/2447 2476/2748/2446 2480/2752/2450
f 2361/2617/2330 2360/2616/2329 2480/2752/2450 2476/2748/2446
f 2360/2616/2329 2359/2615/2328 2481/2753/2451 2480/2752/2450
f 2477/2749/2447 2479/2751/2449 2482/2754/2452 2483/2755/2453
f 2479/2751/2449 2478/2750/2448 2484/2756/2454 2482/2754/2452
f 2424/2690/2394 2423/2689/2393 2482/2754/2452 2484/2756/2454
f 2423/2689/2393 2416/2682/2386 2483/2755/2453 2482/2754/2452
f 2477/2749/2447 2483/2755/2453 2485/2757/2455 2475/2747/2445
f 2483/2755/2453 2416/2682/2386 2415/2681/2385 2485/2757/2455
f 2414/2680/2384 2486/2758/2456 2485/2757/2455 2415/2681/2385
f 2486/2758/2456 2472/2744/2442 2475/2747/2445 2485/2757/2455
f 2487/2759/2457 2488/2760/2458 2489/2761/2459 2490/2762/2460
f 2488/2760/2458 2380/2640/2349 2379/2639/2348 2489/2761/2459
f 2376/2638/2345 2491/2763/2461 2489/2761/2459 2379/2639/2348
f 2491/2763/2461 2492/2764/2462 2490/2762/2460 2489/2761/2459
f 2492/2765/2462 2491/2766/2461 2493/2767/2463 2494/2768/2464
f 2491/2766/2461 2376/2634/2345 2375/2633/2344 2493/2767/2463
f 2364/2620/2333 2473/2745/2443 2493/2767/2463 2375/2633/2344
f 2473/2745/2443 2472/2744/2442 2494/2768/2464 2493/2767/2463
f 2472/2744/2442 2486/2758/2456 2495/2769/2465 2494/2768/2464
f 2486/2758/2456 2414/2680/2384 2441/2710/2411 2495/2769/2465
f 2436/2709/2406 2496/2770/2466 2495/2769/2465 2441/2710/2411
f 2496/2770/2466 2492/2765/2462 2494/2768/2464 2495/2769/2465
f 2492/2764/2462 2496/2771/2466 2497/2772/2467 2490/2762/2460
f 2496/2771/2466 2436/2702/2406 2435/2701/2405 2497/2772/2467
f 2434/2700/2404 2498/2773/2468 2497/2772/2467 2435/2701/2405
f 2498/2773/2468 2487/2759/2457 2490/2762/2460 2497/2772/2467
f 2499/2774/2469 2500/2775/2470 2501/2776/2471 2502/2777/2472
f 2500/2775/2470 2396/2656/2365 2395/2655/2364 2501/2776/2471
f 2393/2653/2362 2503/2778/2473 2501/2776/2471 2395/2655/2364
f 2503/2778/2473 2504/2779/2474 2502/2777/2472 2501/2776/2471
f 2504/2779/2474 2503/2778/2473 2505/2780/2475 2506/2781/2476
f 2503/2778/2473 2393/2653/2362 2392/2652/2361 2505/2780/2475
f 2380/2640/2349 2488/2760/2458 2505/2780/2475 2392/2652/2361
f 2488/2760/2458 2487/2759/2457 2506/2781/2476 2505/2780/2475
f 2504/2779/2474 2506/2781/2476 2507/2782/2477 2508/2783/2478
f 2506/2781/2476 2487/2759/2457 2498/2773/2468 2507/2782/2477
f 2434/2700/2404 2456/2724/2425 2507/2782/2477 2498/2773/2468
f 2456/2724/2425 2451/2719/2420 2508/2783/2478 2507/2782/2477
f 2504/2779/2474 2508/2783/2478 2509/2784/2479 2502/2777/2472
f 2508/2783/2478 2451/2719/2420 2450/2718/2419 2509/2784/2479
f 2449/2717/2418 2510/2785/2480 2509/2784/2479 2450/2718/2419
f 2510/2785/2480 2499/2774/2469 2502/2777/2472 2509/2784/2479
f 2511/2786/2481 2512/2787/2482 2513/2788/2483 2514/2789/2484
f 2512/2787/2482 2478/2750/2448 2481/2753/2451 2513/2788/2483
f 2359/2615/2328 2409/2675/2379 2513/2788/2483 2481/2753/2451
f 2409/2675/2379 2406/2674/2376 2514/2789/2484 2513/2788/2483
f 2499/2774/2469 2515/2790/2485 2516/2791/2486 2500/2775/2470
f 2515/2790/2485 2511/2792/2481 2514/2793/2484 2516/2791/2486
f 2406/2670/2376 2405/2669/2375 2516/2791/2486 2514/2793/2484
f 2405/2669/2375 2396/2656/2365 2500/2775/2470 2516/2791/2486
f 2511/2792/2481 2515/2790/2485 2517/2794/2487 2518/2795/2488
f 2515/2790/2485 2499/2774/2469 2510/2785/2480 2517/2794/2487
f 2449/2717/2418 2469/2741/2439 2517/2794/2487 2510/2785/2480
f 2469/2741/2439 2466/2740/2436 2518/2795/2488 2517/2794/2487
f 2478/2750/2448 2512/2787/2482 2519/2796/2489 2484/2756/2454
f 2512/2787/2482 2511/2786/2481 2518/2797/2488 2519/2796/2489
f 2466/2735/2436 2465/2734/2435 2519/2796/2489 2518/2797/2488
f 2465/2734/2435 2424/2690/2394 2484/2756/2454 2519/2796/2489
f 2520/2798/2490 2521/2799/2491 2522/2800/2492 2523/2801/2493
f 2521/2799/2491 2524/2802/2494 2525/2803/2495 2522/2800/2492
f 2526/2804/2496 2527/2805/2497 2522/2800/2492 2525/2803/2495
f 2527/2805/2497 2528/2806/2498 2523/2801/2493 2522/2800/2492
f 2528/2806/2498 2527/2805/2497 2529/2807/2499 2530/2808/2500
f 2527/2805/2497 2526/2804/2496 2531/2809/2501 2529/2807/2499
f 2532/2810/2502 2533/2811/2503 2529/2807/2499 2531/2809/2501
f 2533/2811/2503 2534/2812/2504 2530/2808/2500 2529/2807/2499
f 2528/2806/2498 2530/2808/2500 2535/2813/2505 2536/2814/2506
f 2530/2808/2500 2534/2812/2504 2537/2815/2507 2535/2813/2505
f 2538/2816/2508 2539/2817/2509 2535/2813/2505 2537/2815/2507
f 2539/2817/2509 2540/2818/2510 2536/2814/2506 2535/2813/2505
f 2520/2798/2490 2523/2801/2493 2541/2819/2511 2542/2820/2512
f 2523/2801/2493 2528/2806/2498 2536/2814/2506 2541/2819/2511
f 2540/2818/2510 2543/2821/2513 2541/2819/2511 2536/2814/2506
f 2543/2821/2513 2544/2822/2514 2542/2820/2512 2541/2819/2511
f 2545/2823/2515 2546/2824/2516 2547/2825/2517 2548/2826/2518
f 2546/2824/2516 2549/2827/2519 2550/2828/2520 2547/2825/2517
f 2551/2829/2521 2552/2830/2522 2547/2825/2517 2550/2828/2520
f 2552/2830/2522 2553/2831/2523 2548/2826/2518 2547/2825/2517
f 2554/2832/2524 2555/2833/2525 2556/2834/2526 2557/2835/2527
f 2555/2833/2525 2553/2831/2523 2552/2830/2522 2556/2834/2526
f 2551/2829/2521 2558/2836/2528 2556/2834/2526 2552/2830/2522
f 2558/2836/2528 2559/2837/2529 2557/2835/2527 2556/2834/2526
f 2553/2831/2523 2555/2833/2525 2560/2838/2530 2561/2839/2531
f 2555/2833/2525 2554/2832/2524 2562/2840/2532 2560/2838/2530
f 2563/2841/2533 2564/2842/2534 2560/2838/2530 2562/2840/2532
f 2564/2842/2534 2565/2843/2535 2561/2839/2531 2560/2838/2530
f 2553/2831/2523 2561/2839/2531 2566/2844/2536 2548/2826/2518
f 2561/2839/2531 2565/2843/2535 2567/2845/2537 2566/2844/2536
f 2568/2846/2538 2569/2847/2539 2566/2844/2536 2567/2845/2537
f 2569/2847/2539 2545/2823/2515 2548/2826/2518 2566/2844/2536
f 2570/2848/2540 2571/2849/2541 2572/2850/2542 2573/2851/2543
f 2571/2849/2541 2526/2804/2496 2525/2803/2495 2572/2850/2542
f 2524/2802/2494 2574/2852/2544 2572/2850/2542 2525/2803/2495
f 2574/2852/2544 2575/2853/2545 2573/2851/2543 2572/2850/2542
f 2570/2854/2540 2573/2855/2543 2576/2856/2546 2577/2857/2547
f 2573/2855/2543 2575/2858/2545 2578/2859/2548 2576/2856/2546
f 2549/2827/2519 2546/2824/2516 2576/2856/2546 2578/2859/2548
f 2546/2824/2516 2545/2823/2515 2577/2857/2547 2576/2856/2546
f 2570/2854/2540 2577/2857/2547 2579/2860/2549 2580/2861/2550
f 2577/2857/2547 2545/2823/2515 2569/2847/2539 2579/2860/2549
f 2568/2846/2538 2581/2862/2551 2579/2860/2549 2569/2847/2539
f 2581/2862/2551 2582/2863/2552 2580/2861/2550 2579/2860/2549
f 2526/2804/2496 2571/2849/2541 2583/2864/2553 2531/2809/2501
f 2571/2849/2541 2570/2848/2540 2580/2865/2550 2583/2864/2553
f 2582/2866/2552 2584/2867/2554 2583/2864/2553 2580/2865/2550
f 2584/2867/2554 2532/2810/2502 2531/2809/2501 2583/2864/2553
f 2585/2868/2555 2586/2869/2556 2587/2870/2557 2588/2871/2558
f 2586/2869/2556 2589/2872/2559 2590/2873/2560 2587/2870/2557
f 2591/2874/2561 2592/2875/2562 2587/2870/2557 2590/2873/2560
f 2592/2875/2562 2593/2876/2563 2588/2871/2558 2587/2870/2557
f 2593/2877/2563 2592/2878/2562 2594/2879/2564 2595/2880/2565
f 2592/2878/2562 2591/2881/2561 2596/2882/2566 2594/2879/2564
f 2597/2883/2567 2598/2884/2568 2594/2879/2564 2596/2882/2566
f 2598/2884/2568 2599/2885/2569 2595/2880/2565 2594/2879/2564
f 2599/2885/2569 2600/2886/2570 2601/2887/2571 2595/2880/2565
f 2600/2886/2570 2602/2888/2572 2603/2889/2573 2601/2887/2571
f 2604/2890/2574 2605/2891/2575 2601/2887/2571 2603/2889/2573
f 2605/2891/2575 2593/2877/2563 2595/2880/2565 2601/2887/2571
f 2593/2876/2563 2605/2892/2575 2606/2893/2576 2588/2871/2558
f 2605/2892/2575 2604/2894/2574 2607/2895/2577 2606/2893/2576
f 2608/2896/2578 2609/2897/2579 2606/2893/2576 2607/2895/2577
f 2609/2897/2579 2585/2868/2555 2588/2871/2558 2606/2893/2576
f 2610/2898/2580 2611/2899/2581 2612/2900/2582 2613/2901/2583
f 2611/2899/2581 2614/2902/2584 2615/2903/2585 2612/2900/2582
f 2616/2904/2586 2617/2905/2587 2612/2900/2582 2615/2903/2585
f 2617/2905/2587 2618/2906/2588 2613/2901/2583 2612/2900/2582
f 2619/2907/2589 2618/2908/2588 2617/2909/2587 2620/2910/2590
f 2616/2911/2586 2622/2912/2591 2620/2910/2590 2617/2909/2587
f 2622/2912/2591 2623/2913/2592 2621/2914/2593 2620/2910/2590
f 2624/2915/2594 2626/2916/2595 2627/2917/2596 2625/2918/2597
f 2628/2919/2598 2629/2920/2599 2625/2918/2597 2627/2917/2596
f 2629/2920/2599 2618/2908/2588 2619/2907/2589 2625/2918/2597
f 2610/2898/2580 2613/2901/2583 2630/2921/2600 2631/2922/2601
f 2613/2901/2583 2618/2906/2588 2629/2923/2599 2630/2921/2600
f 2628/2924/2598 2632/2925/2602 2630/2921/2600 2629/2923/2599
f 2632/2925/2602 2633/2926/2603 2631/2922/2601 2630/2921/2600
f 2634/2927/2604 2635/2928/2605 2636/2929/2606 2637/2930/2607
f 2635/2928/2605 2638/2931/2608 2639/2932/2609 2636/2929/2606
f 2640/2933/2610 2641/2934/2611 2636/2929/2606 2639/2932/2609
f 2641/2934/2611 2642/2935/2612 2637/2930/2607 2636/2929/2606
f 2642/2935/2612 2641/2934/2611 2643/2936/2613 2644/2937/2614
f 2641/2934/2611 2640/2933/2610 2645/2938/2615 2643/2936/2613
f 2646/2939/2616 2647/2940/2617 2643/2936/2613 2645/2938/2615
f 2647/2940/2617 2648/2941/2618 2644/2937/2614 2643/2936/2613
f 2648/2941/2618 2649/2942/2619 2650/2943/2620 2644/2937/2614
f 2649/2942/2619 2651/2944/2621 2652/2945/2622 2650/2943/2620
f 2653/2946/2623 2654/2947/2624 2650/2943/2620 2652/2945/2622
f 2654/2947/2624 2642/2935/2612 2644/2937/2614 2650/2943/2620
f 2642/2935/2612 2654/2947/2624 2655/2948/2625 2637/2930/2607
f 2654/2947/2624 2653/2946/2623 2656/2949/2626 2655/2948/2625
f 2608/2896/2578 2657/2950/2627 2655/2948/2625 2656/2949/2626
f 2657/2950/2627 2634/2927/2604 2637/2930/2607 2655/2948/2625
f 2658/2951/2628 2659/2952/2629 2660/2953/2630 2661/2954/2631
f 2659/2952/2629 2662/2955/2632 2663/2956/2633 2660/2953/2630
f 2664/2957/2634 2665/2958/2635 2660/2953/2630 2663/2956/2633
f 2665/2958/2635 2666/2959/2636 2661/2954/2631 2660/2953/2630
f 2666/2959/2636 2665/2958/2635 2667/2960/2637 2668/2961/2638
f 2665/2958/2635 2664/2957/2634 2669/2962/2639 2667/2960/2637
f 2670/2963/2640 2671/2964/2641 2667/2960/2637 2669/2962/2639
f 2671/2964/2641 2672/2965/2642 2668/2961/2638 2667/2960/2637
f 2666/2959/2636 2668/2961/2638 2673/2966/2643 2674/2967/2644
f 2668/2961/2638 2672/2965/2642 2675/2968/2645 2673/2966/2643
f 2602/2888/2572 2676/2969/2646 2673/2966/2643 2675/2968/2645
f 2676/2969/2646 2677/2970/2647 2674/2967/2644 2673/2966/2643
f 2658/2951/2628 2661/2954/2631 2678/2971/2648 2679/2972/2649
f 2661/2954/2631 2666/2959/2636 2674/2967/2644 2678/2971/2648
f 2677/2970/2647 2680/2973/2650 2678/2971/2648 2674/2967/2644
f 2680/2973/2650 2681/2974/2651 2679/2972/2649 2678/2971/2648
f 2682/2975/2652 2683/2976/2653 2684/2977/2654 2685/2978/2655
f 2683/2976/2653 2648/2941/2618 2647/2940/2617 2684/2977/2654
f 2646/2939/2616 2686/2979/2656 2684/2977/2654 2647/2940/2617
f 2686/2979/2656 2687/2980/2657 2685/2978/2655 2684/2977/2654
f 2658/2951/2628 2688/2981/2658 2689/2982/2659 2659/2952/2629
f 2688/2981/2658 2682/2983/2652 2685/2984/2655 2689/2982/2659
f 2687/2985/2657 2690/2986/2660 2689/2982/2659 2685/2984/2655
f 2690/2986/2660 2662/2955/2632 2659/2952/2629 2689/2982/2659
f 2682/2983/2652 2688/2981/2658 2691/2987/2661 2692/2988/2662
f 2688/2981/2658 2658/2951/2628 2679/2972/2649 2691/2987/2661
f 2681/2974/2651 2693/2989/2663 2691/2987/2661 2679/2972/2649
f 2693/2989/2663 2694/2990/2664 2692/2988/2662 2691/2987/2661
f 2648/2941/2618 2683/2976/2653 2695/2991/2665 2649/2942/2619
f 2683/2976/2653 2682/2975/2652 2692/2992/2662 2695/2991/2665
f 2694/2993/2664 2696/2994/2666 2695/2991/2665 2692/2992/2662
f 2696/2994/2666 2651/2944/2621 2649/2942/2619 2695/2991/2665
f 2697/2995/2667 2698/2996/2668 2699/2997/2669 2700/2998/2670
f 2698/2996/2668 2701/2999/2671 2702/3000/2672 2699/2997/2669
f 2703/3001/2673 2704/3002/2674 2699/2997/2669 2702/3000/2672
f 2704/3002/2674 2705/3003/2675 2700/2998/2670 2699/2997/2669
f 2705/3004/2675 2704/3005/2674 2706/3006/2676 2707/3007/2677
f 2704/3005/2674 2703/3008/2673 2708/3009/2678 2706/3006/2676
f 2709/3010/2679 2710/3011/2680 2706/3006/2676 2708/3009/2678
f 2710/3011/2680 2711/3012/2681 2707/3007/2677 2706/3006/2676
f 2705/3004/2675 2707/3007/2677 2712/3013/2682 2713/3014/2683
f 2707/3007/2677 2711/3012/2681 2714/3015/2684 2712/3013/2682
f 2715/3016/2685 2716/3017/2686 2712/3013/2682 2714/3015/2684
f 2716/3017/2686 2717/3018/2687 2713/3014/2683 2712/3013/2682
f 2705/3003/2675 2713/3019/2683 2718/3020/2688 2700/2998/2670
f 2713/3019/2683 2717/3021/2687 2719/3022/2689 2718/3020/2688
f 2720/3023/2690 2721/3024/2691 2718/3020/2688 2719/3022/2689
f 2721/3024/2691 2697/2995/2667 2700/2998/2670 2718/3020/2688
f 2722/3025/2692 2723/3026/2693 2724/3027/2694 2725/3028/2695
f 2723/3026/2693 2701/2999/2671 2726/3029/2696 2724/3027/2694
f 2727/3030/2697 2728/3031/2698 2724/3027/2694 2726/3029/2696
f 2728/3031/2698 2729/3032/2699 2725/3028/2695 2724/3027/2694
f 2730/3033/2700 2731/3034/2701 2732/3035/2702 2733/3036/2703
f 2731/3034/2701 2729/3032/2699 2728/3031/2698 2732/3035/2702
f 2727/3030/2697 2734/3037/2704 2732/3035/2702 2728/3031/2698
f 2734/3037/2704 2735/3038/2705 2733/3036/2703 2732/3035/2702
f 2729/3032/2699 2731/3034/2701 2736/3039/2706 2737/3040/2707
f 2731/3034/2701 2730/3033/2700 2738/3041/2708 2736/3039/2706
f 2739/3042/2709 2740/3043/2710 2736/3039/2706 2738/3041/2708
f 2740/3043/2710 2741/3044/2711 2737/3040/2707 2736/3039/2706
f 2722/3025/2692 2725/3028/2695 2742/3045/2712 2743/3046/2713
f 2725/3028/2695 2729/3032/2699 2737/3040/2707 2742/3045/2712
f 2741/3044/2711 2744/3047/2714 2742/3045/2712 2737/3040/2707
f 2744/3047/2714 2745/3048/2715 2743/3046/2713 2742/3045/2712
f 2746/3049/2716 2747/3050/2717 2748/3051/2718 2749/3052/2719
f 2747/3050/2717 2750/3053/2720 2751/3054/2721 2748/3051/2718
f 2752/3055/2722 2753/3056/2723 2748/3051/2718 2751/3054/2721
f 2753/3056/2723 2754/3057/2724 2749/3052/2719 2748/3051/2718
f 2754/3057/2724 2753/3056/2723 2755/3058/2725 2756/3059/2726
f 2753/3056/2723 2752/3055/2722 2757/3060/2727 2755/3058/2725
f 2709/3010/2679 2758/3061/2728 2755/3058/2725 2757/3060/2727
f 2758/3061/2728 2759/3062/2729 2756/3059/2726 2755/3058/2725
f 2759/3062/2729 2760/3063/2730 2761/3064/2731 2756/3059/2726
f 2760/3063/2730 2762/3065/2732 2763/3066/2733 2761/3064/2731
f 2764/3067/2734 2765/3068/2735 2761/3064/2731 2763/3066/2733
f 2765/3068/2735 2754/3057/2724 2756/3059/2726 2761/3064/2731
f 2754/3057/2724 2765/3068/2735 2766/3069/2736 2749/3052/2719
f 2765/3068/2735 2764/3067/2734 2767/3070/2737 2766/3069/2736
f 2768/3071/2738 2769/3072/2739 2766/3069/2736 2767/3070/2737
f 2769/3072/2739 2746/3049/2716 2749/3052/2719 2766/3069/2736
f 2770/3073/2740 2771/3074/2741 2772/3075/2742 2773/3076/2743
f 2771/3074/2741 2730/3033/2700 2733/3036/2703 2772/3075/2742
f 2735/3038/2705 2774/3077/2744 2772/3075/2742 2733/3036/2703
f 2774/3077/2744 2775/3078/2745 2773/3076/2743 2772/3075/2742
f 2746/3049/2716 2776/3079/2746 2777/3080/2747 2747/3050/2717
f 2776/3079/2746 2770/3081/2740 2773/3082/2743 2777/3080/2747
f 2775/3083/2745 2778/3084/2748 2777/3080/2747 2773/3082/2743
f 2778/3084/2748 2750/3053/2720 2747/3050/2717 2777/3080/2747
f 2770/3081/2740 2776/3079/2746 2779/3085/2749 2780/3086/2750
f 2776/3079/2746 2746/3049/2716 2769/3072/2739 2779/3085/2749
f 2768/3071/2738 2781/3087/2751 2779/3085/2749 2769/3072/2739
f 2781/3087/2751 2782/3088/2752 2780/3086/2750 2779/3085/2749
f 2730/3033/2700 2771/3074/2741 2783/3089/2753 2738/3041/2708
f 2771/3074/2741 2770/3073/2740 2780/3090/2750 2783/3089/2753
f 2782/3091/2752 2784/3092/2754 2783/3089/2753 2780/3090/2750
f 2784/3092/2754 2739/3042/2709 2738/3041/2708 2783/3089/2753
f 2785/3093/2755 2786/3094/2756 2787/3095/2757 2788/3096/2758
f 2786/3094/2756 2789/3097/2759 2790/3098/2760 2787/3095/2757
f 2638/2931/2608 2791/3099/2761 2787/3095/2757 2790/3098/2760
f 2791/3099/2761 2792/3100/2762 2788/3096/2758 2787/3095/2757
f 2785/3101/2755 2788/3102/2758 2793/3103/2763 2794/3104/2764
f 2788/3102/2758 2792/3105/2762 2795/3106/2765 2793/3103/2763
f 2670/2963/2640 2796/3107/2766 2793/3103/2763 2795/3106/2765
f 2796/3107/2766 2797/3108/2767 2794/3104/2764 2793/3103/2763
f 2797/3108/2767 2798/3109/2768 2799/3110/2769 2794/3104/2764
f 2798/3109/2768 2800/3111/2770 2801/3112/2771 2799/3110/2769
f 2802/3113/2772 2803/3114/2773 2799/3110/2769 2801/3112/2771
f 2803/3114/2773 2785/3101/2755 2794/3104/2764 2799/3110/2769
f 2789/3097/2759 2786/3094/2756 2804/3115/2774 2805/3116/2775
f 2786/3094/2756 2785/3093/2755 2803/3117/2773 2804/3115/2774
f 2802/3118/2772 2806/3119/2776 2804/3115/2774 2803/3117/2773
f 2806/3119/2776 2807/3120/2777 2805/3116/2775 2804/3115/2774
f 2808/3121/2778 2809/3122/2779 2810/3123/2780 2811/3124/2781
f 2809/3122/2779 2789/3097/2759 2805/3116/2775 2810/3123/2780
f 2807/3120/2777 2812/3125/2782 2810/3123/2780 2805/3116/2775
f 2812/3125/2782 2813/3126/2783 2811/3124/2781 2810/3123/2780
f 2808/3121/2778 2811/3124/2781 2814/3127/2784 2815/3128/2785
f 2811/3124/2781 2813/3126/2783 2816/3129/2786 2814/3127/2784
f 2817/3130/2787 2818/3131/2788 2814/3127/2784 2816/3129/2786
f 2818/3131/2788 2819/3132/2789 2815/3128/2785 2814/3127/2784
f 2819/3132/2789 2820/3133/2790 2821/3134/2791 2815/3128/2785
f 2820/3133/2790 2646/2939/2616 2645/2938/2615 2821/3134/2791
f 2640/2933/2610 2822/3135/2792 2821/3134/2791 2645/2938/2615
f 2822/3135/2792 2808/3121/2778 2815/3128/2785 2821/3134/2791
f 2789/3097/2759 2809/3122/2779 2823/3136/2793 2790/3098/2760
f 2809/3122/2779 2808/3121/2778 2822/3135/2792 2823/3136/2793
f 2640/2933/2610 2639/2932/2609 2823/3136/2793 2822/3135/2792
f 2639/2932/2609 2638/2931/2608 2790/3098/2760 2823/3136/2793
f 2824/3137/2794 2825/3138/2795 2826/3139/2796 2827/3140/2797
f 2825/3138/2795 2828/3141/2798 2829/3142/2799 2826/3139/2796
f 2830/3143/2800 2831/3144/2801 2826/3139/2796 2829/3142/2799
f 2831/3144/2801 2832/3145/2802 2827/3140/2797 2826/3139/2796
f 2797/3108/2767 2833/3146/2803 2834/3147/2804 2798/3109/2768
f 2833/3146/2803 2832/3145/2802 2831/3144/2801 2834/3147/2804
f 2830/3143/2800 2835/3148/2805 2834/3147/2804 2831/3144/2801
f 2835/3148/2805 2800/3111/2770 2798/3109/2768 2834/3147/2804
f 2832/3145/2802 2833/3146/2803 2836/3149/2806 2837/3150/2807
f 2833/3146/2803 2797/3108/2767 2796/3107/2766 2836/3149/2806
f 2670/2963/2640 2669/2962/2639 2836/3149/2806 2796/3107/2766
f 2669/2962/2639 2664/2957/2634 2837/3150/2807 2836/3149/2806
f 2824/3137/2794 2827/3140/2797 2838/3151/2808 2839/3152/2809
f 2827/3140/2797 2832/3145/2802 2837/3150/2807 2838/3151/2808
f 2664/2957/2634 2663/2956/2633 2838/3151/2808 2837/3150/2807
f 2663/2956/2633 2662/2955/2632 2839/3152/2809 2838/3151/2808
f 2819/3132/2789 2818/3131/2788 2840/3153/2810 2841/3154/2811
f 2818/3131/2788 2817/3130/2787 2842/3155/2812 2840/3153/2810
f 2843/3156/2813 2844/3157/2814 2840/3153/2810 2842/3155/2812
f 2844/3157/2814 2845/3158/2815 2841/3154/2811 2840/3153/2810
f 2845/3159/2815 2844/3160/2814 2846/3161/2816 2847/3162/2817
f 2844/3160/2814 2843/3163/2813 2848/3164/2818 2846/3161/2816
f 2828/3141/2798 2825/3138/2795 2846/3161/2816 2848/3164/2818
f 2825/3138/2795 2824/3137/2794 2847/3162/2817 2846/3161/2816
f 2824/3137/2794 2839/3152/2809 2849/3165/2819 2847/3162/2817
f 2839/3152/2809 2662/2955/2632 2690/2986/2660 2849/3165/2819
f 2687/2985/2657 2850/3166/2820 2849/3165/2819 2690/2986/2660
f 2850/3166/2820 2845/3159/2815 2847/3162/2817 2849/3165/2819
f 2845/3158/2815 2850/3167/2820 2851/3168/2821 2841/3154/2811
f 2850/3167/2820 2687/2980/2657 2686/2979/2656 2851/3168/2821
f 2646/2939/2616 2820/3133/2790 2851/3168/2821 2686/2979/2656
f 2820/3133/2790 2819/3132/2789 2841/3154/2811 2851/3168/2821
f 2852/3169/2822 2853/3170/2823 2854/3171/2824 2855/3172/2825
f 2853/3170/2823 2722/3025/2692 2743/3046/2713 2854/3171/2824
f 2745/3048/2715 2856/3173/2826 2854/3171/2824 2743/3046/2713
f 2856/3173/2826 2857/3174/2827 2855/3172/2825 2854/3171/2824
f 2759/3062/2729 2858/3175/2828 2859/3176/2829 2760/3063/2730
f 2858/3175/2828 2852/3177/2822 2855/3178/2825 2859/3176/2829
f 2857/3179/2827 2860/3180/2830 2859/3176/2829 2855/3178/2825
f 2860/3180/2830 2762/3065/2732 2760/3063/2730 2859/3176/2829
f 2852/3177/2822 2858/3175/2828 2861/3181/2831 2862/3182/2832
f 2858/3175/2828 2759/3062/2729 2758/3061/2728 2861/3181/2831
f 2709/3010/2679 2708/3009/2678 2861/3181/2831 2758/3061/2728
f 2708/3009/2678 2703/3008/2673 2862/3182/2832 2861/3181/2831
f 2852/3169/2822 2862/3183/2832 2863/3184/2833 2853/3170/2823
f 2862/3183/2832 2703/3001/2673 2702/3000/2672 2863/3184/2833
f 2701/2999/2671 2723/3026/2693 2863/3184/2833 2702/3000/2672
f 2723/3026/2693 2722/3025/2692 2853/3170/2823 2863/3184/2833
f 2864/3185/2834 2865/3186/2835 2866/3187/2836 2867/3188/2837
f 2865/3186/2835 2745/3048/2715 2744/3047/2714 2866/3187/2836
f 2741/3044/2711 2868/3189/2838 2866/3187/2836 2744/3047/2714
f 2868/3189/2838 2869/3190/2839 2867/3188/2837 2866/3187/2836
f 2869/3190/2839 2868/3189/2838 2870/3191/2840 2871/3192/2841
f 2868/3189/2838 2741/3044/2711 2740/3043/2710 2870/3191/2840
f 2739/3042/2709 2872/3193/2842 2870/3191/2840 2740/3043/2710
f 2872/3193/2842 2873/3194/2843 2871/3192/2841 2870/3191/2840
f 2873/3194/2843 2874/3195/2844 2875/3196/2845 2871/3192/2841
f 2874/3195/2844 2817/3130/2787 2816/3129/2786 2875/3196/2845
f 2813/3126/2783 2876/3197/2846 2875/3196/2845 2816/3129/2786
f 2876/3197/2846 2869/3190/2839 2871/3192/2841 2875/3196/2845
f 2864/3185/2834 2867/3188/2837 2877/3198/2847 2878/3199/2848
f 2867/3188/2837 2869/3190/2839 2876/3197/2846 2877/3198/2847
f 2813/3126/2783 2812/3125/2782 2877/3198/2847 2876/3197/2846
f 2812/3125/2782 2807/3120/2777 2878/3199/2848 2877/3198/2847
f 2879/3200/2849 2880/3201/2850 2881/3202/2851 2882/3203/2852
f 2880/3201/2850 2768/3071/2738 2767/3070/2737 2881/3202/2851
f 2764/3067/2734 2883/3204/2853 2881/3202/2851 2767/3070/2737
f 2883/3204/2853 2884/3205/2854 2882/3203/2852 2881/3202/2851
f 2884/3205/2854 2883/3204/2853 2885/3206/2855 2886/3207/2856
f 2883/3204/2853 2764/3067/2734 2763/3066/2733 2885/3206/2855
f 2762/3065/2732 2887/3208/2857 2885/3206/2855 2763/3066/2733
f 2887/3208/2857 2888/3209/2858 2886/3207/2856 2885/3206/2855
f 2888/3209/2858 2889/3210/2859 2890/3211/2860 2886/3207/2856
f 2889/3210/2859 2800/3111/2770 2835/3148/2805 2890/3211/2860
f 2830/3143/2800 2891/3212/2861 2890/3211/2860 2835/3148/2805
f 2891/3212/2861 2884/3205/2854 2886/3207/2856 2890/3211/2860
f 2884/3205/2854 2891/3212/2861 2892/3213/2862 2882/3203/2852
f 2891/3212/2861 2830/3143/2800 2829/3142/2799 2892/3213/2862
f 2828/3141/2798 2893/3214/2863 2892/3213/2862 2829/3142/2799
f 2893/3214/2863 2879/3200/2849 2882/3203/2852 2892/3213/2862
f 2873/3194/2843 2872/3193/2842 2894/3215/2864 2895/3216/2865
f 2872/3193/2842 2739/3042/2709 2784/3092/2754 2894/3215/2864
f 2782/3091/2752 2896/3217/2866 2894/3215/2864 2784/3092/2754
f 2896/3217/2866 2897/3218/2867 2895/3216/2865 2894/3215/2864
f 2897/3219/2867 2896/3220/2866 2898/3221/2868 2899/3222/2869
f 2896/3220/2866 2782/3088/2752 2781/3087/2751 2898/3221/2868
f 2768/3071/2738 2880/3201/2850 2898/3221/2868 2781/3087/2751
f 2880/3201/2850 2879/3200/2849 2899/3222/2869 2898/3221/2868
f 2879/3200/2849 2893/3214/2863 2900/3223/2870 2899/3222/2869
f 2893/3214/2863 2828/3141/2798 2848/3164/2818 2900/3223/2870
f 2843/3163/2813 2901/3224/2871 2900/3223/2870 2848/3164/2818
f 2901/3224/2871 2897/3219/2867 2899/3222/2869 2900/3223/2870
f 2897/3218/2867 2901/3225/2871 2902/3226/2872 2895/3216/2865
f 2901/3225/2871 2843/3156/2813 2842/3155/2812 2902/3226/2872
f 2817/3130/2787 2874/3195/2844 2902/3226/2872 2842/3155/2812
f 2874/3195/2844 2873/3194/2843 2895/3216/2865 2902/3226/2872
f 2903/3227/2873 2904/3228/2874 2905/3229/2875 2906/3230/2876
f 2904/3228/2874 2864/3185/2834 2878/3199/2848 2905/3229/2875
f 2807/3120/2777 2806/3119/2776 2905/3229/2875 2878/3199/2848
f 2806/3119/2776 2802/3118/2772 2906/3230/2876 2905/3229/2875
f 2888/3209/2858 2907/3231/2877 2908/3232/2878 2889/3210/2859
f 2907/3231/2877 2903/3233/2873 2906/3234/2876 2908/3232/2878
f 2802/3113/2772 2801/3112/2771 2908/3232/2878 2906/3234/2876
f 2801/3112/2771 2800/3111/2770 2889/3210/2859 2908/3232/2878
f 2903/3233/2873 2907/3231/2877 2909/3235/2879 2910/3236/2880
f 2907/3231/2877 2888/3209/2858 2887/3208/2857 2909/3235/2879
f 2762/3065/2732 2860/3180/2830 2909/3235/2879 2887/3208/2857
f 2860/3180/2830 2857/3179/2827 2910/3236/2880 2909/3235/2879
f 2864/3185/2834 2904/3228/2874 2911/3237/2881 2865/3186/2835
f 2904/3228/2874 2903/3227/2873 2910/3238/2880 2911/3237/2881
f 2857/3174/2827 2856/3173/2826 2911/3237/2881 2910/3238/2880
f 2856/3173/2826 2745/3048/2715 2865/3186/2835 2911/3237/2881
f 2634/2927/2604 2657/2950/2627 2912/3239/2882 2913/3240/2883
f 2657/2950/2627 2608/2896/2578 2607/2895/2577 2912/3239/2882
f 2604/2894/2574 2914/3241/2884 2912/3239/2882 2607/2895/2577
f 2914/3241/2884 2915/3242/2885 2913/3240/2883 2912/3239/2882
f 2915/3243/2885 2914/3244/2884 2916/3245/2886 2917/3246/2887
f 2914/3244/2884 2604/2890/2574 2603/2889/2573 2916/3245/2886
f 2602/2888/2572 2675/2968/2645 2916/3245/2886 2603/2889/2573
f 2675/2968/2645 2672/2965/2642 2917/3246/2887 2916/3245/2886
f 2672/2965/2642 2671/2964/2641 2918/3247/2888 2917/3246/2887
f 2671/2964/2641 2670/2963/2640 2795/3106/2765 2918/3247/2888
f 2792/3105/2762 2919/3248/2889 2918/3247/2888 2795/3106/2765
f 2919/3248/2889 2915/3243/2885 2917/3246/2887 2918/3247/2888
f 2915/3242/2885 2919/3249/2889 2920/3250/2890 2913/3240/2883
f 2919/3249/2889 2792/3100/2762 2791/3099/2761 2920/3250/2890
f 2638/2931/2608 2635/2928/2605 2920/3250/2890 2791/3099/2761
f 2635/2928/2605 2634/2927/2604 2913/3240/2883 2920/3250/2890
f 2585/2868/2555 2609/2897/2579 2921/3251/2891 2922/3252/2892
f 2609/2897/2579 2608/2896/2578 2656/2949/2626 2921/3251/2891
f 2653/2946/2623 2923/3253/2893 2921/3251/2891 2656/2949/2626
f 2923/3253/2893 2924/3254/2894 2922/3252/2892 2921/3251/2891
f 2925/3255/2895 2926/3256/2896 2927/3257/2897 2928/3258/2898
f 2926/3256/2896 2924/3254/2894 2923/3253/2893 2927/3257/2897
f 2653/2946/2623 2652/2945/2622 2927/3257/2897 2923/3253/2893
f 2652/2945/2622 2651/2944/2621 2928/3258/2898 2927/3257/2897
f 2924/3254/2894 2926/3256/2896 2929/3259/2899 2930/3260/2900
f 2926/3256/2896 2925/3255/2895 2931/3261/2901 2929/3259/2899
f 2932/3262/2902 2933/3263/2903 2929/3259/2899 2931/3261/2901
f 2933/3263/2903 2934/3264/2904 2930/3260/2900 2929/3259/2899
f 2924/3254/2894 2930/3260/2900 2935/3265/2905 2922/3252/2892
f 2930/3260/2900 2934/3264/2904 2936/3266/2906 2935/3265/2905
f 2589/2872/2559 2586/2869/2556 2935/3265/2905 2936/3266/2906
f 2586/2869/2556 2585/2868/2555 2922/3252/2892 2935/3265/2905
f 2937/3267/2907 2938/3268/2908 2939/3269/2909 2940/3270/2910
f 2938/3268/2908 2941/3271/2911 2942/3272/2912 2939/3269/2909
f 2681/2974/2651 2680/2973/2650 2939/3269/2909 2942/3272/2912
f 2680/2973/2650 2677/2970/2647 2940/3270/2910 2939/3269/2909
f 2599/2885/2569 2943/3273/2913 2944/3274/2914 2600/2886/2570
f 2943/3273/2913 2937/3267/2907 2940/3270/2910 2944/3274/2914
f 2677/2970/2647 2676/2969/2646 2944/3274/2914 2940/3270/2910
f 2676/2969/2646 2602/2888/2572 2600/2886/2570 2944/3274/2914
f 2937/3267/2907 2943/3273/2913 2945/3275/2915 2946/3276/2916
f 2943/3273/2913 2599/2885/2569 2598/2884/2568 2945/3275/2915
f 2597/2883/2567 2947/3277/2917 2945/3275/2915 2598/2884/2568
f 2947/3277/2917 2948/3278/2918 2946/3276/2916 2945/3275/2915
f 2941/3271/2911 2938/3268/2908 2949/3279/2919 2950/3280/2920
f 2938/3268/2908 2937/3267/2907 2946/3276/2916 2949/3279/2919
f 2948/3278/2918 2951/3281/2921 2949/3279/2919 2946/3276/2916
f 2951/3281/2921 2952/3282/2922 2950/3280/2920 2949/3279/2919
f 2953/3283/2923 2954/3284/2924 2955/3285/2925 2956/3286/2926
f 2954/3284/2924 2925/3255/2895 2928/3258/2898 2955/3285/2925
f 2651/2944/2621 2696/2994/2666 2955/3285/2925 2928/3258/2898
f 2696/2994/2666 2694/2993/2664 2956/3286/2926 2955/3285/2925
f 2941/3271/2911 2957/3287/2927 2958/3288/2928 2942/3272/2912
f 2957/3287/2927 2953/3289/2923 2956/3290/2926 2958/3288/2928
f 2694/2990/2664 2693/2989/2663 2958/3288/2928 2956/3290/2926
f 2693/2989/2663 2681/2974/2651 2942/3272/2912 2958/3288/2928
f 2953/3289/2923 2957/3287/2927 2959/3291/2929 2960/3292/2930
f 2957/3287/2927 2941/3271/2911 2950/3280/2920 2959/3291/2929
f 2952/3282/2922 2961/3293/2931 2959/3291/2929 2950/3280/2920
f 2961/3293/2931 2962/3294/2932 2960/3292/2930 2959/3291/2929
f 2925/3255/2895 2954/3284/2924 2963/3295/2933 2931/3261/2901
f 2954/3284/2924 2953/3283/2923 2960/3296/2930 2963/3295/2933
f 2962/3297/2932 2964/3298/2934 2963/3295/2933 2960/3296/2930
f 2964/3298/2934 2932/3262/2902 2931/3261/2901 2963/3295/2933
f 2965/3299/2935 2966/3300/2936 2967/3301/2937 2968/3302/2938
f 2966/3300/2936 2969/3303/2939 2970/3304/2940 2967/3301/2937
f 2971/3305/2941 2972/3306/2942 2967/3301/2937 2970/3304/2940
f 2972/3306/2942 2973/3307/2943 2968/3302/2938 2967/3301/2937
f 2965/3299/2935 2968/3302/2938 2974/3308/2944 2975/3309/2945
f 2968/3302/2938 2973/3307/2943 2976/3310/2946 2974/3308/2944
f 2977/3311/2947 2978/3312/2948 2974/3308/2944 2976/3310/2946
f 2978/3312/2948 2979/3313/2949 2975/3309/2945 2974/3308/2944
f 2979/3313/2949 2980/3314/2950 2981/3315/2951 2975/3309/2945
f 2980/3314/2950 2982/3316/2952 2983/3317/2953 2981/3315/2951
f 2984/3318/2954 2985/3319/2955 2981/3315/2951 2983/3317/2953
f 2985/3319/2955 2965/3299/2935 2975/3309/2945 2981/3315/2951
f 2969/3303/2939 2966/3300/2936 2986/3320/2956 2987/3321/2957
f 2966/3300/2936 2965/3299/2935 2985/3319/2955 2986/3320/2956
f 2984/3318/2954 2988/3322/2958 2986/3320/2956 2985/3319/2955
f 2988/3322/2958 2720/3023/2690 2987/3321/2957 2986/3320/2956
f 2989/3323/2959 2990/3324/2960 2991/3325/2961 2992/3326/2962
f 2990/3324/2960 2993/3327/2963 2994/3328/2964 2991/3325/2961
f 2995/3329/2965 2996/3330/2966 2991/3325/2961 2994/3328/2964
f 2996/3330/2966 2997/3331/2967 2992/3326/2962 2991/3325/2961
f 2998/3332/2968 2999/3333/2969 3000/3334/2970 3001/3335/2971
f 2999/3333/2969 2989/3323/2959 2992/3326/2962 3000/3334/2970
f 2997/3331/2967 3002/3336/2972 3000/3334/2970 2992/3326/2962
f 3002/3336/2972 3003/3337/2973 3001/3335/2971 3000/3334/2970
f 2989/3323/2959 2999/3333/2969 3004/3338/2974 3005/3339/2975
f 2999/3333/2969 2998/3332/2968 3006/3340/2976 3004/3338/2974
f 2715/3016/2685 3007/3341/2977 3004/3338/2974 3006/3340/2976
f 3007/3341/2977 3008/3342/2978 3005/3339/2975 3004/3338/2974
f 2989/3323/2959 3005/3339/2975 3009/3343/2979 2990/3324/2960
f 3005/3339/2975 3008/3342/2978 3010/3344/2980 3009/3343/2979
f 3011/3345/2981 3012/3346/2982 3009/3343/2979 3010/3344/2980
f 3012/3346/2982 2993/3327/2963 2990/3324/2960 3009/3343/2979
f 2979/3313/2949 2978/3312/2948 3013/3347/2983 3014/3348/2984
f 2978/3312/2948 2977/3311/2947 3015/3349/2985 3013/3347/2983
f 3016/3350/2986 3017/3351/2987 3013/3347/2983 3015/3349/2985
f 3017/3351/2987 3018/3352/2988 3014/3348/2984 3013/3347/2983
f 3018/3353/2988 3017/3354/2987 3019/3355/2989 3020/3356/2990
f 3017/3354/2987 3016/3357/2986 3021/3358/2991 3019/3355/2989
f 2995/3329/2965 2994/3328/2964 3019/3355/2989 3021/3358/2991
f 2994/3328/2964 2993/3327/2963 3020/3356/2990 3019/3355/2989
f 2993/3327/2963 3012/3346/2982 3022/3359/2992 3020/3356/2990
f 3012/3346/2982 3011/3345/2981 3023/3360/2993 3022/3359/2992
f 3024/3361/2994 3025/3362/2995 3022/3359/2992 3023/3360/2993
f 3025/3362/2995 3018/3353/2988 3020/3356/2990 3022/3359/2992
f 3018/3352/2988 3025/3363/2995 3026/3364/2996 3014/3348/2984
f 3025/3363/2995 3024/3365/2994 3027/3366/2997 3026/3364/2996
f 2982/3316/2952 2980/3314/2950 3026/3364/2996 3027/3366/2997
f 2980/3314/2950 2979/3313/2949 3014/3348/2984 3026/3364/2996
f 3028/3367/2998 3029/3368/2999 3030/3369/3000 3031/3370/3001
f 3029/3368/2999 3032/3371/3002 3033/3372/3003 3030/3369/3000
f 2971/3305/2941 3034/3373/3004 3030/3369/3000 3033/3372/3003
f 3034/3373/3004 3035/3374/3005 3031/3370/3001 3030/3369/3000
f 3028/3375/2998 3031/3376/3001 3036/3377/3006 3037/3378/3007
f 3031/3376/3001 3035/3379/3005 3038/3380/3008 3036/3377/3006
f 3003/3337/2973 3039/3381/3009 3036/3377/3006 3038/3380/3008
f 3039/3381/3009 3040/3382/3010 3037/3378/3007 3036/3377/3006
f 3040/3382/3010 3041/3383/3011 3042/3384/3012 3037/3378/3007
f 3041/3383/3011 2563/2841/2533 3043/3385/3013 3042/3384/3012
f 3044/3386/3014 3045/3387/3015 3042/3384/3012 3043/3385/3013
f 3045/3387/3015 3028/3375/2998 3037/3378/3007 3042/3384/3012
f 3032/3371/3002 3029/3368/2999 3046/3388/3016 3047/3389/3017
f 3029/3368/2999 3028/3367/2998 3045/3390/3015 3046/3388/3016
f 3044/3391/3014 3048/3392/3018 3046/3388/3016 3045/3390/3015
f 3048/3392/3018 2538/2816/2508 3047/3389/3017 3046/3388/3016
f 3049/3393/3019 3050/3394/3020 3051/3395/3021 3052/3396/3022
f 3050/3394/3020 3032/3371/3002 3047/3389/3017 3051/3395/3021
f 2538/2816/2508 2537/2815/2507 3051/3395/3021 3047/3389/3017
f 2537/2815/2507 2534/2812/2504 3052/3396/3022 3051/3395/3021
f 3049/3393/3019 3052/3396/3022 3053/3397/3023 3054/3398/3024
f 3052/3396/3022 2534/2812/2504 2533/2811/2503 3053/3397/3023
f 2532/2810/2502 3055/3399/3025 3053/3397/3023 2533/2811/2503
f 3055/3399/3025 3056/3400/3026 3054/3398/3024 3053/3397/3023
f 3056/3400/3026 3057/3401/3027 3058/3402/3028 3054/3398/3024
f 3057/3401/3027 2977/3311/2947 2976/3310/2946 3058/3402/3028
f 2973/3307/2943 3059/3403/3029 3058/3402/3028 2976/3310/2946
f 3059/3403/3029 3049/3393/3019 3054/3398/3024 3058/3402/3028
f 3032/3371/3002 3050/3394/3020 3060/3404/3030 3033/3372/3003
f 3050/3394/3020 3049/3393/3019 3059/3403/3029 3060/3404/3030
f 2973/3307/2943 2972/3306/2942 3060/3404/3030 3059/3403/3029
f 2972/3306/2942 2971/3305/2941 3033/3372/3003 3060/3404/3030
f 3061/3405/3031 3062/3406/3032 3063/3407/3033 3064/3408/3034
f 3062/3406/3032 3065/3409/3035 3066/3410/3036 3063/3407/3033
f 2568/2846/2538 2567/2845/2537 3063/3407/3033 3066/3410/3036
f 2567/2845/2537 2565/2843/2535 3064/3408/3034 3063/3407/3033
f 3061/3405/3031 3064/3408/3034 3067/3411/3037 3068/3412/3038
f 3064/3408/3034 2565/2843/2535 2564/2842/2534 3067/3411/3037
f 2563/2841/2533 3041/3383/3011 3067/3411/3037 2564/2842/2534
f 3041/3383/3011 3040/3382/3010 3068/3412/3038 3067/3411/3037
f 3040/3382/3010 3039/3381/3009 3069/3413/3039 3068/3412/3038
f 3039/3381/3009 3003/3337/2973 3002/3336/2972 3069/3413/3039
f 2997/3331/2967 3070/3414/3040 3069/3413/3039 3002/3336/2972
f 3070/3414/3040 3061/3405/3031 3068/3412/3038 3069/3413/3039
f 3065/3409/3035 3062/3406/3032 3071/3415/3041 3072/3416/3042
f 3062/3406/3032 3061/3405/3031 3070/3414/3040 3071/3415/3041
f 2997/3331/2967 2996/3330/2966 3071/3415/3041 3070/3414/3040
f 2996/3330/2966 2995/3329/2965 3072/3416/3042 3071/3415/3041
f 3056/3400/3026 3055/3399/3025 3073/3417/3043 3074/3418/3044
f 3055/3399/3025 2532/2810/2502 2584/2867/2554 3073/3417/3043
f 2582/2866/2552 3075/3419/3045 3073/3417/3043 2584/2867/2554
f 3075/3419/3045 3076/3420/3046 3074/3418/3044 3073/3417/3043
f 3065/3409/3035 3077/3421/3047 3078/3422/3048 3066/3410/3036
f 3077/3421/3047 3076/3423/3046 3075/3424/3045 3078/3422/3048
f 2582/2863/2552 2581/2862/2551 3078/3422/3048 3075/3424/3045
f 2581/2862/2551 2568/2846/2538 3066/3410/3036 3078/3422/3048
f 3076/3423/3046 3077/3421/3047 3079/3425/3049 3080/3426/3050
f 3077/3421/3047 3065/3409/3035 3072/3416/3042 3079/3425/3049
f 2995/3329/2965 3021/3358/2991 3079/3425/3049 3072/3416/3042
f 3021/3358/2991 3016/3357/2986 3080/3426/3050 3079/3425/3049
f 3076/3420/3046 3080/3427/3050 3081/3428/3051 3074/3418/3044
f 3080/3427/3050 3016/3350/2986 3015/3349/2985 3081/3428/3051
f 2977/3311/2947 3057/3401/3027 3081/3428/3051 3015/3349/2985
f 3057/3401/3027 3056/3400/3026 3074/3418/3044 3081/3428/3051
f 2540/2818/2510 2539/2817/2509 3082/3429/3052 3083/3430/3053
f 2539/2817/2509 2538/2816/2508 3048/3392/3018 3082/3429/3052
f 3044/3391/3014 3084/3431/3054 3082/3429/3052 3048/3392/3018
f 3084/3431/3054 3085/3432/3055 3083/3430/3053 3082/3429/3052
f 3085/3433/3055 3084/3434/3054 3086/3435/3056 3087/3436/3057
f 3084/3434/3054 3044/3386/3014 3043/3385/3013 3086/3435/3056
f 2563/2841/2533 2562/2840/2532 3086/3435/3056 3043/3385/3013
f 2562/2840/2532 2554/2832/2524 3087/3436/3057 3086/3435/3056
f 3085/3433/3055 3087/3436/3057 3088/3437/3058 3089/3438/3059
f 3087/3436/3057 2554/2832/2524 2557/2835/2527 3088/3437/3058
f 2559/2837/2529 3090/3439/3060 3088/3437/3058 2557/2835/2527
f 3090/3439/3060 3091/3440/3061 3089/3438/3059 3088/3437/3058
f 3093/3441/3062 3094/3442/3063 3095/3443/3064 3096/3444/3065
f 3094/3442/3063 2969/3303/2939 2987/3321/2957 3095/3443/3064
f 2720/3023/2690 2719/3022/2689 3095/3443/3064 2987/3321/2957
f 2719/3022/2689 2717/3021/2687 3096/3444/3065 3095/3443/3064
f 2998/3332/2968 3097/3445/3066 3098/3446/3067 3006/3340/2976
f 3097/3445/3066 3093/3447/3062 3096/3448/3065 3098/3446/3067
f 2717/3018/2687 2716/3017/2686 3098/3446/3067 3096/3448/3065
f 2716/3017/2686 2715/3016/2685 3006/3340/2976 3098/3446/3067
f 3093/3447/3062 3097/3445/3066 3099/3449/3068 3100/3450/3069
f 3097/3445/3066 2998/3332/2968 3001/3335/2971 3099/3449/3068
f 3003/3337/2973 3038/3380/3008 3099/3449/3068 3001/3335/2971
f 3038/3380/3008 3035/3379/3005 3100/3450/3069 3099/3449/3068
f 2969/3303/2939 3094/3442/3063 3101/3451/3070 2970/3304/2940
f 3094/3442/3063 3093/3441/3062 3100/3452/3069 3101/3451/3070
f 3035/3374/3005 3034/3373/3004 3101/3451/3070 3100/3452/3069
f 3034/3373/3004 2971/3305/2941 2970/3304/2940 3101/3451/3070
f 2697/2995/2667 2721/3024/2691 3102/3453/3071 3103/3454/3072
f 2721/3024/2691 2720/3023/2690 2988/3322/2958 3102/3453/3071
f 2984/3318/2954 3104/3455/3073 3102/3453/3071 2988/3322/2958
f 3104/3455/3073 3105/3456/3074 3103/3454/3072 3102/3453/3071
f 3105/3456/3074 3104/3455/3073 3106/3457/3075 3107/3458/3076
f 3104/3455/3073 2984/3318/2954 2983/3317/2953 3106/3457/3075
f 2982/3316/2952 3108/3459/3077 3106/3457/3075 2983/3317/2953
f 3108/3459/3077 3109/3460/3078 3107/3458/3076 3106/3457/3075
f 3105/3456/3074 3107/3458/3076 3110/3461/3079 3111/3462/3080
f 3107/3458/3076 3109/3460/3078 3112/3463/3081 3110/3461/3079
f 2735/3038/2705 2734/3037/2704 3110/3461/3079 3112/3463/3081
f 2734/3037/2704 2727/3030/2697 3111/3462/3080 3110/3461/3079
f 3105/3456/3074 3111/3462/3080 3113/3464/3082 3103/3454/3072
f 3111/3462/3080 2727/3030/2697 2726/3029/2696 3113/3464/3082
f 2701/2999/2671 2698/2996/2668 3113/3464/3082 2726/3029/2696
f 2698/2996/2668 2697/2995/2667 3103/3454/3072 3113/3464/3082
f 3114/3465/3083 3115/3466/3084 3116/3467/3085 3117/3468/3086
f 3115/3466/3084 3011/3345/2981 3010/3344/2980 3116/3467/3085
f 3008/3342/2978 3118/3469/3087 3116/3467/3085 3010/3344/2980
f 3118/3469/3087 3119/3470/3088 3117/3468/3086 3116/3467/3085
f 2711/3012/2681 3120/3471/3089 3121/3472/3090 2714/3015/2684
f 3120/3471/3089 3119/3470/3088 3118/3469/3087 3121/3472/3090
f 3008/3342/2978 3007/3341/2977 3121/3472/3090 3118/3469/3087
f 3007/3341/2977 2715/3016/2685 2714/3015/2684 3121/3472/3090
f 3119/3470/3088 3120/3471/3089 3122/3473/3091 3123/3474/3092
f 3120/3471/3089 2711/3012/2681 2710/3011/2680 3122/3473/3091
f 2709/3010/2679 2757/3060/2727 3122/3473/3091 2710/3011/2680
f 2757/3060/2727 2752/3055/2722 3123/3474/3092 3122/3473/3091
f 3119/3470/3088 3123/3474/3092 3124/3475/3093 3117/3468/3086
f 3123/3474/3092 2752/3055/2722 2751/3054/2721 3124/3475/3093
f 2750/3053/2720 3125/3476/3094 3124/3475/3093 2751/3054/2721
f 3125/3476/3094 3114/3465/3083 3117/3468/3086 3124/3475/3093
f 3109/3460/3078 3108/3459/3077 3126/3477/3095 3127/3478/3096
f 3108/3459/3077 2982/3316/2952 3027/3366/2997 3126/3477/3095
f 3024/3365/2994 3128/3479/3097 3126/3477/3095 3027/3366/2997
f 3128/3479/3097 3129/3480/3098 3127/3478/3096 3126/3477/3095
f 3129/3481/3098 3128/3482/3097 3130/3483/3099 3131/3484/3100
f 3128/3482/3097 3024/3361/2994 3023/3360/2993 3130/3483/3099
f 3011/3345/2981 3115/3466/3084 3130/3483/3099 3023/3360/2993
f 3115/3466/3084 3114/3465/3083 3131/3484/3100 3130/3483/3099
f 3129/3481/3098 3131/3484/3100 3132/3485/3101 3133/3486/3102
f 3131/3484/3100 3114/3465/3083 3125/3476/3094 3132/3485/3101
f 2750/3053/2720 2778/3084/2748 3132/3485/3101 3125/3476/3094
f 2778/3084/2748 2775/3083/2745 3133/3486/3102 3132/3485/3101
f 3109/3460/3078 3127/3478/3096 3134/3487/3103 3112/3463/3081
f 3127/3478/3096 3129/3480/3098 3133/3488/3102 3134/3487/3103
f 2775/3078/2745 2774/3077/2744 3134/3487/3103 3133/3488/3102
f 2774/3077/2744 2735/3038/2705 3112/3463/3081 3134/3487/3103
f 3136/3489/3104 2520/2798/2490 2542/2820/2512 3137/3490/3105
f 2524/2802/2494 2521/2799/2491 3144/3491/3106 3145/3492/3107
f 2521/2799/2491 2520/2798/2490 3136/3489/3104 3144/3491/3106
f 2575/2853/2545 2574/2852/2544 3146/3493/3108 3147/3494/3109
f 2574/2852/2544 2524/2802/2494 3145/3492/3107 3146/3493/3108
f 3143/3495/3110 3148/3496/3111 3146/3493/3108 3145/3492/3107
f 3148/3496/3111 3149/3497/3112 3147/3494/3109 3146/3493/3108
f 3150/3498/3113 3151/3499/3114 3152/3500/3115 3153/3501/3116
f 3151/3499/3114 3149/3497/3112 3148/3496/3111 3152/3500/3115
f 3149/3502/3112 3151/3503/3114 3154/3504/3117 3155/3505/3118
f 3151/3503/3114 3150/3506/3113 3156/3507/3119 3154/3504/3117
f 3157/3508/3120 3158/3509/3121 3154/3504/3117 3156/3507/3119
f 3158/3509/3121 3159/3510/3122 3155/3505/3118 3154/3504/3117
f 2575/2858/2545 3147/3511/3109 3160/3512/3123 2578/2859/2548
f 3147/3511/3109 3149/3502/3112 3155/3505/3118 3160/3512/3123
f 3159/3510/3122 3161/3513/3124 3160/3512/3123 3155/3505/3118
f 3161/3513/3124 2549/2827/2519 2578/2859/2548 3160/3512/3123
f 3162/3514/3125 3163/3515/3126 3164/3516/3127 3165/3517/3128
f 3163/3515/3126 2551/2829/2521 2550/2828/2520 3164/3516/3127
f 2549/2827/2519 3161/3513/3124 3164/3516/3127 2550/2828/2520
f 3161/3513/3124 3159/3510/3122 3165/3517/3128 3164/3516/3127
f 3162/3514/3125 3165/3517/3128 3166/3518/3129 3167/3519/3130
f 3165/3517/3128 3159/3510/3122 3158/3509/3121 3166/3518/3129
f 3157/3508/3120 3168/3520/3131 3166/3518/3129 3158/3509/3121
f 3168/3520/3131 3169/3521/3132 3167/3519/3130 3166/3518/3129
f 3169/3521/3132 3170/3522/3133 3171/3523/3134 3167/3519/3130
f 3170/3522/3133 3172/3524/3135 3173/3525/3136 3171/3523/3134
f 3174/3526/3137 3175/3527/3138 3171/3523/3134 3173/3525/3136
f 3175/3527/3138 3162/3514/3125 3167/3519/3130 3171/3523/3134
f 3162/3514/3125 3175/3527/3138 3176/3528/3139 3163/3515/3126
f 3175/3527/3138 3174/3526/3137 3177/3529/3140 3176/3528/3139
f 2559/2837/2529 2558/2836/2528 3176/3528/3139 3177/3529/3140
f 2558/2836/2528 2551/2829/2521 3163/3515/3126 3176/3528/3139
f 3091/3440/3061 3090/3439/3060 3178/3530/3141 3179/3531/3142
f 3090/3439/3060 2559/2837/2529 3177/3529/3140 3178/3530/3141
f 3174/3526/3137 3180/3532/3143 3178/3530/3141 3177/3529/3140
f 3091/3533/3061 3179/3534/3142 3183/3535/3144 3092/3536/3145
f 3188/3537/3146 3189/3538/3147 3185/3539/3148 3187/3540/3149
f 3189/3538/3147 3190/3541/3150 3186/3542/3151 3185/3539/3148
f 3186/3542/3151 3190/3541/3150 3193/3543/3152 3191/3544/3153
f 3194/3545/3154 3195/3546/3155 3191/3544/3153 3193/3543/3152
f 3195/3546/3155 3196/3547/3156 3192/3548/3157 3191/3544/3153
f 3200/3549/3158 3201/3550/3159 3202/3551/3160 3203/3552/3161
f 3201/3550/3159 3197/3553/3162 3199/3554/3163 3202/3551/3160
f 3196/3547/3156 3195/3546/3155 3202/3551/3160 3199/3554/3163
f 3195/3546/3155 3194/3545/3154 3203/3552/3161 3202/3551/3160
f 3197/3555/3162 3201/3556/3159 3204/3557/3164 3205/3558/3165
f 3201/3556/3159 3200/3559/3158 3206/3560/3166 3204/3557/3164
f 3207/3561/3167 3208/3562/3168 3204/3557/3164 3206/3560/3166
f 3208/3562/3168 3209/3563/3169 3205/3558/3165 3204/3557/3164
f 3169/3521/3132 3168/3520/3131 3211/3564/3170 3212/3565/3171
f 3168/3520/3131 3157/3508/3120 3210/3566/3172 3211/3564/3170
f 3209/3563/3169 3213/3567/3173 3211/3564/3170 3210/3566/3172
f 3213/3567/3173 3214/3568/3174 3212/3565/3171 3211/3564/3170
f 3215/3569/3175 3216/3570/3176 3217/3571/3177 3218/3572/3178
f 3216/3570/3176 3214/3568/3174 3213/3567/3173 3217/3571/3177
f 3209/3563/3169 3208/3562/3168 3217/3571/3177 3213/3567/3173
f 3208/3562/3168 3207/3561/3167 3218/3572/3178 3217/3571/3177
f 3215/3569/3175 3219/3573/3179 3220/3574/3180 3216/3570/3176
f 3219/3573/3179 3221/3575/3181 3222/3576/3182 3220/3574/3180
f 3223/3577/3183 3224/3578/3184 3220/3574/3180 3222/3576/3182
f 3224/3578/3184 3214/3568/3174 3216/3570/3176 3220/3574/3180
f 3214/3568/3174 3224/3578/3184 3225/3579/3185 3212/3565/3171
f 3170/3522/3133 3169/3521/3132 3212/3565/3171 3225/3579/3185
f 3221/3575/3181 3228/3580/3186 3226/3581/3187 3222/3576/3182
f 3228/3580/3186 3229/3582/3188 3227/3583/3189 3226/3581/3187
f 3231/3584/3190 3232/3585/3191 3233/3586/3192 3234/3587/3193
f 3232/3585/3191 3194/3545/3154 3193/3543/3152 3233/3586/3192
f 3190/3541/3150 3235/3588/3194 3233/3586/3192 3193/3543/3152
f 3235/3588/3194 3236/3589/3195 3234/3587/3193 3233/3586/3192
f 3237/3590/3196 3238/3591/3197 3239/3592/3198 3240/3593/3199
f 3238/3591/3197 3236/3589/3195 3235/3588/3194 3239/3592/3198
f 3190/3541/3150 3189/3538/3147 3239/3592/3198 3235/3588/3194
f 3189/3538/3147 3188/3537/3146 3240/3593/3199 3239/3592/3198
f 3236/3589/3195 3238/3591/3197 3241/3594/3200 3242/3595/3201
f 3238/3591/3197 3237/3590/3196 3243/3596/3202 3241/3594/3200
f 3244/3597/3203 3245/3598/3204 3241/3594/3200 3243/3596/3202
f 3245/3598/3204 3246/3599/3205 3242/3595/3201 3241/3594/3200
f 3236/3589/3195 3242/3595/3201 3247/3600/3206 3234/3587/3193
f 3242/3595/3201 3246/3599/3205 3248/3601/3207 3247/3600/3206
f 3249/3602/3208 3250/3603/3209 3247/3600/3206 3248/3601/3207
f 3250/3603/3209 3231/3584/3190 3234/3587/3193 3247/3600/3206
f 3251/3604/3210 3252/3605/3211 3253/3606/3212 3254/3607/3213
f 3252/3605/3211 3207/3561/3167 3206/3560/3166 3253/3606/3212
f 3200/3559/3158 3255/3608/3214 3253/3606/3212 3206/3560/3166
f 3255/3608/3214 3256/3609/3215 3254/3607/3213 3253/3606/3212
f 3256/3610/3215 3255/3611/3214 3257/3612/3216 3258/3613/3217
f 3255/3611/3214 3200/3549/3158 3203/3552/3161 3257/3612/3216
f 3194/3545/3154 3232/3585/3191 3257/3612/3216 3203/3552/3161
f 3232/3585/3191 3231/3584/3190 3258/3613/3217 3257/3612/3216
f 3256/3610/3215 3258/3613/3217 3259/3614/3218 3260/3615/3219
f 3258/3613/3217 3231/3584/3190 3250/3603/3209 3259/3614/3218
f 3249/3602/3208 3261/3616/3220 3259/3614/3218 3250/3603/3209
f 3261/3616/3220 3262/3617/3221 3260/3615/3219 3259/3614/3218
f 3251/3604/3210 3254/3607/3213 3263/3618/3222 3264/3619/3223
f 3254/3607/3213 3256/3609/3215 3260/3620/3219 3263/3618/3222
f 3262/3621/3221 3265/3622/3224 3263/3618/3222 3260/3620/3219
f 3265/3622/3224 3266/3623/3225 3264/3619/3223 3263/3618/3222
f 3267/3624/3226 3268/3625/3227 3269/3626/3228 3270/3627/3229
f 3268/3625/3227 3221/3575/3181 3219/3573/3179 3269/3626/3228
f 3215/3569/3175 3271/3628/3230 3269/3626/3228 3219/3573/3179
f 3271/3628/3230 3272/3629/3231 3270/3627/3229 3269/3626/3228
f 3251/3604/3210 3273/3630/3232 3274/3631/3233 3252/3605/3211
f 3273/3630/3232 3272/3629/3231 3271/3628/3230 3274/3631/3233
f 3215/3569/3175 3218/3572/3178 3274/3631/3233 3271/3628/3230
f 3218/3572/3178 3207/3561/3167 3252/3605/3211 3274/3631/3233
f 3272/3629/3231 3273/3630/3232 3275/3632/3234 3276/3633/3235
f 3273/3630/3232 3251/3604/3210 3264/3619/3223 3275/3632/3234
f 3266/3623/3225 3277/3634/3236 3275/3632/3234 3264/3619/3223
f 3277/3634/3236 3278/3635/3237 3276/3633/3235 3275/3632/3234
f 3272/3629/3231 3276/3633/3235 3279/3636/3238 3270/3627/3229
f 3276/3633/3235 3278/3635/3237 3280/3637/3239 3279/3636/3238
f 3281/3638/3240 3282/3639/3241 3279/3636/3238 3280/3637/3239
f 3282/3639/3241 3267/3624/3226 3270/3627/3229 3279/3636/3238
f 3283/3640/3242 3284/3641/3243 3285/3642/3244 3286/3643/3245
f 3284/3641/3243 3237/3590/3196 3240/3593/3199 3285/3642/3244
f 3188/3537/3146 3230/3644/3246 3285/3642/3244 3240/3593/3199
f 3230/3644/3246 3229/3645/3188 3286/3643/3245 3285/3642/3244
f 3267/3624/3226 3287/3646/3247 3288/3647/3248 3268/3625/3227
f 3287/3646/3247 3283/3648/3242 3286/3649/3245 3288/3647/3248
f 3229/3582/3188 3228/3580/3186 3288/3647/3248 3286/3649/3245
f 3228/3580/3186 3221/3575/3181 3268/3625/3227 3288/3647/3248
f 3267/3624/3226 3282/3639/3241 3289/3650/3249 3287/3646/3247
f 3282/3639/3241 3281/3638/3240 3290/3651/3250 3289/3650/3249
f 3291/3652/3251 3292/3653/3252 3289/3650/3249 3290/3651/3250
f 3292/3653/3252 3283/3648/3242 3287/3646/3247 3289/3650/3249
f 3283/3640/3242 3292/3654/3252 3293/3655/3253 3284/3641/3243
f 3292/3654/3252 3291/3656/3251 3294/3657/3254 3293/3655/3253
f 3244/3597/3203 3243/3596/3202 3293/3655/3253 3294/3657/3254
f 3243/3596/3202 3237/3590/3196 3284/3641/3243 3293/3655/3253
f 3295/3658/3255 3296/3659/3256 3297/3660/3257 3298/3661/3258
f 3296/3659/3256 3299/3662/3259 3300/3663/3260 3297/3660/3257
f 3301/3664/3261 3302/3665/3262 3297/3660/3257 3300/3663/3260
f 3302/3665/3262 3303/3666/3263 3298/3661/3258 3297/3660/3257
f 3305/3667/3264 3303/3666/3263 3302/3665/3262 3306/3668/3265
f 3301/3664/3261 3307/3669/3266 3306/3668/3265 3302/3665/3262
f 3303/3666/3263 3305/3667/3264 3309/3670/3267 3310/3671/3268
f 3305/3667/3264 3304/3672/3269 3311/3673/3270 3309/3670/3267
f 2614/2902/2584 2611/2899/2581 3309/3670/3267 3311/3673/3270
f 2611/2899/2581 2610/2898/2580 3310/3671/3268 3309/3670/3267
f 3303/3666/3263 3310/3671/3268 3312/3674/3271 3298/3661/3258
f 3310/3671/3268 2610/2898/2580 2631/2922/2601 3312/3674/3271
f 2633/2926/2603 3313/3675/3272 3312/3674/3271 2631/2922/2601
f 3313/3675/3272 3295/3658/3255 3298/3661/3258 3312/3674/3271
f 3314/3676/3273 3315/3677/3274 3316/3678/3275 3317/3679/3276
f 3315/3677/3274 3318/3680/3277 3319/3681/3278 3316/3678/3275
f 3320/3682/3279 3321/3683/3280 3316/3678/3275 3319/3681/3278
f 3321/3683/3280 3322/3684/3281 3317/3679/3276 3316/3678/3275
f 3322/3685/3281 3321/3686/3280 3323/3687/3282 3324/3688/3283
f 3321/3686/3280 3320/3689/3279 3325/3690/3284 3323/3687/3282
f 3299/3662/3259 3296/3659/3256 3323/3687/3282 3325/3690/3284
f 3296/3659/3256 3295/3658/3255 3324/3688/3283 3323/3687/3282
f 3322/3684/3281 3326/3691/3285 3327/3692/3286 3317/3679/3276
f 3326/3691/3285 2628/2919/2598 2627/2917/2596 3327/3692/3286
f 2626/2916/2595 3328/3693/3287 3327/3692/3286 2627/2917/2596
f 3328/3693/3287 3314/3676/3273 3317/3679/3276 3327/3692/3286
f 3329/3694/3288 3330/3695/3289 3331/3696/3290 3332/3697/3291
f 3330/3695/3289 3333/3698/3292 3334/3699/3293 3331/3696/3290
f 3335/3700/3294 3336/3701/3295 3331/3696/3290 3334/3699/3293
f 3336/3701/3295 3337/3702/3296 3332/3697/3291 3331/3696/3290
f 3314/3676/3273 3338/3703/3297 3339/3704/3298 3315/3677/3274
f 3338/3703/3297 3337/3702/3296 3336/3701/3295 3339/3704/3298
f 3335/3700/3294 3340/3705/3299 3339/3704/3298 3336/3701/3295
f 3340/3705/3299 3318/3680/3277 3315/3677/3274 3339/3704/3298
f 3337/3702/3296 3338/3703/3297 3341/3706/3300 3342/3707/3301
f 3338/3703/3297 3314/3676/3273 3328/3693/3287 3341/3706/3300
f 2626/2916/2595 2624/2915/2594 3341/3706/3300 3328/3693/3287
f 3337/3702/3296 3342/3707/3301 3343/3708/3302 3332/3697/3291
f 2623/2913/2592 3344/3709/3303 3343/3708/3302 2621/2914/2593
f 3344/3709/3303 3329/3694/3288 3332/3697/3291 3343/3708/3302
f 3345/3710/3304 3346/3711/3305 3347/3712/3306 3348/3713/3307
f 3329/3694/3288 3350/3714/3308 3351/3715/3309 3330/3695/3289
f 3350/3714/3308 3345/3716/3304 3348/3717/3307 3351/3715/3309
f 3349/3718/3310 3352/3719/3311 3351/3715/3309 3348/3717/3307
f 3352/3719/3311 3333/3698/3292 3330/3695/3289 3351/3715/3309
f 3345/3716/3304 3350/3714/3308 3353/3720/3312 3354/3721/3313
f 3350/3714/3308 3329/3694/3288 3344/3709/3303 3353/3720/3312
f 2623/2913/2592 2622/2912/2591 3353/3720/3312 3344/3709/3303
f 2622/2912/2591 2616/2911/2586 3354/3721/3313 3353/3720/3312
f 3345/3710/3304 3354/3722/3313 3355/3723/3314 3346/3711/3305
f 3354/3722/3313 2616/2904/2586 2615/2903/2585 3355/3723/3314
f 2614/2902/2584 3311/3673/3270 3355/3723/3314 2615/2903/2585
f 3311/3673/3270 3304/3672/3269 3346/3711/3305 3355/3723/3314
f 3356/3724/3315 3357/3725/3316 3358/3726/3317 3359/3727/3318
f 3357/3725/3316 3249/3602/3208 3248/3601/3207 3358/3726/3317
f 3246/3599/3205 3360/3728/3319 3358/3726/3317 3248/3601/3207
f 3360/3728/3319 3361/3729/3320 3359/3727/3318 3358/3726/3317
f 3362/3730/3321 3363/3731/3322 3364/3732/3323 3365/3733/3324
f 3363/3731/3322 3361/3729/3320 3360/3728/3319 3364/3732/3323
f 3246/3599/3205 3245/3598/3204 3364/3732/3323 3360/3728/3319
f 3245/3598/3204 3244/3597/3203 3365/3733/3324 3364/3732/3323
f 3361/3729/3320 3363/3731/3322 3366/3734/3325 3367/3735/3326
f 3363/3731/3322 3362/3730/3321 3368/3736/3327 3366/3734/3325
f 3308/3737/3328 3307/3669/3266 3366/3734/3325 3368/3736/3327
f 3307/3669/3266 3301/3664/3261 3367/3735/3326 3366/3734/3325
f 3361/3729/3320 3367/3735/3326 3369/3738/3329 3359/3727/3318
f 3367/3735/3326 3301/3664/3261 3300/3663/3260 3369/3738/3329
f 3299/3662/3259 3370/3739/3330 3369/3738/3329 3300/3663/3260
f 3370/3739/3330 3356/3724/3315 3359/3727/3318 3369/3738/3329
f 3371/3740/3331 3372/3741/3332 3373/3742/3333 3374/3743/3334
f 3372/3741/3332 3266/3623/3225 3265/3622/3224 3373/3742/3333
f 3262/3621/3221 3375/3744/3335 3373/3742/3333 3265/3622/3224
f 3375/3744/3335 3376/3745/3336 3374/3743/3334 3373/3742/3333
f 3376/3746/3336 3375/3747/3335 3377/3748/3337 3378/3749/3338
f 3375/3747/3335 3262/3617/3221 3261/3616/3220 3377/3748/3337
f 3249/3602/3208 3357/3725/3316 3377/3748/3337 3261/3616/3220
f 3357/3725/3316 3356/3724/3315 3378/3749/3338 3377/3748/3337
f 3356/3724/3315 3370/3739/3330 3379/3750/3339 3378/3749/3338
f 3370/3739/3330 3299/3662/3259 3325/3690/3284 3379/3750/3339
f 3320/3689/3279 3380/3751/3340 3379/3750/3339 3325/3690/3284
f 3380/3751/3340 3376/3746/3336 3378/3749/3338 3379/3750/3339
f 3376/3745/3336 3380/3752/3340 3381/3753/3341 3374/3743/3334
f 3380/3752/3340 3320/3682/3279 3319/3681/3278 3381/3753/3341
f 3318/3680/3277 3382/3754/3342 3381/3753/3341 3319/3681/3278
f 3382/3754/3342 3371/3740/3331 3374/3743/3334 3381/3753/3341
f 3383/3755/3343 3384/3756/3344 3385/3757/3345 3386/3758/3346
f 3384/3756/3344 3281/3638/3240 3280/3637/3239 3385/3757/3345
f 3278/3635/3237 3387/3759/3347 3385/3757/3345 3280/3637/3239
f 3387/3759/3347 3388/3760/3348 3386/3758/3346 3385/3757/3345
f 3371/3740/3331 3389/3761/3349 3390/3762/3350 3372/3741/3332
f 3389/3761/3349 3388/3760/3348 3387/3759/3347 3390/3762/3350
f 3278/3635/3237 3277/3634/3236 3390/3762/3350 3387/3759/3347
f 3277/3634/3236 3266/3623/3225 3372/3741/3332 3390/3762/3350
f 3388/3760/3348 3389/3761/3349 3391/3763/3351 3392/3764/3352
f 3389/3761/3349 3371/3740/3331 3382/3754/3342 3391/3763/3351
f 3318/3680/3277 3340/3705/3299 3391/3763/3351 3382/3754/3342
f 3340/3705/3299 3335/3700/3294 3392/3764/3352 3391/3763/3351
f 3388/3760/3348 3392/3764/3352 3393/3765/3353 3386/3758/3346
f 3392/3764/3352 3335/3700/3294 3334/3699/3293 3393/3765/3353
f 3333/3698/3292 3394/3766/3354 3393/3765/3353 3334/3699/3293
f 3394/3766/3354 3383/3755/3343 3386/3758/3346 3393/3765/3353
f 3362/3730/3321 3365/3733/3324 3395/3767/3355 3396/3768/3356
f 3365/3733/3324 3244/3597/3203 3294/3657/3254 3395/3767/3355
f 3291/3656/3251 3397/3769/3357 3395/3767/3355 3294/3657/3254
f 3397/3769/3357 3398/3770/3358 3396/3768/3356 3395/3767/3355
f 3398/3771/3358 3397/3772/3357 3399/3773/3359 3400/3774/3360
f 3397/3772/3357 3291/3652/3251 3290/3651/3250 3399/3773/3359
f 3281/3638/3240 3384/3756/3344 3399/3773/3359 3290/3651/3250
f 3384/3756/3344 3383/3755/3343 3400/3774/3360 3399/3773/3359
f 3383/3755/3343 3394/3766/3354 3401/3775/3361 3400/3774/3360
f 3394/3766/3354 3333/3698/3292 3352/3719/3311 3401/3775/3361
f 3349/3718/3310 3402/3776/3362 3401/3775/3361 3352/3719/3311
f 3402/3776/3362 3398/3771/3358 3400/3774/3360 3401/3775/3361
f 3362/3730/3321 3396/3768/3356 3403/3777/3363 3368/3736/3327
f 3396/3768/3356 3398/3770/3358 3402/3778/3362 3403/3777/3363
f 2962/3294/2932 2961/3293/2931 3404/3779/3364 3405/3780/3365
f 2961/3293/2931 2952/3282/2922 3406/3781/3366 3404/3779/3364
f 3407/3782/3367 3408/3783/3368 3404/3779/3364 3406/3781/3366
f 3408/3783/3368 3409/3784/3369 3405/3780/3365 3404/3779/3364
f 81/84/72 3410/3785/3370 3411/3786/3371 86/85/77
f 3410/3785/3370 3409/3787/3369 3408/3788/3368 3411/3786/3371
f 3407/3789/3367 3412/3790/3372 3411/3786/3371 3408/3788/3368
f 3412/3790/3372 87/86/78 86/85/77 3411/3786/3371
f 3409/3791/3369 3410/3792/3370 3413/3793/3373 3414/3794/3374
f 3410/3792/3370 81/77/72 80/76/71 3413/3793/3373
f 79/75/70 3415/3795/3375 3413/3793/3373 80/76/71
f 3415/3795/3375 3416/3796/3376 3414/3794/3374 3413/3793/3373
f 3409/3791/3369 3414/3794/3374 3417/3797/3377 3405/3798/3365
f 3414/3794/3374 3416/3796/3376 3418/3799/3378 3417/3797/3377
f 2932/3262/2902 2964/3298/2934 3417/3797/3377 3418/3799/3378
f 2964/3298/2934 2962/3297/2932 3405/3798/3365 3417/3797/3377
f 3419/3800/3379 3420/3801/3380 3421/3802/3381 3422/3803/3382
f 3420/3801/3380 2591/2874/2561 2590/2873/2560 3421/3802/3381
f 2589/2872/2559 3423/3804/3383 3421/3802/3381 2590/2873/2560
f 3423/3804/3383 3424/3805/3384 3422/3803/3382 3421/3802/3381
f 3419/3800/3379 3422/3803/3382 3425/3806/3385 3426/3807/3386
f 3422/3803/3382 3424/3805/3384 3427/3808/3387 3425/3806/3385
f 2048/2279/2027 2080/2315/2059 3425/3806/3385 3427/3808/3387
f 2080/2315/2059 2077/2314/2056 3426/3807/3386 3425/3806/3385
f 3419/3809/3379 3426/3810/3386 3428/3811/3388 3429/3812/3389
f 3426/3810/3386 2077/2310/2056 2076/2309/2055 3428/3811/3388
f 2068/2299/2047 3430/3813/3390 3428/3811/3388 2076/2309/2055
f 3430/3813/3390 3431/3814/3391 3429/3812/3389 3428/3811/3388
f 2591/2881/2561 3420/3815/3380 3432/3816/3392 2596/2882/2566
f 3420/3815/3380 3419/3809/3379 3429/3812/3389 3432/3816/3392
f 3431/3814/3391 3433/3817/3393 3432/3816/3392 3429/3812/3389
f 3433/3817/3393 2597/2883/2567 2596/2882/2566 3432/3816/3392
f 3434/3818/3394 3435/3819/3395 3436/3820/3396 3437/3821/3397
f 3435/3819/3395 1707/1892/1686 1706/1891/1685 3436/3820/3396
f 1705/1890/1684 3438/3822/3398 3436/3820/3396 1706/1891/1685
f 3438/3822/3398 3439/3823/3399 3437/3821/3397 3436/3820/3396
f 1203/1337/1186 3440/3824/3400 3441/3825/3401 1205/1338/1188
f 3440/3824/3400 3434/3818/3394 3437/3821/3397 3441/3825/3401
f 3439/3823/3399 3442/3826/3402 3441/3825/3401 3437/3821/3397
f 3442/3826/3402 1173/1302/1156 1205/1338/1188 3441/3825/3401
f 1203/1334/1186 1202/1333/1185 3443/3827/3403 3440/3828/3400
f 1202/1333/1185 1192/1321/1175 3444/3829/3404 3443/3827/3403
f 3445/3830/3405 3446/3831/3406 3443/3827/3403 3444/3829/3404
f 3446/3831/3406 3434/3832/3394 3440/3828/3400 3443/3827/3403
f 1707/1901/1686 3435/3833/3395 3447/3834/3407 1714/1902/1693
f 3435/3833/3395 3434/3832/3394 3446/3831/3406 3447/3834/3407
f 3445/3830/3405 3448/3835/3408 3447/3834/3407 3446/3831/3406
f 3448/3835/3408 1715/1903/1694 1714/1902/1693 3447/3834/3407
f 836/922/822 835/921/821 3449/3836/3409 3450/3837/3410
f 835/921/821 834/920/820 3451/3838/3411 3449/3836/3409
f 3452/3839/3412 3453/3840/3413 3449/3836/3409 3451/3838/3411
f 3453/3840/3413 3454/3841/3414 3450/3837/3410 3449/3836/3409
f 3454/3841/3414 3453/3840/3413 3455/3842/3415 3456/3843/3416
f 3453/3840/3413 3452/3839/3412 3457/3844/3417 3455/3842/3415
f 138/144/129 178/189/169 3455/3842/3415 3457/3844/3417
f 178/189/169 176/188/167 3456/3843/3416 3455/3842/3415
f 176/185/167 175/184/166 3458/3845/3418 3456/3846/3416
f 175/184/166 163/169/154 3459/3847/3419 3458/3845/3418
f 3460/3848/3420 3461/3849/3421 3458/3845/3418 3459/3847/3419
f 3461/3849/3421 3454/3850/3414 3456/3846/3416 3458/3845/3418
f 836/929/822 3450/3851/3410 3462/3852/3422 841/930/827
f 3450/3851/3410 3454/3850/3414 3461/3849/3421 3462/3852/3422
f 3460/3848/3420 3463/3853/3423 3462/3852/3422 3461/3849/3421
f 3463/3853/3423 842/931/828 841/930/827 3462/3852/3422
f 3439/3823/3399 3438/3822/3398 3464/3854/3424 3465/3855/3425
f 3438/3822/3398 1705/1890/1684 2052/2283/2031 3464/3854/3424
f 2050/2281/2029 3466/3856/3426 3464/3854/3424 2052/2283/2031
f 3466/3856/3426 3467/3857/3427 3465/3855/3425 3464/3854/3424
f 3424/3805/3384 3468/3858/3428 3469/3859/3429 3427/3808/3387
f 3468/3858/3428 3467/3857/3427 3466/3856/3426 3469/3859/3429
f 2050/2281/2029 2049/2280/2028 3469/3859/3429 3466/3856/3426
f 2049/2280/2028 2048/2279/2027 3427/3808/3387 3469/3859/3429
f 3424/3805/3384 3423/3804/3383 3470/3860/3430 3468/3858/3428
f 3423/3804/3383 2589/2872/2559 3471/3861/3431 3470/3860/3430
f 3472/3862/3432 3473/3863/3433 3470/3860/3430 3471/3861/3431
f 3473/3863/3433 3467/3857/3427 3468/3858/3428 3470/3860/3430
f 3439/3823/3399 3465/3855/3425 3474/3864/3434 3442/3826/3402
f 3465/3855/3425 3467/3857/3427 3473/3863/3433 3474/3864/3434
f 3472/3862/3432 3475/3865/3435 3474/3864/3434 3473/3863/3433
f 3475/3865/3435 1173/1302/1156 3442/3826/3402 3474/3864/3434
f 3476/3866/3436 3477/3867/3437 3478/3868/3438 3479/3869/3439
f 3477/3867/3437 3452/3839/3412 3451/3838/3411 3478/3868/3438
f 834/920/820 1177/1306/1160 3478/3868/3438 3451/3838/3411
f 1177/1306/1160 1175/1304/1158 3479/3869/3439 3478/3868/3438
f 3480/3870/3440 3481/3871/3441 3482/3872/3442 3483/3873/3443
f 3481/3871/3441 3476/3866/3436 3479/3869/3439 3482/3872/3442
f 1175/1304/1158 1174/1303/1157 3482/3872/3442 3479/3869/3439
f 1174/1303/1157 1173/1302/1156 3483/3873/3443 3482/3872/3442
f 3476/3866/3436 3481/3871/3441 3484/3874/3444 3485/3875/3445
f 3481/3871/3441 3480/3870/3440 3486/3876/3446 3484/3874/3444
f 3487/3877/3447 3488/3878/3448 3484/3874/3444 3486/3876/3446
f 3488/3878/3448 3489/3879/3449 3485/3875/3445 3484/3874/3444
f 3452/3839/3412 3477/3867/3437 3490/3880/3450 3457/3844/3417
f 3477/3867/3437 3476/3866/3436 3485/3875/3445 3490/3880/3450
f 3489/3879/3449 3491/3881/3451 3490/3880/3450 3485/3875/3445
f 3491/3881/3451 138/144/129 3457/3844/3417 3490/3880/3450
f 3416/3796/3376 3415/3795/3375 3492/3882/3452 3493/3883/3453
f 3415/3795/3375 79/75/70 3494/3884/3454 3492/3882/3452
f 3495/3885/3455 3496/3886/3456 3492/3882/3452 3494/3884/3454
f 3496/3886/3456 3497/3887/3457 3493/3883/3453 3492/3882/3452
f 3497/3887/3457 3496/3886/3456 3498/3888/3458 3499/3889/3459
f 3496/3886/3456 3495/3885/3455 3500/3890/3460 3498/3888/3458
f 3501/3891/3461 3502/3892/3462 3498/3888/3458 3500/3890/3460
f 3502/3892/3462 3503/3893/3463 3499/3889/3459 3498/3888/3458
f 3503/3893/3463 3504/3894/3464 3505/3895/3465 3499/3889/3459
f 3504/3894/3464 2589/2872/2559 2936/3266/2906 3505/3895/3465
f 2934/3264/2904 3506/3896/3466 3505/3895/3465 2936/3266/2906
f 3506/3896/3466 3497/3887/3457 3499/3889/3459 3505/3895/3465
f 3497/3887/3457 3506/3896/3466 3507/3897/3467 3493/3883/3453
f 3506/3896/3466 2934/3264/2904 2933/3263/2903 3507/3897/3467
f 2932/3262/2902 3418/3799/3378 3507/3897/3467 2933/3263/2903
f 3418/3799/3378 3416/3796/3376 3493/3883/3453 3507/3897/3467
f 3508/3898/3468 3509/3899/3469 3510/3900/3470 3511/3901/3471
f 3509/3899/3469 140/146/131 139/145/130 3510/3900/3470
f 138/144/129 3491/3881/3451 3510/3900/3470 139/145/130
f 3491/3881/3451 3489/3879/3449 3511/3901/3471 3510/3900/3470
f 3512/3902/3472 3513/3903/3473 3514/3904/3474 3515/3905/3475
f 3513/3903/3473 3508/3898/3468 3511/3901/3471 3514/3904/3474
f 3489/3879/3449 3488/3878/3448 3514/3904/3474 3511/3901/3471
f 3488/3878/3448 3487/3877/3447 3515/3905/3475 3514/3904/3474
f 3512/3902/3472 3516/3906/3476 3517/3907/3477 3513/3903/3473
f 3516/3906/3476 3501/3891/3461 3500/3890/3460 3517/3907/3477
f 3495/3885/3455 3518/3908/3478 3517/3907/3477 3500/3890/3460
f 3518/3908/3478 3508/3898/3468 3513/3903/3473 3517/3907/3477
f 3508/3898/3468 3518/3908/3478 3519/3909/3479 3509/3899/3469
f 3518/3908/3478 3495/3885/3455 3494/3884/3454 3519/3909/3479
f 79/75/70 143/149/134 3519/3909/3479 3494/3884/3454
f 143/149/134 140/146/131 3509/3899/3469 3519/3909/3479
f 3520/3910/3480 3521/3911/3481 3522/3912/3482 3523/3913/3483
f 3521/3911/3481 3512/3902/3472 3515/3905/3475 3522/3912/3482
f 3487/3877/3447 3486/3876/3446 3522/3912/3482 3515/3905/3475
f 3486/3876/3446 3480/3870/3440 3523/3913/3483 3522/3912/3482
f 3472/3862/3432 3524/3914/3484 3525/3915/3485 3475/3865/3435
f 3524/3914/3484 3520/3910/3480 3523/3913/3483 3525/3915/3485
f 3480/3870/3440 3483/3873/3443 3525/3915/3485 3523/3913/3483
f 3483/3873/3443 1173/1302/1156 3475/3865/3435 3525/3915/3485
f 3472/3862/3432 3471/3861/3431 3526/3916/3486 3524/3914/3484
f 3471/3861/3431 2589/2872/2559 3504/3894/3464 3526/3916/3486
f 3503/3893/3463 3527/3917/3487 3526/3916/3486 3504/3894/3464
f 3527/3917/3487 3520/3910/3480 3524/3914/3484 3526/3916/3486
f 3520/3910/3480 3527/3917/3487 3528/3918/3488 3521/3911/3481
f 3527/3917/3487 3503/3893/3463 3502/3892/3462 3528/3918/3488
f 3501/3891/3461 3516/3906/3476 3528/3918/3488 3502/3892/3462
f 3516/3906/3476 3512/3902/3472 3521/3911/3481 3528/3918/3488
f 158/164/149 157/163/148 3529/3919/3489 3530/3920/3490
f 157/163/148 87/86/78 3531/3921/3491 3529/3919/3489
f 3532/3922/3492 3533/3923/3493 3529/3919/3489 3531/3921/3491
f 3533/3923/3493 3532/3922/3492 3536/3924/3494 3534/3925/3495
f 3537/3926/3496 3538/3927/3497 3534/3925/3495 3536/3924/3494
f 3538/3927/3497 3539/3928/3498 3535/3929/3499 3534/3925/3495
f 3535/3929/3499 3539/3928/3498 3541/3930/3500 3540/3931/3501
f 3542/3932/3502 3543/3933/3503 3540/3931/3501 3541/3930/3500
f 163/169/154 162/168/153 3545/3934/3504 3546/3935/3505
f 162/168/153 158/164/149 3530/3920/3490 3545/3934/3504
f 3460/3848/3420 3459/3847/3419 3547/3936/3506 3548/3937/3507
f 3459/3847/3419 163/169/154 3546/3935/3505 3547/3936/3506
f 3544/3938/3508 3549/3939/3509 3547/3936/3506 3546/3935/3505
f 3549/3939/3509 3550/3940/3510 3548/3937/3507 3547/3936/3506
f 3551/3941/3511 3552/3942/3512 3553/3943/3513 3554/3944/3514
f 3552/3942/3512 3550/3940/3510 3549/3939/3509 3553/3943/3513
f 3544/3938/3508 3543/3933/3503 3553/3943/3513 3549/3939/3509
f 3543/3933/3503 3542/3932/3502 3554/3944/3514 3553/3943/3513
f 3550/3940/3510 3552/3942/3512 3555/3945/3515 3556/3946/3516
f 3552/3942/3512 3551/3941/3511 3557/3947/3517 3555/3945/3515
f 3558/3948/3518 3559/3949/3519 3555/3945/3515 3557/3947/3517
f 3559/3949/3519 3560/3950/3520 3556/3946/3516 3555/3945/3515
f 3460/3848/3420 3548/3937/3507 3561/3951/3521 3463/3853/3423
f 3548/3937/3507 3550/3940/3510 3556/3946/3516 3561/3951/3521
f 3560/3950/3520 3562/3952/3522 3561/3951/3521 3556/3946/3516
f 3562/3952/3522 842/931/828 3463/3853/3423 3561/3951/3521
f 1188/1317/1171 1187/1316/1170 3563/3953/3523 3564/3954/3524
f 1187/1316/1170 842/931/828 3562/3952/3522 3563/3953/3523
f 3560/3950/3520 3565/3955/3525 3563/3953/3523 3562/3952/3522
f 3565/3955/3525 3566/3956/3526 3564/3954/3524 3563/3953/3523
f 3567/3957/3527 3568/3958/3528 3569/3959/3529 3570/3960/3530
f 3568/3958/3528 3566/3956/3526 3565/3955/3525 3569/3959/3529
f 3560/3950/3520 3559/3949/3519 3569/3959/3529 3565/3955/3525
f 3559/3949/3519 3558/3948/3518 3570/3960/3530 3569/3959/3529
f 3567/3957/3527 3571/3961/3531 3572/3962/3532 3568/3958/3528
f 3571/3961/3531 1715/1903/1694 3448/3835/3408 3572/3962/3532
f 3445/3830/3405 3573/3963/3533 3572/3962/3532 3448/3835/3408
f 3573/3963/3533 3566/3956/3526 3568/3958/3528 3572/3962/3532
f 3566/3956/3526 3573/3963/3533 3574/3964/3534 3564/3954/3524
f 3573/3963/3533 3445/3830/3405 3444/3829/3404 3574/3964/3534
f 1192/1321/1175 1191/1320/1174 3574/3964/3534 3444/3829/3404
f 1191/1320/1174 1188/1317/1171 3564/3954/3524 3574/3964/3534
f 2064/2295/2043 2063/2294/2042 3575/3965/3535 3576/3966/3536
f 2063/2294/2042 1715/1903/1694 3571/3961/3531 3575/3965/3535
f 3567/3957/3527 3577/3967/3537 3575/3965/3535 3571/3961/3531
f 3577/3967/3537 3578/3968/3538 3576/3966/3536 3575/3965/3535
f 3578/3968/3538 3577/3967/3537 3579/3969/3539 3580/3970/3540
f 3577/3967/3537 3567/3957/3527 3570/3960/3530 3579/3969/3539
f 3558/3948/3518 3581/3971/3541 3579/3969/3539 3570/3960/3530
f 3581/3971/3541 3582/3972/3542 3580/3970/3540 3579/3969/3539
f 3582/3972/3542 3583/3973/3543 3584/3974/3544 3580/3970/3540
f 3583/3973/3543 3585/3975/3545 3586/3976/3546 3584/3974/3544
f 3587/3977/3547 3588/3978/3548 3584/3974/3544 3586/3976/3546
f 3588/3978/3548 3578/3968/3538 3580/3970/3540 3584/3974/3544
f 3578/3968/3538 3588/3978/3548 3589/3979/3549 3576/3966/3536
f 3588/3978/3548 3587/3977/3547 3590/3980/3550 3589/3979/3549
f 2068/2299/2047 2067/2298/2046 3589/3979/3549 3590/3980/3550
f 2067/2298/2046 2064/2295/2043 3576/3966/3536 3589/3979/3549
f 3431/3814/3391 3430/3813/3390 3591/3981/3551 3592/3982/3552
f 3430/3813/3390 2068/2299/2047 3590/3980/3550 3591/3981/3551
f 3587/3977/3547 3593/3983/3553 3591/3981/3551 3590/3980/3550
f 3593/3983/3553 3594/3984/3554 3592/3982/3552 3591/3981/3551
f 3595/3985/3555 3596/3986/3556 3597/3987/3557 3598/3988/3558
f 3596/3986/3556 3594/3984/3554 3593/3983/3553 3597/3987/3557
f 3587/3977/3547 3586/3976/3546 3597/3987/3557 3593/3983/3553
f 3586/3976/3546 3585/3975/3545 3598/3988/3558 3597/3987/3557
f 3594/3984/3554 3596/3986/3556 3599/3989/3559 3600/3990/3560
f 3596/3986/3556 3595/3985/3555 3601/3991/3561 3599/3989/3559
f 2952/3282/2922 2951/3281/2921 3599/3989/3559 3601/3991/3561
f 2951/3281/2921 2948/3278/2918 3600/3990/3560 3599/3989/3559
f 3594/3984/3554 3600/3990/3560 3602/3992/3562 3592/3982/3552
f 3600/3990/3560 2948/3278/2918 2947/3277/2917 3602/3992/3562
f 2597/2883/2567 3433/3817/3393 3602/3992/3562 2947/3277/2917
f 3433/3817/3393 3431/3814/3391 3592/3982/3552 3602/3992/3562
f 3407/3782/3367 3406/3781/3366 3603/3993/3563 3604/3994/3564
f 3406/3781/3366 2952/3282/2922 3601/3991/3561 3603/3993/3563
f 3595/3985/3555 3605/3995/3565 3603/3993/3563 3601/3991/3561
f 3605/3995/3565 3606/3996/3566 3604/3994/3564 3603/3993/3563
f 3606/3996/3566 3605/3995/3565 3607/3997/3567 3608/3998/3568
f 3605/3995/3565 3595/3985/3555 3598/3988/3558 3607/3997/3567
f 3585/3975/3545 3609/3999/3569 3607/3997/3567 3598/3988/3558
f 3609/3999/3569 3610/4000/3570 3608/3998/3568 3607/3997/3567
f 3610/4001/3570 3611/4002/3571 3612/4003/3572 3608/4004/3568
f 3611/4002/3571 3537/3926/3496 3536/3924/3494 3612/4003/3572
f 3532/3922/3492 3613/4005/3573 3612/4003/3572 3536/3924/3494
f 3613/4005/3573 3606/4006/3566 3608/4004/3568 3612/4003/3572
f 3407/3789/3367 3604/4007/3564 3614/4008/3574 3412/3790/3372
f 3604/4007/3564 3606/4006/3566 3613/4005/3573 3614/4008/3574
f 3532/3922/3492 3531/3921/3491 3614/4008/3574 3613/4005/3573
f 3531/3921/3491 87/86/78 3412/3790/3372 3614/4008/3574
f 3539/3928/3498 3538/3927/3497 3615/4009/3575 3616/4010/3576
f 3538/3927/3497 3537/3926/3496 3617/4011/3577 3615/4009/3575
f 3618/4012/3578 3619/4013/3579 3615/4009/3575 3617/4011/3577
f 3619/4013/3579 3620/4014/3580 3616/4010/3576 3615/4009/3575
f 3620/4014/3580 3619/4013/3579 3621/4015/3581 3622/4016/3582
f 3619/4013/3579 3618/4012/3578 3623/4017/3583 3621/4015/3581
f 3624/4018/3584 3625/4019/3585 3621/4015/3581 3623/4017/3583
f 3625/4019/3585 3626/4020/3586 3622/4016/3582 3621/4015/3581
f 3620/4014/3580 3622/4016/3582 3627/4021/3587 3628/4022/3588
f 3622/4016/3582 3626/4020/3586 3629/4023/3589 3627/4021/3587
f 3630/4024/3590 3631/4025/3591 3627/4021/3587 3629/4023/3589
f 3631/4025/3591 3632/4026/3592 3628/4022/3588 3627/4021/3587
f 3539/3928/3498 3616/4010/3576 3633/4027/3593 3541/3930/3500
f 3616/4010/3576 3620/4014/3580 3628/4022/3588 3633/4027/3593
f 3632/4026/3592 3634/4028/3594 3633/4027/3593 3628/4022/3588
f 3634/4028/3594 3542/3932/3502 3541/3930/3500 3633/4027/3593
f 3635/4029/3595 3636/4030/3596 3637/4031/3597 3638/4032/3598
f 3636/4030/3596 3551/3941/3511 3554/3944/3514 3637/4031/3597
f 3542/3932/3502 3634/4028/3594 3637/4031/3597 3554/3944/3514
f 3634/4028/3594 3632/4026/3592 3638/4032/3598 3637/4031/3597
f 3639/4033/3599 3640/4034/3600 3641/4035/3601 3642/4036/3602
f 3640/4034/3600 3635/4029/3595 3638/4032/3598 3641/4035/3601
f 3632/4026/3592 3631/4025/3591 3641/4035/3601 3638/4032/3598
f 3631/4025/3591 3630/4024/3590 3642/4036/3602 3641/4035/3601
f 3635/4029/3595 3640/4034/3600 3643/4037/3603 3644/4038/3604
f 3640/4034/3600 3639/4033/3599 3645/4039/3605 3643/4037/3603
f 3646/4040/3606 3647/4041/3607 3643/4037/3603 3645/4039/3605
f 3647/4041/3607 3648/4042/3608 3644/4038/3604 3643/4037/3603
f 3551/3941/3511 3636/4030/3596 3649/4043/3609 3557/3947/3517
f 3636/4030/3596 3635/4029/3595 3644/4038/3604 3649/4043/3609
f 3648/4042/3608 3650/4044/3610 3649/4043/3609 3644/4038/3604
f 3650/4044/3610 3558/3948/3518 3557/3947/3517 3649/4043/3609
f 3651/4045/3611 3652/4046/3612 3653/4047/3613 3654/4048/3614
f 3652/4046/3612 3582/3972/3542 3581/3971/3541 3653/4047/3613
f 3558/3948/3518 3650/4044/3610 3653/4047/3613 3581/3971/3541
f 3650/4044/3610 3648/4042/3608 3654/4048/3614 3653/4047/3613
f 3655/4049/3615 3656/4050/3616 3657/4051/3617 3658/4052/3618
f 3656/4050/3616 3651/4045/3611 3654/4048/3614 3657/4051/3617
f 3648/4042/3608 3647/4041/3607 3657/4051/3617 3654/4048/3614
f 3647/4041/3607 3646/4040/3606 3658/4052/3618 3657/4051/3617
f 3655/4049/3615 3659/4053/3619 3660/4054/3620 3656/4050/3616
f 3659/4053/3619 3661/4055/3621 3662/4056/3622 3660/4054/3620
f 3663/4057/3623 3664/4058/3624 3660/4054/3620 3662/4056/3622
f 3664/4058/3624 3651/4045/3611 3656/4050/3616 3660/4054/3620
f 3582/3972/3542 3652/4046/3612 3665/4059/3625 3583/3973/3543
f 3652/4046/3612 3651/4045/3611 3664/4058/3624 3665/4059/3625
f 3663/4057/3623 3666/4060/3626 3665/4059/3625 3664/4058/3624
f 3666/4060/3626 3585/3975/3545 3583/3973/3543 3665/4059/3625
f 3610/4000/3570 3609/3999/3569 3667/4061/3627 3668/4062/3628
f 3609/3999/3569 3585/3975/3545 3666/4060/3626 3667/4061/3627
f 3663/4057/3623 3669/4063/3629 3667/4061/3627 3666/4060/3626
f 3669/4063/3629 3670/4064/3630 3668/4062/3628 3667/4061/3627
f 3670/4064/3630 3669/4063/3629 3671/4065/3631 3672/4066/3632
f 3669/4063/3629 3663/4057/3623 3662/4056/3622 3671/4065/3631
f 3661/4055/3621 3673/4067/3633 3671/4065/3631 3662/4056/3622
f 3673/4067/3633 3674/4068/3634 3672/4066/3632 3671/4065/3631
f 3674/4069/3634 3675/4070/3635 3676/4071/3636 3672/4072/3632
f 3675/4070/3635 3624/4018/3584 3623/4017/3583 3676/4071/3636
f 3618/4012/3578 3677/4073/3637 3676/4071/3636 3623/4017/3583
f 3677/4073/3637 3670/4074/3630 3672/4072/3632 3676/4071/3636
f 3670/4074/3630 3677/4073/3637 3678/4075/3638 3668/4076/3628
f 3677/4073/3637 3618/4012/3578 3617/4011/3577 3678/4075/3638
f 3537/3926/3496 3611/4002/3571 3678/4075/3638 3617/4011/3577
f 3611/4002/3571 3610/4001/3570 3668/4076/3628 3678/4075/3638
f 3681/4077/3639 3682/4078/3640 3683/4079/3641 3684/4080/3642
f 3682/4078/3640 3626/4020/3586 3625/4019/3585 3683/4079/3641
f 3624/4018/3584 3685/4081/3643 3683/4079/3641 3625/4019/3585
f 3685/4081/3643 3686/4082/3644 3684/4080/3642 3683/4079/3641
f 3/4083/3645 3687/4084/3646 3688/4085/3647 5/4086/3648
f 3687/4084/3646 3681/4077/3639 3684/4080/3642 3688/4085/3647
f 3686/4082/3644 3689/4087/3649 3688/4085/3647 3684/4080/3642
f 3689/4087/3649 6/4088/3650 5/4086/3648 3688/4085/3647
f 3681/4077/3639 3687/4084/3646 3690/4089/3651 3691/4090/3652
f 3687/4084/3646 3/4083/3645 4/4091/3653 3690/4089/3651
f 3692/4092/3654 3693/4093/3655 3691/4090/3652 3690/4089/3651
f 3681/4077/3639 3691/4090/3652 3694/4094/3656 3682/4078/3640
f 3691/4090/3652 3693/4093/3655 3695/4095/3657 3694/4094/3656
f 3630/4024/3590 3629/4023/3589 3694/4094/3656 3695/4095/3657
f 3629/4023/3589 3626/4020/3586 3682/4078/3640 3694/4094/3656
f 3639/4033/3599 3642/4036/3602 3696/4096/3658 3697/4097/3659
f 3642/4036/3602 3630/4024/3590 3695/4095/3657 3696/4096/3658
f 3693/4093/3655 3698/4098/3660 3696/4096/3658 3695/4095/3657
f 3698/4098/3660 3699/4099/3661 3697/4097/3659 3696/4096/3658
f 3699/4099/3661 3698/4098/3660 3700/4100/3662 3701/4101/3663
f 3698/4098/3660 3693/4093/3655 3692/4092/3654 3700/4100/3662
f 3704/4102/3664 3705/4103/3665 3702/4104/3666 3703/4105/3667
f 3705/4103/3665 3699/4099/3661 3701/4101/3663 3702/4104/3666
f 3699/4099/3661 3705/4103/3665 3706/4106/3668 3697/4097/3659
f 3705/4103/3665 3704/4102/3664 3707/4107/3669 3706/4106/3668
f 3646/4040/3606 3645/4039/3605 3706/4106/3668 3707/4107/3669
f 3645/4039/3605 3639/4033/3599 3697/4097/3659 3706/4106/3668
f 3655/4049/3615 3658/4052/3618 3708/4108/3670 3709/4109/3671
f 3658/4052/3618 3646/4040/3606 3707/4107/3669 3708/4108/3670
f 3704/4102/3664 3710/4110/3672 3708/4108/3670 3707/4107/3669
f 3710/4110/3672 3711/4111/3673 3709/4109/3671 3708/4108/3670
f 3711/4111/3673 3710/4110/3672 3712/4112/3674 3713/4113/3675
f 3710/4110/3672 3704/4102/3664 3703/4105/3667 3712/4112/3674
f 3716/4114/3676 3717/4115/3677 3714/4116/3678 3715/4117/3679
f 3717/4115/3677 3711/4111/3673 3713/4113/3675 3714/4116/3678
f 3711/4111/3673 3717/4115/3677 3718/4118/3680 3709/4109/3671
f 3717/4115/3677 3716/4114/3676 3719/4119/3681 3718/4118/3680
f 3661/4055/3621 3659/4053/3619 3718/4118/3680 3719/4119/3681
f 3659/4053/3619 3655/4049/3615 3709/4109/3671 3718/4118/3680
f 3720/4120/3682 3721/4121/3683 3722/4122/3684 3723/4123/3685
f 3721/4121/3683 3674/4068/3634 3673/4067/3633 3722/4122/3684
f 3661/4055/3621 3719/4119/3681 3722/4122/3684 3673/4067/3633
f 3719/4119/3681 3716/4114/3676 3723/4123/3685 3722/4122/3684
f 7/4124/3686 3724/4125/3687 3725/4126/3688 9/4127/3689
f 3724/4125/3687 3720/4120/3682 3723/4123/3685 3725/4126/3688
f 3716/4114/3676 3715/4117/3679 3725/4126/3688 3723/4123/3685
f 3720/4128/3682 3724/4129/3687 3726/4130/3690 3727/4131/3691
f 3724/4129/3687 7/4132/3686 8/4133/3692 3726/4130/3690
f 6/4088/3650 3689/4087/3649 3726/4130/3690 8/4133/3692
f 3689/4087/3649 3686/4082/3644 3727/4131/3691 3726/4130/3690
f 3674/4069/3634 3721/4134/3683 3728/4135/3693 3675/4070/3635
f 3721/4134/3683 3720/4128/3682 3727/4131/3691 3728/4135/3693
f 3686/4082/3644 3685/4081/3643 3728/4135/3693 3727/4131/3691
f 3685/4081/3643 3624/4018/3584 3675/4070/3635 3728/4135/3693
l 1382 1383
l 3197 3198
l 539 540
l 543 544
l 1429 1432
l 2287 2288
l 2317 2318
l 3138 3140
l 3138 3182
l 978 979
l 1385 1393
l 1394 1395
l 2258 2259
l 2262 2272
l 2340 2342
l 3182 3183
l 528 569
l 979 983
l 2283 2284
l 2544 3092
l 3139 3141
l 3142 3153
l 2338 2339
l 3135 3136
l 3135 3139
l 3150 3198
l 569 570
l 1380 1382
l 2271 2272
l 2284 2285
l 501 502
l 2259 2300
l 2272 2317
l 557 558
